source_provider_id,provider_id,source_category,category,source_district,mapped_district,mapping_algorithm,mapping_version
P010001,P00001,Masons,Masons,Gampaha,Batticaloa,category-sorted-bijection-v1,provider-map-v1
P010002,P00002,Masons,Masons,Nuwara Eliya,Jaffna,category-sorted-bijection-v1,provider-map-v1
P010003,P00003,Masons,Masons,Jaffna,Anuradhapura,category-sorted-bijection-v1,provider-map-v1
P010004,P00004,Masons,Masons,Kalutara,Kandy,category-sorted-bijection-v1,provider-map-v1
P010005,P00005,Masons,Masons,Badulla,Kandy,category-sorted-bijection-v1,provider-map-v1
P010006,P00006,Masons,Masons,Matale,Galle,category-sorted-bijection-v1,provider-map-v1
P010007,P00007,Masons,Masons,Batticaloa,Jaffna,category-sorted-bijection-v1,provider-map-v1
P010008,P00008,Masons,Masons,Kandy,Galle,category-sorted-bijection-v1,provider-map-v1
P010009,P00009,Masons,Masons,Kurunegala,Galle,category-sorted-bijection-v1,provider-map-v1
P010010,P00010,Masons,Masons,Batticaloa,Kurunegala,category-sorted-bijection-v1,provider-map-v1
P010011,P00011,Masons,Masons,Kurunegala,Kalutara,category-sorted-bijection-v1,provider-map-v1
P010012,P00012,Masons,Masons,Badulla,Kurunegala,category-sorted-bijection-v1,provider-map-v1
P010013,P00013,Masons,Masons,Matale,Gampaha,category-sorted-bijection-v1,provider-map-v1
P010014,P00014,Masons,Masons,Anuradhapura,Colombo,category-sorted-bijection-v1,provider-map-v1
P010015,P00015,Masons,Masons,Galle,Kurunegala,category-sorted-bijection-v1,provider-map-v1
P010016,P00016,Masons,Masons,Kandy,Kandy,category-sorted-bijection-v1,provider-map-v1
P010017,P00017,Masons,Masons,Badulla,Matara,category-sorted-bijection-v1,provider-map-v1
P010018,P00018,Masons,Masons,Kandy,Galle,category-sorted-bijection-v1,provider-map-v1
P010019,P00019,Masons,Masons,Anuradhapura,Anuradhapura,category-sorted-bijection-v1,provider-map-v1
P010020,P00020,Masons,Masons,Batticaloa,Matara,category-sorted-bijection-v1,provider-map-v1
P010021,P00021,Masons,Masons,Batticaloa,Batticaloa,category-sorted-bijection-v1,provider-map-v1
P010022,P00022,Masons,Masons,Galle,Kurunegala,category-sorted-bijection-v1,provider-map-v1
P010023,P00023,Masons,Masons,Nuwara Eliya,Galle,category-sorted-bijection-v1,provider-map-v1
P010024,P00024,Masons,Masons,Kurunegala,Jaffna,category-sorted-bijection-v1,provider-map-v1
P010025,P00025,Masons,Masons,Kalutara,Gampaha,category-sorted-bijection-v1,provider-map-v1
P010026,P00026,Masons,Masons,Matara,Anuradhapura,category-sorted-bijection-v1,provider-map-v1
P010027,P00027,Masons,Masons,Gampaha,Kurunegala,category-sorted-bijection-v1,provider-map-v1
P010028,P00028,Masons,Masons,Nuwara Eliya,Anuradhapura,category-sorted-bijection-v1,provider-map-v1
P010029,P00029,Masons,Masons,Colombo,Batticaloa,category-sorted-bijection-v1,provider-map-v1
P010030,P00030,Masons,Masons,Kalutara,Kalutara,category-sorted-bijection-v1,provider-map-v1
P010031,P00031,Masons,Masons,Jaffna,Kandy,category-sorted-bijection-v1,provider-map-v1
P010032,P00032,Masons,Masons,Galle,Jaffna,category-sorted-bijection-v1,provider-map-v1
P010033,P00033,Masons,Masons,Kurunegala,Kurunegala,category-sorted-bijection-v1,provider-map-v1
P010034,P00034,Masons,Masons,Jaffna,Colombo,category-sorted-bijection-v1,provider-map-v1
P010035,P00035,Masons,Masons,Kalutara,Jaffna,category-sorted-bijection-v1,provider-map-v1
P010036,P00036,Masons,Masons,Galle,Gampaha,category-sorted-bijection-v1,provider-map-v1
P010037,P00037,Masons,Masons,Kalutara,Gampaha,category-sorted-bijection-v1,provider-map-v1
P010038,P00038,Masons,Masons,Matale,Colombo,category-sorted-bijection-v1,provider-map-v1
P010039,P00039,Masons,Masons,Ratnapura,Kalutara,category-sorted-bijection-v1,provider-map-v1
P010040,P00040,Masons,Masons,Kurunegala,Anuradhapura,category-sorted-bijection-v1,provider-map-v1
P010041,P00041,Masons,Masons,Jaffna,Kandy,category-sorted-bijection-v1,provider-map-v1
P010042,P00042,Masons,Masons,Badulla,Kandy,category-sorted-bijection-v1,provider-map-v1
P010043,P00043,Masons,Masons,Kalutara,Batticaloa,category-sorted-bijection-v1,provider-map-v1
P010044,P00044,Masons,Masons,Jaffna,Jaffna,category-sorted-bijection-v1,provider-map-v1
P010045,P00045,Masons,Masons,Badulla,Matara,category-sorted-bijection-v1,provider-map-v1
P010046,P00046,Masons,Masons,Badulla,Kurunegala,category-sorted-bijection-v1,provider-map-v1
P010047,P00047,Masons,Masons,Kalutara,Matara,category-sorted-bijection-v1,provider-map-v1
P010048,P00048,Masons,Masons,Badulla,Colombo,category-sorted-bijection-v1,provider-map-v1
P010049,P00049,Masons,Masons,Ratnapura,Matara,category-sorted-bijection-v1,provider-map-v1
P010050,P00050,Masons,Masons,Galle,Batticaloa,category-sorted-bijection-v1,provider-map-v1
P010051,P00051,Masons,Masons,Ratnapura,Jaffna,category-sorted-bijection-v1,provider-map-v1
P010052,P00052,Masons,Masons,Galle,Batticaloa,category-sorted-bijection-v1,provider-map-v1
P010053,P00053,Masons,Masons,Galle,Galle,category-sorted-bijection-v1,provider-map-v1
P010054,P00054,Masons,Masons,Colombo,Kalutara,category-sorted-bijection-v1,provider-map-v1
P010055,P00055,Masons,Masons,Matara,Galle,category-sorted-bijection-v1,provider-map-v1
P010056,P00056,Masons,Masons,Gampaha,Kalutara,category-sorted-bijection-v1,provider-map-v1
P010057,P00057,Masons,Masons,Galle,Batticaloa,category-sorted-bijection-v1,provider-map-v1
P010058,P00058,Masons,Masons,Badulla,Galle,category-sorted-bijection-v1,provider-map-v1
P010059,P00059,Masons,Masons,Matara,Jaffna,category-sorted-bijection-v1,provider-map-v1
P010060,P00060,Masons,Masons,Badulla,Gampaha,category-sorted-bijection-v1,provider-map-v1
P010061,P00061,Masons,Masons,Kandy,Colombo,category-sorted-bijection-v1,provider-map-v1
P010062,P00062,Masons,Masons,Badulla,Matara,category-sorted-bijection-v1,provider-map-v1
P010063,P00063,Masons,Masons,Nuwara Eliya,Galle,category-sorted-bijection-v1,provider-map-v1
P010064,P00064,Masons,Masons,Kalutara,Colombo,category-sorted-bijection-v1,provider-map-v1
P010065,P00065,Masons,Masons,Kurunegala,Kalutara,category-sorted-bijection-v1,provider-map-v1
P010066,P00066,Masons,Masons,Matara,Galle,category-sorted-bijection-v1,provider-map-v1
P010067,P00067,Masons,Masons,Jaffna,Galle,category-sorted-bijection-v1,provider-map-v1
P010068,P00068,Masons,Masons,Kalutara,Anuradhapura,category-sorted-bijection-v1,provider-map-v1
P010069,P00069,Masons,Masons,Matale,Colombo,category-sorted-bijection-v1,provider-map-v1
P010070,P00070,Masons,Masons,Nuwara Eliya,Kalutara,category-sorted-bijection-v1,provider-map-v1
P010071,P00071,Masons,Masons,Kurunegala,Galle,category-sorted-bijection-v1,provider-map-v1
P010072,P00072,Masons,Masons,Ratnapura,Galle,category-sorted-bijection-v1,provider-map-v1
P010073,P00073,Masons,Masons,Matara,Galle,category-sorted-bijection-v1,provider-map-v1
P010074,P00074,Masons,Masons,Galle,Kurunegala,category-sorted-bijection-v1,provider-map-v1
P010075,P00075,Masons,Masons,Colombo,Matara,category-sorted-bijection-v1,provider-map-v1
P010076,P00076,Masons,Masons,Ratnapura,Colombo,category-sorted-bijection-v1,provider-map-v1
P010077,P00077,Masons,Masons,Gampaha,Jaffna,category-sorted-bijection-v1,provider-map-v1
P010078,P00078,Masons,Masons,Gampaha,Galle,category-sorted-bijection-v1,provider-map-v1
P010079,P00079,Masons,Masons,Batticaloa,Kurunegala,category-sorted-bijection-v1,provider-map-v1
P010080,P00080,Masons,Masons,Matara,Gampaha,category-sorted-bijection-v1,provider-map-v1
P010081,P00081,Masons,Masons,Nuwara Eliya,Jaffna,category-sorted-bijection-v1,provider-map-v1
P010082,P00082,Masons,Masons,Batticaloa,Galle,category-sorted-bijection-v1,provider-map-v1
P010083,P00083,Masons,Masons,Colombo,Gampaha,category-sorted-bijection-v1,provider-map-v1
P010084,P00084,Masons,Masons,Nuwara Eliya,Anuradhapura,category-sorted-bijection-v1,provider-map-v1
P010085,P00085,Masons,Masons,Nuwara Eliya,Galle,category-sorted-bijection-v1,provider-map-v1
P010086,P00086,Masons,Masons,Matale,Anuradhapura,category-sorted-bijection-v1,provider-map-v1
P010087,P00087,Masons,Masons,Kurunegala,Kandy,category-sorted-bijection-v1,provider-map-v1
P010088,P00088,Masons,Masons,Ratnapura,Gampaha,category-sorted-bijection-v1,provider-map-v1
P010089,P00089,Masons,Masons,Colombo,Gampaha,category-sorted-bijection-v1,provider-map-v1
P010090,P00090,Masons,Masons,Colombo,Gampaha,category-sorted-bijection-v1,provider-map-v1
P010091,P00091,Masons,Masons,Matale,Batticaloa,category-sorted-bijection-v1,provider-map-v1
P010092,P00092,Masons,Masons,Badulla,Anuradhapura,category-sorted-bijection-v1,provider-map-v1
P010093,P00093,Masons,Masons,Nuwara Eliya,Anuradhapura,category-sorted-bijection-v1,provider-map-v1
P010094,P00094,Masons,Masons,Anuradhapura,Kalutara,category-sorted-bijection-v1,provider-map-v1
P010095,P00095,Masons,Masons,Nuwara Eliya,Gampaha,category-sorted-bijection-v1,provider-map-v1
P010096,P00096,Masons,Masons,Kurunegala,Kurunegala,category-sorted-bijection-v1,provider-map-v1
P010097,P00097,Masons,Masons,Colombo,Kandy,category-sorted-bijection-v1,provider-map-v1
P010098,P00098,Masons,Masons,Matara,Colombo,category-sorted-bijection-v1,provider-map-v1
P010099,P00099,Masons,Masons,Kalutara,Gampaha,category-sorted-bijection-v1,provider-map-v1
P010100,P00100,Masons,Masons,Kalutara,Anuradhapura,category-sorted-bijection-v1,provider-map-v1
P010101,P00101,Masons,Masons,Jaffna,Kandy,category-sorted-bijection-v1,provider-map-v1
P010102,P00102,Masons,Masons,Colombo,Gampaha,category-sorted-bijection-v1,provider-map-v1
P010103,P00103,Masons,Masons,Kalutara,Kalutara,category-sorted-bijection-v1,provider-map-v1
P010104,P00104,Masons,Masons,Anuradhapura,Anuradhapura,category-sorted-bijection-v1,provider-map-v1
P010105,P00105,Masons,Masons,Nuwara Eliya,Matara,category-sorted-bijection-v1,provider-map-v1
P010106,P00106,Masons,Masons,Batticaloa,Anuradhapura,category-sorted-bijection-v1,provider-map-v1
P010107,P00107,Masons,Masons,Kalutara,Anuradhapura,category-sorted-bijection-v1,provider-map-v1
P010108,P00108,Masons,Masons,Kurunegala,Batticaloa,category-sorted-bijection-v1,provider-map-v1
P010109,P00109,Masons,Masons,Nuwara Eliya,Anuradhapura,category-sorted-bijection-v1,provider-map-v1
P010110,P00110,Masons,Masons,Badulla,Kalutara,category-sorted-bijection-v1,provider-map-v1
P010111,P00111,Masons,Masons,Anuradhapura,Kurunegala,category-sorted-bijection-v1,provider-map-v1
P010112,P00112,Masons,Masons,Kandy,Gampaha,category-sorted-bijection-v1,provider-map-v1
P010113,P00113,Masons,Masons,Matara,Kandy,category-sorted-bijection-v1,provider-map-v1
P010114,P00114,Masons,Masons,Jaffna,Matara,category-sorted-bijection-v1,provider-map-v1
P010115,P00115,Masons,Masons,Gampaha,Anuradhapura,category-sorted-bijection-v1,provider-map-v1
P010116,P00116,Masons,Masons,Nuwara Eliya,Colombo,category-sorted-bijection-v1,provider-map-v1
P010117,P00117,Masons,Masons,Galle,Anuradhapura,category-sorted-bijection-v1,provider-map-v1
P010118,P00118,Masons,Masons,Anuradhapura,Kurunegala,category-sorted-bijection-v1,provider-map-v1
P010119,P00119,Masons,Masons,Galle,Colombo,category-sorted-bijection-v1,provider-map-v1
P010120,P00120,Masons,Masons,Gampaha,Kandy,category-sorted-bijection-v1,provider-map-v1
P010121,P00121,Masons,Masons,Jaffna,Batticaloa,category-sorted-bijection-v1,provider-map-v1
P010122,P00122,Masons,Masons,Kandy,Colombo,category-sorted-bijection-v1,provider-map-v1
P010123,P00123,Masons,Masons,Nuwara Eliya,Batticaloa,category-sorted-bijection-v1,provider-map-v1
P010124,P00124,Masons,Masons,Matara,Anuradhapura,category-sorted-bijection-v1,provider-map-v1
P010125,P00125,Masons,Masons,Batticaloa,Kurunegala,category-sorted-bijection-v1,provider-map-v1
P010126,P00126,Masons,Masons,Kurunegala,Anuradhapura,category-sorted-bijection-v1,provider-map-v1
P010127,P00127,Masons,Masons,Kalutara,Galle,category-sorted-bijection-v1,provider-map-v1
P010128,P00128,Masons,Masons,Batticaloa,Anuradhapura,category-sorted-bijection-v1,provider-map-v1
P010129,P00129,Masons,Masons,Kandy,Anuradhapura,category-sorted-bijection-v1,provider-map-v1
P010130,P00130,Masons,Masons,Kurunegala,Kalutara,category-sorted-bijection-v1,provider-map-v1
P010131,P00131,Masons,Masons,Kurunegala,Matara,category-sorted-bijection-v1,provider-map-v1
P010132,P00132,Masons,Masons,Badulla,Batticaloa,category-sorted-bijection-v1,provider-map-v1
P010133,P00133,Masons,Masons,Kurunegala,Anuradhapura,category-sorted-bijection-v1,provider-map-v1
P010134,P00134,Masons,Masons,Kurunegala,Colombo,category-sorted-bijection-v1,provider-map-v1
P010135,P00135,Masons,Masons,Matale,Galle,category-sorted-bijection-v1,provider-map-v1
P010136,P00136,Masons,Masons,Jaffna,Kurunegala,category-sorted-bijection-v1,provider-map-v1
P010137,P00137,Masons,Masons,Kalutara,Batticaloa,category-sorted-bijection-v1,provider-map-v1
P010138,P00138,Masons,Masons,Batticaloa,Matara,category-sorted-bijection-v1,provider-map-v1
P010139,P00139,Masons,Masons,Kurunegala,Kalutara,category-sorted-bijection-v1,provider-map-v1
P010140,P00140,Masons,Masons,Jaffna,Galle,category-sorted-bijection-v1,provider-map-v1
P010141,P00141,Masons,Masons,Gampaha,Anuradhapura,category-sorted-bijection-v1,provider-map-v1
P010142,P00142,Masons,Masons,Nuwara Eliya,Kandy,category-sorted-bijection-v1,provider-map-v1
P010143,P00143,Masons,Masons,Nuwara Eliya,Gampaha,category-sorted-bijection-v1,provider-map-v1
P010144,P00144,Masons,Masons,Jaffna,Jaffna,category-sorted-bijection-v1,provider-map-v1
P010145,P00145,Masons,Masons,Jaffna,Batticaloa,category-sorted-bijection-v1,provider-map-v1
P010146,P00146,Masons,Masons,Galle,Jaffna,category-sorted-bijection-v1,provider-map-v1
P010147,P00147,Masons,Masons,Kalutara,Colombo,category-sorted-bijection-v1,provider-map-v1
P010148,P00148,Masons,Masons,Gampaha,Batticaloa,category-sorted-bijection-v1,provider-map-v1
P010149,P00149,Masons,Masons,Kandy,Galle,category-sorted-bijection-v1,provider-map-v1
P010150,P00150,Masons,Masons,Badulla,Gampaha,category-sorted-bijection-v1,provider-map-v1
P010151,P00151,Masons,Masons,Batticaloa,Galle,category-sorted-bijection-v1,provider-map-v1
P010152,P00152,Masons,Masons,Kalutara,Gampaha,category-sorted-bijection-v1,provider-map-v1
P010153,P00153,Masons,Masons,Gampaha,Colombo,category-sorted-bijection-v1,provider-map-v1
P010154,P00154,Masons,Masons,Batticaloa,Galle,category-sorted-bijection-v1,provider-map-v1
P010155,P00155,Masons,Masons,Colombo,Jaffna,category-sorted-bijection-v1,provider-map-v1
P010156,P00156,Masons,Masons,Gampaha,Anuradhapura,category-sorted-bijection-v1,provider-map-v1
P010157,P00157,Masons,Masons,Batticaloa,Kalutara,category-sorted-bijection-v1,provider-map-v1
P010158,P00158,Masons,Masons,Jaffna,Galle,category-sorted-bijection-v1,provider-map-v1
P010159,P00159,Masons,Masons,Ratnapura,Jaffna,category-sorted-bijection-v1,provider-map-v1
P010160,P00160,Masons,Masons,Badulla,Matara,category-sorted-bijection-v1,provider-map-v1
P010161,P00161,Masons,Masons,Matara,Galle,category-sorted-bijection-v1,provider-map-v1
P010162,P00162,Masons,Masons,Colombo,Kurunegala,category-sorted-bijection-v1,provider-map-v1
P010163,P00163,Masons,Masons,Nuwara Eliya,Kurunegala,category-sorted-bijection-v1,provider-map-v1
P010164,P00164,Masons,Masons,Ratnapura,Kurunegala,category-sorted-bijection-v1,provider-map-v1
P010165,P00165,Masons,Masons,Anuradhapura,Galle,category-sorted-bijection-v1,provider-map-v1
P010166,P00166,Masons,Masons,Matara,Kalutara,category-sorted-bijection-v1,provider-map-v1
P010167,P00167,Masons,Masons,Galle,Anuradhapura,category-sorted-bijection-v1,provider-map-v1
P010168,P00168,Masons,Masons,Kurunegala,Jaffna,category-sorted-bijection-v1,provider-map-v1
P010169,P00169,Masons,Masons,Matara,Galle,category-sorted-bijection-v1,provider-map-v1
P010170,P00170,Masons,Masons,Nuwara Eliya,Batticaloa,category-sorted-bijection-v1,provider-map-v1
P010171,P00171,Masons,Masons,Anuradhapura,Matara,category-sorted-bijection-v1,provider-map-v1
P010172,P00172,Masons,Masons,Ratnapura,Jaffna,category-sorted-bijection-v1,provider-map-v1
P010173,P00173,Masons,Masons,Jaffna,Anuradhapura,category-sorted-bijection-v1,provider-map-v1
P010174,P00174,Masons,Masons,Colombo,Anuradhapura,category-sorted-bijection-v1,provider-map-v1
P010175,P00175,Masons,Masons,Anuradhapura,Gampaha,category-sorted-bijection-v1,provider-map-v1
P010176,P00176,Masons,Masons,Badulla,Jaffna,category-sorted-bijection-v1,provider-map-v1
P010177,P00177,Masons,Masons,Colombo,Jaffna,category-sorted-bijection-v1,provider-map-v1
P010178,P00178,Masons,Masons,Badulla,Anuradhapura,category-sorted-bijection-v1,provider-map-v1
P010179,P00179,Masons,Masons,Matale,Jaffna,category-sorted-bijection-v1,provider-map-v1
P010180,P00180,Masons,Masons,Jaffna,Gampaha,category-sorted-bijection-v1,provider-map-v1
P010181,P00181,Masons,Masons,Kandy,Jaffna,category-sorted-bijection-v1,provider-map-v1
P010182,P00182,Masons,Masons,Kalutara,Batticaloa,category-sorted-bijection-v1,provider-map-v1
P010183,P00183,Masons,Masons,Badulla,Colombo,category-sorted-bijection-v1,provider-map-v1
P010184,P00184,Masons,Masons,Badulla,Colombo,category-sorted-bijection-v1,provider-map-v1
P010185,P00185,Masons,Masons,Kalutara,Kalutara,category-sorted-bijection-v1,provider-map-v1
P010186,P00186,Masons,Masons,Badulla,Kandy,category-sorted-bijection-v1,provider-map-v1
P010187,P00187,Masons,Masons,Jaffna,Batticaloa,category-sorted-bijection-v1,provider-map-v1
P010188,P00188,Masons,Masons,Colombo,Kalutara,category-sorted-bijection-v1,provider-map-v1
P010189,P00189,Masons,Masons,Matale,Kurunegala,category-sorted-bijection-v1,provider-map-v1
P010190,P00190,Masons,Masons,Kandy,Kandy,category-sorted-bijection-v1,provider-map-v1
P010191,P00191,Masons,Masons,Batticaloa,Kandy,category-sorted-bijection-v1,provider-map-v1
P010192,P00192,Masons,Masons,Kalutara,Galle,category-sorted-bijection-v1,provider-map-v1
P010193,P00193,Masons,Masons,Matale,Galle,category-sorted-bijection-v1,provider-map-v1
P010194,P00194,Masons,Masons,Ratnapura,Batticaloa,category-sorted-bijection-v1,provider-map-v1
P010195,P00195,Masons,Masons,Gampaha,Kurunegala,category-sorted-bijection-v1,provider-map-v1
P010196,P00196,Masons,Masons,Galle,Colombo,category-sorted-bijection-v1,provider-map-v1
P010197,P00197,Masons,Masons,Nuwara Eliya,Batticaloa,category-sorted-bijection-v1,provider-map-v1
P010198,P00198,Masons,Masons,Anuradhapura,Gampaha,category-sorted-bijection-v1,provider-map-v1
P010199,P00199,Masons,Masons,Badulla,Kurunegala,category-sorted-bijection-v1,provider-map-v1
P010200,P00200,Masons,Masons,Ratnapura,Gampaha,category-sorted-bijection-v1,provider-map-v1
P010201,P00201,Masons,Masons,Colombo,Kalutara,category-sorted-bijection-v1,provider-map-v1
P010202,P00202,Masons,Masons,Jaffna,Kurunegala,category-sorted-bijection-v1,provider-map-v1
P010203,P00203,Masons,Masons,Nuwara Eliya,Kandy,category-sorted-bijection-v1,provider-map-v1
P010204,P00204,Masons,Masons,Galle,Galle,category-sorted-bijection-v1,provider-map-v1
P010205,P00205,Masons,Masons,Ratnapura,Kandy,category-sorted-bijection-v1,provider-map-v1
P010206,P00206,Masons,Masons,Badulla,Kurunegala,category-sorted-bijection-v1,provider-map-v1
P010207,P00207,Masons,Masons,Anuradhapura,Jaffna,category-sorted-bijection-v1,provider-map-v1
P010208,P00208,Masons,Masons,Kandy,Kurunegala,category-sorted-bijection-v1,provider-map-v1
P010209,P00209,Masons,Masons,Galle,Gampaha,category-sorted-bijection-v1,provider-map-v1
P010210,P00210,Masons,Masons,Jaffna,Galle,category-sorted-bijection-v1,provider-map-v1
P010211,P00211,Masons,Masons,Galle,Kalutara,category-sorted-bijection-v1,provider-map-v1
P010212,P00212,Masons,Masons,Badulla,Jaffna,category-sorted-bijection-v1,provider-map-v1
P010213,P00213,Masons,Masons,Galle,Galle,category-sorted-bijection-v1,provider-map-v1
P010214,P00214,Masons,Masons,Gampaha,Anuradhapura,category-sorted-bijection-v1,provider-map-v1
P010215,P00215,Masons,Masons,Jaffna,Colombo,category-sorted-bijection-v1,provider-map-v1
P010216,P00216,Masons,Masons,Ratnapura,Batticaloa,category-sorted-bijection-v1,provider-map-v1
P010217,P00217,Masons,Masons,Galle,Jaffna,category-sorted-bijection-v1,provider-map-v1
P010218,P00218,Masons,Masons,Batticaloa,Kalutara,category-sorted-bijection-v1,provider-map-v1
P010219,P00219,Masons,Masons,Kandy,Batticaloa,category-sorted-bijection-v1,provider-map-v1
P010220,P00220,Masons,Masons,Kalutara,Kurunegala,category-sorted-bijection-v1,provider-map-v1
P010221,P00221,Masons,Masons,Kurunegala,Galle,category-sorted-bijection-v1,provider-map-v1
P010222,P00222,Masons,Masons,Batticaloa,Jaffna,category-sorted-bijection-v1,provider-map-v1
P010223,P00223,Masons,Masons,Nuwara Eliya,Gampaha,category-sorted-bijection-v1,provider-map-v1
P010224,P00224,Masons,Masons,Matara,Galle,category-sorted-bijection-v1,provider-map-v1
P010225,P00225,Masons,Masons,Colombo,Batticaloa,category-sorted-bijection-v1,provider-map-v1
P010226,P00226,Masons,Masons,Batticaloa,Gampaha,category-sorted-bijection-v1,provider-map-v1
P010227,P00227,Masons,Masons,Anuradhapura,Matara,category-sorted-bijection-v1,provider-map-v1
P010228,P00228,Masons,Masons,Nuwara Eliya,Matara,category-sorted-bijection-v1,provider-map-v1
P010229,P00229,Masons,Masons,Matara,Colombo,category-sorted-bijection-v1,provider-map-v1
P010230,P00230,Masons,Masons,Kalutara,Kandy,category-sorted-bijection-v1,provider-map-v1
P010231,P00231,Masons,Masons,Kalutara,Kandy,category-sorted-bijection-v1,provider-map-v1
P010232,P00232,Masons,Masons,Gampaha,Jaffna,category-sorted-bijection-v1,provider-map-v1
P010233,P00233,Masons,Masons,Colombo,Matara,category-sorted-bijection-v1,provider-map-v1
P010234,P00234,Masons,Masons,Matara,Matara,category-sorted-bijection-v1,provider-map-v1
P010235,P00235,Masons,Masons,Matara,Kurunegala,category-sorted-bijection-v1,provider-map-v1
P010236,P00236,Masons,Masons,Gampaha,Kandy,category-sorted-bijection-v1,provider-map-v1
P010237,P00237,Masons,Masons,Jaffna,Kandy,category-sorted-bijection-v1,provider-map-v1
P010238,P00238,Masons,Masons,Colombo,Kandy,category-sorted-bijection-v1,provider-map-v1
P010239,P00239,Masons,Masons,Jaffna,Jaffna,category-sorted-bijection-v1,provider-map-v1
P010240,P00240,Masons,Masons,Matara,Matara,category-sorted-bijection-v1,provider-map-v1
P010241,P00241,Masons,Masons,Colombo,Kalutara,category-sorted-bijection-v1,provider-map-v1
P010242,P00242,Masons,Masons,Kandy,Kandy,category-sorted-bijection-v1,provider-map-v1
P010243,P00243,Masons,Masons,Colombo,Galle,category-sorted-bijection-v1,provider-map-v1
P010244,P00244,Masons,Masons,Batticaloa,Kalutara,category-sorted-bijection-v1,provider-map-v1
P010245,P00245,Masons,Masons,Kalutara,Jaffna,category-sorted-bijection-v1,provider-map-v1
P010246,P00246,Masons,Masons,Gampaha,Colombo,category-sorted-bijection-v1,provider-map-v1
P010247,P00247,Masons,Masons,Colombo,Batticaloa,category-sorted-bijection-v1,provider-map-v1
P010248,P00248,Masons,Masons,Galle,Gampaha,category-sorted-bijection-v1,provider-map-v1
P010249,P00249,Masons,Masons,Kalutara,Matara,category-sorted-bijection-v1,provider-map-v1
P010250,P00250,Masons,Masons,Batticaloa,Galle,category-sorted-bijection-v1,provider-map-v1
P010251,P00251,Masons,Masons,Colombo,Kurunegala,category-sorted-bijection-v1,provider-map-v1
P010252,P00252,Masons,Masons,Batticaloa,Galle,category-sorted-bijection-v1,provider-map-v1
P010253,P00253,Masons,Masons,Badulla,Matara,category-sorted-bijection-v1,provider-map-v1
P010254,P00254,Masons,Masons,Kandy,Jaffna,category-sorted-bijection-v1,provider-map-v1
P010255,P00255,Masons,Masons,Kalutara,Kalutara,category-sorted-bijection-v1,provider-map-v1
P010256,P00256,Masons,Masons,Gampaha,Gampaha,category-sorted-bijection-v1,provider-map-v1
P010257,P00257,Masons,Masons,Matale,Jaffna,category-sorted-bijection-v1,provider-map-v1
P010258,P00258,Masons,Masons,Nuwara Eliya,Kalutara,category-sorted-bijection-v1,provider-map-v1
P010259,P00259,Masons,Masons,Colombo,Gampaha,category-sorted-bijection-v1,provider-map-v1
P010260,P00260,Masons,Masons,Matara,Jaffna,category-sorted-bijection-v1,provider-map-v1
P010261,P00261,Masons,Masons,Nuwara Eliya,Jaffna,category-sorted-bijection-v1,provider-map-v1
P010262,P00262,Masons,Masons,Kandy,Gampaha,category-sorted-bijection-v1,provider-map-v1
P010263,P00263,Masons,Masons,Kalutara,Kalutara,category-sorted-bijection-v1,provider-map-v1
P010264,P00264,Masons,Masons,Kandy,Colombo,category-sorted-bijection-v1,provider-map-v1
P010265,P00265,Masons,Masons,Anuradhapura,Matara,category-sorted-bijection-v1,provider-map-v1
P010266,P00266,Masons,Masons,Batticaloa,Galle,category-sorted-bijection-v1,provider-map-v1
P010267,P00267,Masons,Masons,Colombo,Kalutara,category-sorted-bijection-v1,provider-map-v1
P010268,P00268,Masons,Masons,Nuwara Eliya,Gampaha,category-sorted-bijection-v1,provider-map-v1
P010269,P00269,Masons,Masons,Kurunegala,Galle,category-sorted-bijection-v1,provider-map-v1
P010270,P00270,Masons,Masons,Colombo,Colombo,category-sorted-bijection-v1,provider-map-v1
P010271,P00271,Masons,Masons,Matara,Kandy,category-sorted-bijection-v1,provider-map-v1
P010272,P00272,Masons,Masons,Gampaha,Kandy,category-sorted-bijection-v1,provider-map-v1
P010273,P00273,Masons,Masons,Colombo,Jaffna,category-sorted-bijection-v1,provider-map-v1
P010274,P00274,Masons,Masons,Matale,Matara,category-sorted-bijection-v1,provider-map-v1
P010275,P00275,Masons,Masons,Ratnapura,Galle,category-sorted-bijection-v1,provider-map-v1
P010276,P00276,Masons,Masons,Galle,Kalutara,category-sorted-bijection-v1,provider-map-v1
P010277,P00277,Masons,Masons,Kalutara,Jaffna,category-sorted-bijection-v1,provider-map-v1
P010278,P00278,Masons,Masons,Kurunegala,Kalutara,category-sorted-bijection-v1,provider-map-v1
P010279,P00279,Masons,Masons,Badulla,Galle,category-sorted-bijection-v1,provider-map-v1
P010280,P00280,Masons,Masons,Colombo,Colombo,category-sorted-bijection-v1,provider-map-v1
P010281,P00281,Masons,Masons,Kalutara,Kandy,category-sorted-bijection-v1,provider-map-v1
P010282,P00282,Masons,Masons,Kurunegala,Batticaloa,category-sorted-bijection-v1,provider-map-v1
P010283,P00283,Masons,Masons,Kurunegala,Kurunegala,category-sorted-bijection-v1,provider-map-v1
P010284,P00284,Masons,Masons,Matara,Jaffna,category-sorted-bijection-v1,provider-map-v1
P010285,P00285,Masons,Masons,Colombo,Kandy,category-sorted-bijection-v1,provider-map-v1
P010286,P00286,Masons,Masons,Kurunegala,Galle,category-sorted-bijection-v1,provider-map-v1
P010287,P00287,Masons,Masons,Galle,Kandy,category-sorted-bijection-v1,provider-map-v1
P010288,P00288,Masons,Masons,Nuwara Eliya,Batticaloa,category-sorted-bijection-v1,provider-map-v1
P010289,P00289,Masons,Masons,Kandy,Batticaloa,category-sorted-bijection-v1,provider-map-v1
P010290,P00290,Masons,Masons,Jaffna,Gampaha,category-sorted-bijection-v1,provider-map-v1
P010291,P00291,Masons,Masons,Nuwara Eliya,Matara,category-sorted-bijection-v1,provider-map-v1
P010292,P00292,Masons,Masons,Anuradhapura,Kandy,category-sorted-bijection-v1,provider-map-v1
P010293,P00293,Masons,Masons,Gampaha,Colombo,category-sorted-bijection-v1,provider-map-v1
P010294,P00294,Masons,Masons,Ratnapura,Kurunegala,category-sorted-bijection-v1,provider-map-v1
P010295,P00295,Masons,Masons,Matara,Colombo,category-sorted-bijection-v1,provider-map-v1
P010296,P00296,Masons,Masons,Kalutara,Kurunegala,category-sorted-bijection-v1,provider-map-v1
P010297,P00297,Masons,Masons,Matale,Colombo,category-sorted-bijection-v1,provider-map-v1
P010298,P00298,Masons,Masons,Colombo,Colombo,category-sorted-bijection-v1,provider-map-v1
P010299,P00299,Masons,Masons,Matara,Kalutara,category-sorted-bijection-v1,provider-map-v1
P010300,P00300,Masons,Masons,Ratnapura,Matara,category-sorted-bijection-v1,provider-map-v1
P010301,P00301,Masons,Masons,Galle,Gampaha,category-sorted-bijection-v1,provider-map-v1
P010302,P00302,Masons,Masons,Ratnapura,Galle,category-sorted-bijection-v1,provider-map-v1
P010303,P00303,Masons,Masons,Kandy,Colombo,category-sorted-bijection-v1,provider-map-v1
P010304,P00304,Masons,Masons,Gampaha,Kandy,category-sorted-bijection-v1,provider-map-v1
P010305,P00305,Masons,Masons,Jaffna,Kalutara,category-sorted-bijection-v1,provider-map-v1
P010306,P00306,Masons,Masons,Kurunegala,Galle,category-sorted-bijection-v1,provider-map-v1
P010307,P00307,Masons,Masons,Galle,Kalutara,category-sorted-bijection-v1,provider-map-v1
P010308,P00308,Masons,Masons,Colombo,Colombo,category-sorted-bijection-v1,provider-map-v1
P010309,P00309,Masons,Masons,Colombo,Galle,category-sorted-bijection-v1,provider-map-v1
P010310,P00310,Masons,Masons,Kandy,Galle,category-sorted-bijection-v1,provider-map-v1
P010311,P00311,Masons,Masons,Matara,Matara,category-sorted-bijection-v1,provider-map-v1
P010312,P00312,Masons,Masons,Ratnapura,Galle,category-sorted-bijection-v1,provider-map-v1
P010313,P00313,Masons,Masons,Anuradhapura,Matara,category-sorted-bijection-v1,provider-map-v1
P010314,P00314,Masons,Masons,Batticaloa,Batticaloa,category-sorted-bijection-v1,provider-map-v1
P010315,P00315,Masons,Masons,Kandy,Gampaha,category-sorted-bijection-v1,provider-map-v1
P010316,P00316,Masons,Masons,Ratnapura,Gampaha,category-sorted-bijection-v1,provider-map-v1
P010317,P00317,Masons,Masons,Batticaloa,Kurunegala,category-sorted-bijection-v1,provider-map-v1
P010318,P00318,Masons,Masons,Gampaha,Jaffna,category-sorted-bijection-v1,provider-map-v1
P010319,P00319,Masons,Masons,Colombo,Jaffna,category-sorted-bijection-v1,provider-map-v1
P010320,P00320,Masons,Masons,Nuwara Eliya,Colombo,category-sorted-bijection-v1,provider-map-v1
P010321,P00321,Masons,Masons,Kalutara,Gampaha,category-sorted-bijection-v1,provider-map-v1
P010322,P00322,Masons,Masons,Kurunegala,Kurunegala,category-sorted-bijection-v1,provider-map-v1
P010323,P00323,Masons,Masons,Batticaloa,Anuradhapura,category-sorted-bijection-v1,provider-map-v1
P010324,P00324,Masons,Masons,Kalutara,Batticaloa,category-sorted-bijection-v1,provider-map-v1
P010325,P00325,Masons,Masons,Ratnapura,Kurunegala,category-sorted-bijection-v1,provider-map-v1
P010326,P00326,Masons,Masons,Badulla,Kalutara,category-sorted-bijection-v1,provider-map-v1
P010327,P00327,Masons,Masons,Nuwara Eliya,Colombo,category-sorted-bijection-v1,provider-map-v1
P010328,P00328,Masons,Masons,Jaffna,Colombo,category-sorted-bijection-v1,provider-map-v1
P010329,P00329,Masons,Masons,Kurunegala,Galle,category-sorted-bijection-v1,provider-map-v1
P010330,P00330,Masons,Masons,Kandy,Batticaloa,category-sorted-bijection-v1,provider-map-v1
P010331,P00331,Masons,Masons,Kalutara,Kalutara,category-sorted-bijection-v1,provider-map-v1
P010332,P00332,Masons,Masons,Kurunegala,Kalutara,category-sorted-bijection-v1,provider-map-v1
P010333,P00333,Masons,Masons,Matale,Kurunegala,category-sorted-bijection-v1,provider-map-v1
P010334,P00334,Masons,Masons,Badulla,Batticaloa,category-sorted-bijection-v1,provider-map-v1
P010335,P00335,Masons,Masons,Jaffna,Kalutara,category-sorted-bijection-v1,provider-map-v1
P010336,P00336,Masons,Masons,Ratnapura,Kalutara,category-sorted-bijection-v1,provider-map-v1
P010337,P00337,Masons,Masons,Gampaha,Matara,category-sorted-bijection-v1,provider-map-v1
P010338,P00338,Masons,Masons,Matale,Matara,category-sorted-bijection-v1,provider-map-v1
P010339,P00339,Masons,Masons,Kalutara,Gampaha,category-sorted-bijection-v1,provider-map-v1
P010340,P00340,Masons,Masons,Gampaha,Galle,category-sorted-bijection-v1,provider-map-v1
P010341,P00341,Masons,Masons,Jaffna,Colombo,category-sorted-bijection-v1,provider-map-v1
P010342,P00342,Masons,Masons,Badulla,Colombo,category-sorted-bijection-v1,provider-map-v1
P010343,P00343,Masons,Masons,Nuwara Eliya,Colombo,category-sorted-bijection-v1,provider-map-v1
P010344,P00344,Masons,Masons,Kalutara,Kandy,category-sorted-bijection-v1,provider-map-v1
P010345,P00345,Masons,Masons,Ratnapura,Matara,category-sorted-bijection-v1,provider-map-v1
P010346,P00346,Masons,Masons,Badulla,Galle,category-sorted-bijection-v1,provider-map-v1
P010347,P00347,Masons,Masons,Ratnapura,Batticaloa,category-sorted-bijection-v1,provider-map-v1
P010348,P00348,Masons,Masons,Matale,Kalutara,category-sorted-bijection-v1,provider-map-v1
P010349,P00349,Masons,Masons,Kandy,Gampaha,category-sorted-bijection-v1,provider-map-v1
P010350,P00350,Masons,Masons,Anuradhapura,Jaffna,category-sorted-bijection-v1,provider-map-v1
P010351,P00351,Masons,Masons,Galle,Batticaloa,category-sorted-bijection-v1,provider-map-v1
P010352,P00352,Masons,Masons,Kandy,Kandy,category-sorted-bijection-v1,provider-map-v1
P010353,P00353,Masons,Masons,Kurunegala,Kalutara,category-sorted-bijection-v1,provider-map-v1
P010354,P00354,Masons,Masons,Batticaloa,Kurunegala,category-sorted-bijection-v1,provider-map-v1
P010355,P00355,Masons,Masons,Jaffna,Kalutara,category-sorted-bijection-v1,provider-map-v1
P010356,P00356,Masons,Masons,Kurunegala,Colombo,category-sorted-bijection-v1,provider-map-v1
P010357,P00357,Masons,Masons,Kalutara,Colombo,category-sorted-bijection-v1,provider-map-v1
P020001,P00715,Carpenters,Carpenters,Batticaloa,Matara,category-sorted-bijection-v1,provider-map-v1
P020002,P00716,Carpenters,Carpenters,Nuwara Eliya,Kandy,category-sorted-bijection-v1,provider-map-v1
P020003,P00717,Carpenters,Carpenters,Nuwara Eliya,Galle,category-sorted-bijection-v1,provider-map-v1
P020004,P00718,Carpenters,Carpenters,Ratnapura,Colombo,category-sorted-bijection-v1,provider-map-v1
P020005,P00719,Carpenters,Carpenters,Nuwara Eliya,Batticaloa,category-sorted-bijection-v1,provider-map-v1
P020006,P00720,Carpenters,Carpenters,Kalutara,Kurunegala,category-sorted-bijection-v1,provider-map-v1
P020007,P00721,Carpenters,Carpenters,Matale,Gampaha,category-sorted-bijection-v1,provider-map-v1
P020008,P00722,Carpenters,Carpenters,Galle,Matara,category-sorted-bijection-v1,provider-map-v1
P020009,P00723,Carpenters,Carpenters,Kalutara,Matara,category-sorted-bijection-v1,provider-map-v1
P020010,P00724,Carpenters,Carpenters,Kandy,Kalutara,category-sorted-bijection-v1,provider-map-v1
P020011,P00725,Carpenters,Carpenters,Anuradhapura,Colombo,category-sorted-bijection-v1,provider-map-v1
P020012,P00726,Carpenters,Carpenters,Kalutara,Colombo,category-sorted-bijection-v1,provider-map-v1
P020013,P00727,Carpenters,Carpenters,Kandy,Kandy,category-sorted-bijection-v1,provider-map-v1
P020014,P00728,Carpenters,Carpenters,Ratnapura,Batticaloa,category-sorted-bijection-v1,provider-map-v1
P020015,P00729,Carpenters,Carpenters,Kurunegala,Kalutara,category-sorted-bijection-v1,provider-map-v1
P020016,P00730,Carpenters,Carpenters,Matara,Gampaha,category-sorted-bijection-v1,provider-map-v1
P020017,P00731,Carpenters,Carpenters,Matara,Batticaloa,category-sorted-bijection-v1,provider-map-v1
P020018,P00732,Carpenters,Carpenters,Batticaloa,Anuradhapura,category-sorted-bijection-v1,provider-map-v1
P020019,P00733,Carpenters,Carpenters,Anuradhapura,Kalutara,category-sorted-bijection-v1,provider-map-v1
P020020,P00734,Carpenters,Carpenters,Kandy,Jaffna,category-sorted-bijection-v1,provider-map-v1
P020021,P00735,Carpenters,Carpenters,Ratnapura,Kurunegala,category-sorted-bijection-v1,provider-map-v1
P020022,P00736,Carpenters,Carpenters,Badulla,Matara,category-sorted-bijection-v1,provider-map-v1
P020023,P00737,Carpenters,Carpenters,Galle,Kurunegala,category-sorted-bijection-v1,provider-map-v1
P020024,P00738,Carpenters,Carpenters,Colombo,Jaffna,category-sorted-bijection-v1,provider-map-v1
P020025,P00739,Carpenters,Carpenters,Colombo,Gampaha,category-sorted-bijection-v1,provider-map-v1
P020026,P00740,Carpenters,Carpenters,Anuradhapura,Colombo,category-sorted-bijection-v1,provider-map-v1
P020027,P00741,Carpenters,Carpenters,Matale,Anuradhapura,category-sorted-bijection-v1,provider-map-v1
P020028,P00742,Carpenters,Carpenters,Ratnapura,Matara,category-sorted-bijection-v1,provider-map-v1
P020029,P00743,Carpenters,Carpenters,Gampaha,Kurunegala,category-sorted-bijection-v1,provider-map-v1
P020030,P00744,Carpenters,Carpenters,Batticaloa,Kurunegala,category-sorted-bijection-v1,provider-map-v1
P020031,P00745,Carpenters,Carpenters,Kalutara,Kurunegala,category-sorted-bijection-v1,provider-map-v1
P020032,P00746,Carpenters,Carpenters,Galle,Matara,category-sorted-bijection-v1,provider-map-v1
P020033,P00747,Carpenters,Carpenters,Nuwara Eliya,Colombo,category-sorted-bijection-v1,provider-map-v1
P020034,P00748,Carpenters,Carpenters,Jaffna,Matara,category-sorted-bijection-v1,provider-map-v1
P020035,P00749,Carpenters,Carpenters,Badulla,Kandy,category-sorted-bijection-v1,provider-map-v1
P020036,P00750,Carpenters,Carpenters,Batticaloa,Kandy,category-sorted-bijection-v1,provider-map-v1
P020037,P00751,Carpenters,Carpenters,Kurunegala,Matara,category-sorted-bijection-v1,provider-map-v1
P020038,P00752,Carpenters,Carpenters,Jaffna,Galle,category-sorted-bijection-v1,provider-map-v1
P020039,P00753,Carpenters,Carpenters,Anuradhapura,Kandy,category-sorted-bijection-v1,provider-map-v1
P020040,P00754,Carpenters,Carpenters,Gampaha,Kalutara,category-sorted-bijection-v1,provider-map-v1
P020041,P00755,Carpenters,Carpenters,Ratnapura,Kurunegala,category-sorted-bijection-v1,provider-map-v1
P020042,P00756,Carpenters,Carpenters,Nuwara Eliya,Anuradhapura,category-sorted-bijection-v1,provider-map-v1
P020043,P00757,Carpenters,Carpenters,Badulla,Kalutara,category-sorted-bijection-v1,provider-map-v1
P020044,P00758,Carpenters,Carpenters,Nuwara Eliya,Anuradhapura,category-sorted-bijection-v1,provider-map-v1
P020045,P00759,Carpenters,Carpenters,Kandy,Matara,category-sorted-bijection-v1,provider-map-v1
P020046,P00760,Carpenters,Carpenters,Kurunegala,Matara,category-sorted-bijection-v1,provider-map-v1
P020047,P00761,Carpenters,Carpenters,Gampaha,Matara,category-sorted-bijection-v1,provider-map-v1
P020048,P00762,Carpenters,Carpenters,Jaffna,Kalutara,category-sorted-bijection-v1,provider-map-v1
P020049,P00763,Carpenters,Carpenters,Nuwara Eliya,Kurunegala,category-sorted-bijection-v1,provider-map-v1
P020050,P00764,Carpenters,Carpenters,Anuradhapura,Gampaha,category-sorted-bijection-v1,provider-map-v1
P020051,P00765,Carpenters,Carpenters,Badulla,Batticaloa,category-sorted-bijection-v1,provider-map-v1
P020052,P00766,Carpenters,Carpenters,Badulla,Gampaha,category-sorted-bijection-v1,provider-map-v1
P020053,P00767,Carpenters,Carpenters,Anuradhapura,Kalutara,category-sorted-bijection-v1,provider-map-v1
P020054,P00768,Carpenters,Carpenters,Gampaha,Kandy,category-sorted-bijection-v1,provider-map-v1
P020055,P00769,Carpenters,Carpenters,Kalutara,Anuradhapura,category-sorted-bijection-v1,provider-map-v1
P020056,P00770,Carpenters,Carpenters,Kandy,Matara,category-sorted-bijection-v1,provider-map-v1
P020057,P00771,Carpenters,Carpenters,Kandy,Kandy,category-sorted-bijection-v1,provider-map-v1
P020058,P00772,Carpenters,Carpenters,Matale,Kalutara,category-sorted-bijection-v1,provider-map-v1
P020059,P00773,Carpenters,Carpenters,Kurunegala,Matara,category-sorted-bijection-v1,provider-map-v1
P020060,P00774,Carpenters,Carpenters,Nuwara Eliya,Kalutara,category-sorted-bijection-v1,provider-map-v1
P020061,P00775,Carpenters,Carpenters,Jaffna,Matara,category-sorted-bijection-v1,provider-map-v1
P020062,P00776,Carpenters,Carpenters,Batticaloa,Jaffna,category-sorted-bijection-v1,provider-map-v1
P020063,P00777,Carpenters,Carpenters,Matara,Gampaha,category-sorted-bijection-v1,provider-map-v1
P020064,P00778,Carpenters,Carpenters,Badulla,Kandy,category-sorted-bijection-v1,provider-map-v1
P020065,P00779,Carpenters,Carpenters,Anuradhapura,Anuradhapura,category-sorted-bijection-v1,provider-map-v1
P020066,P00780,Carpenters,Carpenters,Kalutara,Galle,category-sorted-bijection-v1,provider-map-v1
P020067,P00781,Carpenters,Carpenters,Matara,Galle,category-sorted-bijection-v1,provider-map-v1
P020068,P00782,Carpenters,Carpenters,Matale,Batticaloa,category-sorted-bijection-v1,provider-map-v1
P020069,P00783,Carpenters,Carpenters,Anuradhapura,Jaffna,category-sorted-bijection-v1,provider-map-v1
P020070,P00784,Carpenters,Carpenters,Kurunegala,Batticaloa,category-sorted-bijection-v1,provider-map-v1
P020071,P00785,Carpenters,Carpenters,Kandy,Kalutara,category-sorted-bijection-v1,provider-map-v1
P020072,P00786,Carpenters,Carpenters,Matara,Kandy,category-sorted-bijection-v1,provider-map-v1
P020073,P00787,Carpenters,Carpenters,Colombo,Galle,category-sorted-bijection-v1,provider-map-v1
P020074,P00788,Carpenters,Carpenters,Jaffna,Colombo,category-sorted-bijection-v1,provider-map-v1
P020075,P00789,Carpenters,Carpenters,Matara,Kurunegala,category-sorted-bijection-v1,provider-map-v1
P020076,P00790,Carpenters,Carpenters,Colombo,Kandy,category-sorted-bijection-v1,provider-map-v1
P020077,P00791,Carpenters,Carpenters,Gampaha,Kalutara,category-sorted-bijection-v1,provider-map-v1
P020078,P00792,Carpenters,Carpenters,Kalutara,Gampaha,category-sorted-bijection-v1,provider-map-v1
P020079,P00793,Carpenters,Carpenters,Anuradhapura,Colombo,category-sorted-bijection-v1,provider-map-v1
P020080,P00794,Carpenters,Carpenters,Nuwara Eliya,Kandy,category-sorted-bijection-v1,provider-map-v1
P020081,P00795,Carpenters,Carpenters,Kurunegala,Gampaha,category-sorted-bijection-v1,provider-map-v1
P020082,P00796,Carpenters,Carpenters,Kandy,Kurunegala,category-sorted-bijection-v1,provider-map-v1
P020083,P00797,Carpenters,Carpenters,Anuradhapura,Batticaloa,category-sorted-bijection-v1,provider-map-v1
P020084,P00798,Carpenters,Carpenters,Badulla,Kandy,category-sorted-bijection-v1,provider-map-v1
P020085,P00799,Carpenters,Carpenters,Galle,Anuradhapura,category-sorted-bijection-v1,provider-map-v1
P020086,P00800,Carpenters,Carpenters,Kurunegala,Anuradhapura,category-sorted-bijection-v1,provider-map-v1
P020087,P00801,Carpenters,Carpenters,Jaffna,Matara,category-sorted-bijection-v1,provider-map-v1
P020088,P00802,Carpenters,Carpenters,Anuradhapura,Anuradhapura,category-sorted-bijection-v1,provider-map-v1
P020089,P00803,Carpenters,Carpenters,Kalutara,Kurunegala,category-sorted-bijection-v1,provider-map-v1
P020090,P00804,Carpenters,Carpenters,Kandy,Colombo,category-sorted-bijection-v1,provider-map-v1
P020091,P00805,Carpenters,Carpenters,Jaffna,Gampaha,category-sorted-bijection-v1,provider-map-v1
P020092,P00806,Carpenters,Carpenters,Batticaloa,Kandy,category-sorted-bijection-v1,provider-map-v1
P020093,P00807,Carpenters,Carpenters,Matale,Matara,category-sorted-bijection-v1,provider-map-v1
P020094,P00808,Carpenters,Carpenters,Gampaha,Anuradhapura,category-sorted-bijection-v1,provider-map-v1
P020095,P00809,Carpenters,Carpenters,Matara,Anuradhapura,category-sorted-bijection-v1,provider-map-v1
P020096,P00810,Carpenters,Carpenters,Galle,Kurunegala,category-sorted-bijection-v1,provider-map-v1
P020097,P00811,Carpenters,Carpenters,Matale,Gampaha,category-sorted-bijection-v1,provider-map-v1
P020098,P00812,Carpenters,Carpenters,Badulla,Kandy,category-sorted-bijection-v1,provider-map-v1
P020099,P00813,Carpenters,Carpenters,Galle,Gampaha,category-sorted-bijection-v1,provider-map-v1
P020100,P00814,Carpenters,Carpenters,Matara,Kalutara,category-sorted-bijection-v1,provider-map-v1
P020101,P00815,Carpenters,Carpenters,Anuradhapura,Kalutara,category-sorted-bijection-v1,provider-map-v1
P020102,P00816,Carpenters,Carpenters,Kalutara,Jaffna,category-sorted-bijection-v1,provider-map-v1
P020103,P00817,Carpenters,Carpenters,Ratnapura,Kurunegala,category-sorted-bijection-v1,provider-map-v1
P020104,P00818,Carpenters,Carpenters,Badulla,Kalutara,category-sorted-bijection-v1,provider-map-v1
P020105,P00819,Carpenters,Carpenters,Anuradhapura,Gampaha,category-sorted-bijection-v1,provider-map-v1
P020106,P00820,Carpenters,Carpenters,Galle,Gampaha,category-sorted-bijection-v1,provider-map-v1
P020107,P00821,Carpenters,Carpenters,Batticaloa,Jaffna,category-sorted-bijection-v1,provider-map-v1
P020108,P00822,Carpenters,Carpenters,Anuradhapura,Colombo,category-sorted-bijection-v1,provider-map-v1
P020109,P00823,Carpenters,Carpenters,Badulla,Kandy,category-sorted-bijection-v1,provider-map-v1
P020110,P00824,Carpenters,Carpenters,Colombo,Colombo,category-sorted-bijection-v1,provider-map-v1
P020111,P00825,Carpenters,Carpenters,Matara,Anuradhapura,category-sorted-bijection-v1,provider-map-v1
P020112,P00826,Carpenters,Carpenters,Kandy,Jaffna,category-sorted-bijection-v1,provider-map-v1
P020113,P00827,Carpenters,Carpenters,Jaffna,Galle,category-sorted-bijection-v1,provider-map-v1
P020114,P00828,Carpenters,Carpenters,Kalutara,Matara,category-sorted-bijection-v1,provider-map-v1
P020115,P00829,Carpenters,Carpenters,Kandy,Kalutara,category-sorted-bijection-v1,provider-map-v1
P020116,P00830,Carpenters,Carpenters,Jaffna,Colombo,category-sorted-bijection-v1,provider-map-v1
P020117,P00831,Carpenters,Carpenters,Nuwara Eliya,Gampaha,category-sorted-bijection-v1,provider-map-v1
P020118,P00832,Carpenters,Carpenters,Matale,Galle,category-sorted-bijection-v1,provider-map-v1
P020119,P00833,Carpenters,Carpenters,Colombo,Anuradhapura,category-sorted-bijection-v1,provider-map-v1
P020120,P00834,Carpenters,Carpenters,Ratnapura,Matara,category-sorted-bijection-v1,provider-map-v1
P020121,P00835,Carpenters,Carpenters,Nuwara Eliya,Jaffna,category-sorted-bijection-v1,provider-map-v1
P020122,P00836,Carpenters,Carpenters,Anuradhapura,Galle,category-sorted-bijection-v1,provider-map-v1
P020123,P00837,Carpenters,Carpenters,Galle,Kurunegala,category-sorted-bijection-v1,provider-map-v1
P020124,P00838,Carpenters,Carpenters,Colombo,Matara,category-sorted-bijection-v1,provider-map-v1
P020125,P00839,Carpenters,Carpenters,Matale,Kurunegala,category-sorted-bijection-v1,provider-map-v1
P020126,P00840,Carpenters,Carpenters,Batticaloa,Kandy,category-sorted-bijection-v1,provider-map-v1
P020127,P00841,Carpenters,Carpenters,Matale,Colombo,category-sorted-bijection-v1,provider-map-v1
P020128,P00842,Carpenters,Carpenters,Batticaloa,Colombo,category-sorted-bijection-v1,provider-map-v1
P020129,P00843,Carpenters,Carpenters,Anuradhapura,Batticaloa,category-sorted-bijection-v1,provider-map-v1
P020130,P00844,Carpenters,Carpenters,Anuradhapura,Batticaloa,category-sorted-bijection-v1,provider-map-v1
P020131,P00845,Carpenters,Carpenters,Anuradhapura,Kalutara,category-sorted-bijection-v1,provider-map-v1
P020132,P00846,Carpenters,Carpenters,Kalutara,Batticaloa,category-sorted-bijection-v1,provider-map-v1
P020133,P00847,Carpenters,Carpenters,Matale,Galle,category-sorted-bijection-v1,provider-map-v1
P020134,P00848,Carpenters,Carpenters,Nuwara Eliya,Anuradhapura,category-sorted-bijection-v1,provider-map-v1
P020135,P00849,Carpenters,Carpenters,Batticaloa,Kurunegala,category-sorted-bijection-v1,provider-map-v1
P020136,P00850,Carpenters,Carpenters,Badulla,Kurunegala,category-sorted-bijection-v1,provider-map-v1
P020137,P00851,Carpenters,Carpenters,Gampaha,Kalutara,category-sorted-bijection-v1,provider-map-v1
P020138,P00852,Carpenters,Carpenters,Jaffna,Matara,category-sorted-bijection-v1,provider-map-v1
P020139,P00853,Carpenters,Carpenters,Matale,Jaffna,category-sorted-bijection-v1,provider-map-v1
P020140,P00854,Carpenters,Carpenters,Batticaloa,Jaffna,category-sorted-bijection-v1,provider-map-v1
P020141,P00855,Carpenters,Carpenters,Badulla,Batticaloa,category-sorted-bijection-v1,provider-map-v1
P020142,P00856,Carpenters,Carpenters,Ratnapura,Kandy,category-sorted-bijection-v1,provider-map-v1
P020143,P00857,Carpenters,Carpenters,Ratnapura,Matara,category-sorted-bijection-v1,provider-map-v1
P020144,P00858,Carpenters,Carpenters,Jaffna,Kurunegala,category-sorted-bijection-v1,provider-map-v1
P020145,P00859,Carpenters,Carpenters,Colombo,Kalutara,category-sorted-bijection-v1,provider-map-v1
P020146,P00860,Carpenters,Carpenters,Matara,Gampaha,category-sorted-bijection-v1,provider-map-v1
P020147,P00861,Carpenters,Carpenters,Kalutara,Kurunegala,category-sorted-bijection-v1,provider-map-v1
P020148,P00862,Carpenters,Carpenters,Matale,Kurunegala,category-sorted-bijection-v1,provider-map-v1
P020149,P00863,Carpenters,Carpenters,Kurunegala,Kandy,category-sorted-bijection-v1,provider-map-v1
P020150,P00864,Carpenters,Carpenters,Matara,Colombo,category-sorted-bijection-v1,provider-map-v1
P020151,P00865,Carpenters,Carpenters,Ratnapura,Colombo,category-sorted-bijection-v1,provider-map-v1
P020152,P00866,Carpenters,Carpenters,Kurunegala,Colombo,category-sorted-bijection-v1,provider-map-v1
P020153,P00867,Carpenters,Carpenters,Galle,Galle,category-sorted-bijection-v1,provider-map-v1
P020154,P00868,Carpenters,Carpenters,Matale,Kurunegala,category-sorted-bijection-v1,provider-map-v1
P020155,P00869,Carpenters,Carpenters,Nuwara Eliya,Kurunegala,category-sorted-bijection-v1,provider-map-v1
P020156,P00870,Carpenters,Carpenters,Gampaha,Matara,category-sorted-bijection-v1,provider-map-v1
P020157,P00871,Carpenters,Carpenters,Kalutara,Galle,category-sorted-bijection-v1,provider-map-v1
P020158,P00872,Carpenters,Carpenters,Kalutara,Kandy,category-sorted-bijection-v1,provider-map-v1
P020159,P00873,Carpenters,Carpenters,Kurunegala,Kalutara,category-sorted-bijection-v1,provider-map-v1
P020160,P00874,Carpenters,Carpenters,Nuwara Eliya,Matara,category-sorted-bijection-v1,provider-map-v1
P020161,P00875,Carpenters,Carpenters,Matale,Matara,category-sorted-bijection-v1,provider-map-v1
P020162,P00876,Carpenters,Carpenters,Kandy,Matara,category-sorted-bijection-v1,provider-map-v1
P020163,P00877,Carpenters,Carpenters,Badulla,Kalutara,category-sorted-bijection-v1,provider-map-v1
P020164,P00878,Carpenters,Carpenters,Kurunegala,Colombo,category-sorted-bijection-v1,provider-map-v1
P020165,P00879,Carpenters,Carpenters,Anuradhapura,Kurunegala,category-sorted-bijection-v1,provider-map-v1
P020166,P00880,Carpenters,Carpenters,Nuwara Eliya,Kalutara,category-sorted-bijection-v1,provider-map-v1
P020167,P00881,Carpenters,Carpenters,Colombo,Kalutara,category-sorted-bijection-v1,provider-map-v1
P020168,P00882,Carpenters,Carpenters,Anuradhapura,Kalutara,category-sorted-bijection-v1,provider-map-v1
P020169,P00883,Carpenters,Carpenters,Matara,Gampaha,category-sorted-bijection-v1,provider-map-v1
P020170,P00884,Carpenters,Carpenters,Kurunegala,Matara,category-sorted-bijection-v1,provider-map-v1
P020171,P00885,Carpenters,Carpenters,Anuradhapura,Kurunegala,category-sorted-bijection-v1,provider-map-v1
P020172,P00886,Carpenters,Carpenters,Colombo,Anuradhapura,category-sorted-bijection-v1,provider-map-v1
P020173,P00887,Carpenters,Carpenters,Colombo,Kandy,category-sorted-bijection-v1,provider-map-v1
P020174,P00888,Carpenters,Carpenters,Anuradhapura,Kalutara,category-sorted-bijection-v1,provider-map-v1
P020175,P00889,Carpenters,Carpenters,Jaffna,Gampaha,category-sorted-bijection-v1,provider-map-v1
P020176,P00890,Carpenters,Carpenters,Badulla,Kalutara,category-sorted-bijection-v1,provider-map-v1
P020177,P00891,Carpenters,Carpenters,Jaffna,Matara,category-sorted-bijection-v1,provider-map-v1
P020178,P00892,Carpenters,Carpenters,Colombo,Galle,category-sorted-bijection-v1,provider-map-v1
P020179,P00893,Carpenters,Carpenters,Kandy,Colombo,category-sorted-bijection-v1,provider-map-v1
P020180,P00894,Carpenters,Carpenters,Kalutara,Colombo,category-sorted-bijection-v1,provider-map-v1
P020181,P00895,Carpenters,Carpenters,Kandy,Kurunegala,category-sorted-bijection-v1,provider-map-v1
P020182,P00896,Carpenters,Carpenters,Badulla,Gampaha,category-sorted-bijection-v1,provider-map-v1
P020183,P00897,Carpenters,Carpenters,Badulla,Colombo,category-sorted-bijection-v1,provider-map-v1
P020184,P00898,Carpenters,Carpenters,Batticaloa,Anuradhapura,category-sorted-bijection-v1,provider-map-v1
P020185,P00899,Carpenters,Carpenters,Badulla,Matara,category-sorted-bijection-v1,provider-map-v1
P020186,P00900,Carpenters,Carpenters,Nuwara Eliya,Kalutara,category-sorted-bijection-v1,provider-map-v1
P020187,P00901,Carpenters,Carpenters,Ratnapura,Kurunegala,category-sorted-bijection-v1,provider-map-v1
P020188,P00902,Carpenters,Carpenters,Colombo,Kandy,category-sorted-bijection-v1,provider-map-v1
P020189,P00903,Carpenters,Carpenters,Anuradhapura,Kalutara,category-sorted-bijection-v1,provider-map-v1
P020190,P00904,Carpenters,Carpenters,Matara,Kandy,category-sorted-bijection-v1,provider-map-v1
P020191,P00905,Carpenters,Carpenters,Kurunegala,Kalutara,category-sorted-bijection-v1,provider-map-v1
P020192,P00906,Carpenters,Carpenters,Badulla,Kandy,category-sorted-bijection-v1,provider-map-v1
P020193,P00907,Carpenters,Carpenters,Matale,Colombo,category-sorted-bijection-v1,provider-map-v1
P020194,P00908,Carpenters,Carpenters,Galle,Kurunegala,category-sorted-bijection-v1,provider-map-v1
P020195,P00909,Carpenters,Carpenters,Matale,Jaffna,category-sorted-bijection-v1,provider-map-v1
P020196,P00910,Carpenters,Carpenters,Gampaha,Gampaha,category-sorted-bijection-v1,provider-map-v1
P020197,P00911,Carpenters,Carpenters,Batticaloa,Batticaloa,category-sorted-bijection-v1,provider-map-v1
P020198,P00912,Carpenters,Carpenters,Kalutara,Gampaha,category-sorted-bijection-v1,provider-map-v1
P020199,P00913,Carpenters,Carpenters,Anuradhapura,Kandy,category-sorted-bijection-v1,provider-map-v1
P020200,P00914,Carpenters,Carpenters,Matara,Galle,category-sorted-bijection-v1,provider-map-v1
P020201,P00915,Carpenters,Carpenters,Ratnapura,Matara,category-sorted-bijection-v1,provider-map-v1
P020202,P00916,Carpenters,Carpenters,Matale,Kandy,category-sorted-bijection-v1,provider-map-v1
P020203,P00917,Carpenters,Carpenters,Nuwara Eliya,Colombo,category-sorted-bijection-v1,provider-map-v1
P020204,P00918,Carpenters,Carpenters,Colombo,Kandy,category-sorted-bijection-v1,provider-map-v1
P020205,P00919,Carpenters,Carpenters,Batticaloa,Galle,category-sorted-bijection-v1,provider-map-v1
P020206,P00920,Carpenters,Carpenters,Batticaloa,Kurunegala,category-sorted-bijection-v1,provider-map-v1
P020207,P00921,Carpenters,Carpenters,Nuwara Eliya,Jaffna,category-sorted-bijection-v1,provider-map-v1
P020208,P00922,Carpenters,Carpenters,Badulla,Kalutara,category-sorted-bijection-v1,provider-map-v1
P020209,P00923,Carpenters,Carpenters,Colombo,Matara,category-sorted-bijection-v1,provider-map-v1
P020210,P00924,Carpenters,Carpenters,Matale,Kurunegala,category-sorted-bijection-v1,provider-map-v1
P020211,P00925,Carpenters,Carpenters,Batticaloa,Kalutara,category-sorted-bijection-v1,provider-map-v1
P020212,P00926,Carpenters,Carpenters,Nuwara Eliya,Kalutara,category-sorted-bijection-v1,provider-map-v1
P020213,P00927,Carpenters,Carpenters,Matale,Kalutara,category-sorted-bijection-v1,provider-map-v1
P020214,P00928,Carpenters,Carpenters,Galle,Matara,category-sorted-bijection-v1,provider-map-v1
P020215,P00929,Carpenters,Carpenters,Kandy,Matara,category-sorted-bijection-v1,provider-map-v1
P020216,P00930,Carpenters,Carpenters,Colombo,Gampaha,category-sorted-bijection-v1,provider-map-v1
P020217,P00931,Carpenters,Carpenters,Galle,Kalutara,category-sorted-bijection-v1,provider-map-v1
P020218,P00932,Carpenters,Carpenters,Anuradhapura,Jaffna,category-sorted-bijection-v1,provider-map-v1
P020219,P00933,Carpenters,Carpenters,Batticaloa,Kurunegala,category-sorted-bijection-v1,provider-map-v1
P020220,P00934,Carpenters,Carpenters,Gampaha,Batticaloa,category-sorted-bijection-v1,provider-map-v1
P020221,P00935,Carpenters,Carpenters,Gampaha,Kandy,category-sorted-bijection-v1,provider-map-v1
P020222,P00936,Carpenters,Carpenters,Colombo,Kurunegala,category-sorted-bijection-v1,provider-map-v1
P020223,P00937,Carpenters,Carpenters,Ratnapura,Batticaloa,category-sorted-bijection-v1,provider-map-v1
P020224,P00938,Carpenters,Carpenters,Colombo,Galle,category-sorted-bijection-v1,provider-map-v1
P020225,P00939,Carpenters,Carpenters,Ratnapura,Colombo,category-sorted-bijection-v1,provider-map-v1
P020226,P00940,Carpenters,Carpenters,Ratnapura,Gampaha,category-sorted-bijection-v1,provider-map-v1
P020227,P00941,Carpenters,Carpenters,Galle,Kurunegala,category-sorted-bijection-v1,provider-map-v1
P020228,P00942,Carpenters,Carpenters,Anuradhapura,Matara,category-sorted-bijection-v1,provider-map-v1
P020229,P00943,Carpenters,Carpenters,Batticaloa,Kandy,category-sorted-bijection-v1,provider-map-v1
P020230,P00944,Carpenters,Carpenters,Kalutara,Galle,category-sorted-bijection-v1,provider-map-v1
P020231,P00945,Carpenters,Carpenters,Ratnapura,Matara,category-sorted-bijection-v1,provider-map-v1
P020232,P00946,Carpenters,Carpenters,Batticaloa,Anuradhapura,category-sorted-bijection-v1,provider-map-v1
P020233,P00947,Carpenters,Carpenters,Kalutara,Kurunegala,category-sorted-bijection-v1,provider-map-v1
P020234,P00948,Carpenters,Carpenters,Gampaha,Jaffna,category-sorted-bijection-v1,provider-map-v1
P020235,P00949,Carpenters,Carpenters,Colombo,Colombo,category-sorted-bijection-v1,provider-map-v1
P020236,P00950,Carpenters,Carpenters,Batticaloa,Anuradhapura,category-sorted-bijection-v1,provider-map-v1
P020237,P00951,Carpenters,Carpenters,Jaffna,Jaffna,category-sorted-bijection-v1,provider-map-v1
P020238,P00952,Carpenters,Carpenters,Jaffna,Batticaloa,category-sorted-bijection-v1,provider-map-v1
P020239,P00953,Carpenters,Carpenters,Kurunegala,Batticaloa,category-sorted-bijection-v1,provider-map-v1
P020240,P00954,Carpenters,Carpenters,Nuwara Eliya,Kalutara,category-sorted-bijection-v1,provider-map-v1
P020241,P00955,Carpenters,Carpenters,Colombo,Gampaha,category-sorted-bijection-v1,provider-map-v1
P020242,P00956,Carpenters,Carpenters,Batticaloa,Colombo,category-sorted-bijection-v1,provider-map-v1
P020243,P00957,Carpenters,Carpenters,Colombo,Batticaloa,category-sorted-bijection-v1,provider-map-v1
P020244,P00958,Carpenters,Carpenters,Matale,Colombo,category-sorted-bijection-v1,provider-map-v1
P020245,P00959,Carpenters,Carpenters,Gampaha,Matara,category-sorted-bijection-v1,provider-map-v1
P020246,P00960,Carpenters,Carpenters,Nuwara Eliya,Galle,category-sorted-bijection-v1,provider-map-v1
P020247,P00961,Carpenters,Carpenters,Batticaloa,Kandy,category-sorted-bijection-v1,provider-map-v1
P020248,P00962,Carpenters,Carpenters,Kurunegala,Colombo,category-sorted-bijection-v1,provider-map-v1
P020249,P00963,Carpenters,Carpenters,Nuwara Eliya,Matara,category-sorted-bijection-v1,provider-map-v1
P020250,P00964,Carpenters,Carpenters,Badulla,Batticaloa,category-sorted-bijection-v1,provider-map-v1
P020251,P00965,Carpenters,Carpenters,Anuradhapura,Jaffna,category-sorted-bijection-v1,provider-map-v1
P020252,P00966,Carpenters,Carpenters,Gampaha,Matara,category-sorted-bijection-v1,provider-map-v1
P020253,P00967,Carpenters,Carpenters,Nuwara Eliya,Gampaha,category-sorted-bijection-v1,provider-map-v1
P020254,P00968,Carpenters,Carpenters,Batticaloa,Galle,category-sorted-bijection-v1,provider-map-v1
P020255,P00969,Carpenters,Carpenters,Anuradhapura,Kandy,category-sorted-bijection-v1,provider-map-v1
P020256,P00970,Carpenters,Carpenters,Galle,Anuradhapura,category-sorted-bijection-v1,provider-map-v1
P020257,P00971,Carpenters,Carpenters,Galle,Jaffna,category-sorted-bijection-v1,provider-map-v1
P020258,P00972,Carpenters,Carpenters,Nuwara Eliya,Jaffna,category-sorted-bijection-v1,provider-map-v1
P020259,P00973,Carpenters,Carpenters,Matale,Gampaha,category-sorted-bijection-v1,provider-map-v1
P020260,P00974,Carpenters,Carpenters,Kandy,Colombo,category-sorted-bijection-v1,provider-map-v1
P020261,P00975,Carpenters,Carpenters,Kalutara,Kurunegala,category-sorted-bijection-v1,provider-map-v1
P020262,P00976,Carpenters,Carpenters,Kurunegala,Anuradhapura,category-sorted-bijection-v1,provider-map-v1
P020263,P00977,Carpenters,Carpenters,Batticaloa,Gampaha,category-sorted-bijection-v1,provider-map-v1
P020264,P00978,Carpenters,Carpenters,Matale,Galle,category-sorted-bijection-v1,provider-map-v1
P020265,P00979,Carpenters,Carpenters,Matara,Matara,category-sorted-bijection-v1,provider-map-v1
P020266,P00980,Carpenters,Carpenters,Gampaha,Galle,category-sorted-bijection-v1,provider-map-v1
P020267,P00981,Carpenters,Carpenters,Nuwara Eliya,Jaffna,category-sorted-bijection-v1,provider-map-v1
P020268,P00982,Carpenters,Carpenters,Matale,Kalutara,category-sorted-bijection-v1,provider-map-v1
P020269,P00983,Carpenters,Carpenters,Badulla,Gampaha,category-sorted-bijection-v1,provider-map-v1
P020270,P00984,Carpenters,Carpenters,Batticaloa,Gampaha,category-sorted-bijection-v1,provider-map-v1
P020271,P00985,Carpenters,Carpenters,Colombo,Colombo,category-sorted-bijection-v1,provider-map-v1
P020272,P00986,Carpenters,Carpenters,Anuradhapura,Colombo,category-sorted-bijection-v1,provider-map-v1
P020273,P00987,Carpenters,Carpenters,Colombo,Batticaloa,category-sorted-bijection-v1,provider-map-v1
P020274,P00988,Carpenters,Carpenters,Badulla,Kalutara,category-sorted-bijection-v1,provider-map-v1
P020275,P00989,Carpenters,Carpenters,Matara,Galle,category-sorted-bijection-v1,provider-map-v1
P020276,P00990,Carpenters,Carpenters,Gampaha,Kurunegala,category-sorted-bijection-v1,provider-map-v1
P020277,P00991,Carpenters,Carpenters,Ratnapura,Galle,category-sorted-bijection-v1,provider-map-v1
P020278,P00992,Carpenters,Carpenters,Anuradhapura,Galle,category-sorted-bijection-v1,provider-map-v1
P020279,P00993,Carpenters,Carpenters,Kurunegala,Batticaloa,category-sorted-bijection-v1,provider-map-v1
P020280,P00994,Carpenters,Carpenters,Kurunegala,Kurunegala,category-sorted-bijection-v1,provider-map-v1
P020281,P00995,Carpenters,Carpenters,Badulla,Galle,category-sorted-bijection-v1,provider-map-v1
P020282,P00996,Carpenters,Carpenters,Jaffna,Batticaloa,category-sorted-bijection-v1,provider-map-v1
P020283,P00997,Carpenters,Carpenters,Colombo,Matara,category-sorted-bijection-v1,provider-map-v1
P020284,P00998,Carpenters,Carpenters,Kurunegala,Matara,category-sorted-bijection-v1,provider-map-v1
P020285,P00999,Carpenters,Carpenters,Badulla,Kurunegala,category-sorted-bijection-v1,provider-map-v1
P020286,P01000,Carpenters,Carpenters,Ratnapura,Batticaloa,category-sorted-bijection-v1,provider-map-v1
P020287,P01001,Carpenters,Carpenters,Anuradhapura,Galle,category-sorted-bijection-v1,provider-map-v1
P020288,P01002,Carpenters,Carpenters,Matale,Kurunegala,category-sorted-bijection-v1,provider-map-v1
P020289,P01003,Carpenters,Carpenters,Kalutara,Jaffna,category-sorted-bijection-v1,provider-map-v1
P020290,P01004,Carpenters,Carpenters,Matale,Colombo,category-sorted-bijection-v1,provider-map-v1
P020291,P01005,Carpenters,Carpenters,Badulla,Kalutara,category-sorted-bijection-v1,provider-map-v1
P020292,P01006,Carpenters,Carpenters,Batticaloa,Batticaloa,category-sorted-bijection-v1,provider-map-v1
P020293,P01007,Carpenters,Carpenters,Badulla,Kandy,category-sorted-bijection-v1,provider-map-v1
P020294,P01008,Carpenters,Carpenters,Anuradhapura,Matara,category-sorted-bijection-v1,provider-map-v1
P020295,P01009,Carpenters,Carpenters,Kurunegala,Jaffna,category-sorted-bijection-v1,provider-map-v1
P020296,P01010,Carpenters,Carpenters,Gampaha,Kalutara,category-sorted-bijection-v1,provider-map-v1
P020297,P01011,Carpenters,Carpenters,Gampaha,Kandy,category-sorted-bijection-v1,provider-map-v1
P020298,P01012,Carpenters,Carpenters,Nuwara Eliya,Kandy,category-sorted-bijection-v1,provider-map-v1
P020299,P01013,Carpenters,Carpenters,Kurunegala,Anuradhapura,category-sorted-bijection-v1,provider-map-v1
P020300,P01014,Carpenters,Carpenters,Gampaha,Kurunegala,category-sorted-bijection-v1,provider-map-v1
P020301,P01015,Carpenters,Carpenters,Matara,Batticaloa,category-sorted-bijection-v1,provider-map-v1
P020302,P01016,Carpenters,Carpenters,Anuradhapura,Jaffna,category-sorted-bijection-v1,provider-map-v1
P020303,P01017,Carpenters,Carpenters,Galle,Colombo,category-sorted-bijection-v1,provider-map-v1
P020304,P01018,Carpenters,Carpenters,Kandy,Jaffna,category-sorted-bijection-v1,provider-map-v1
P020305,P01019,Carpenters,Carpenters,Colombo,Anuradhapura,category-sorted-bijection-v1,provider-map-v1
P020306,P01020,Carpenters,Carpenters,Colombo,Matara,category-sorted-bijection-v1,provider-map-v1
P020307,P01021,Carpenters,Carpenters,Galle,Kandy,category-sorted-bijection-v1,provider-map-v1
P020308,P01022,Carpenters,Carpenters,Galle,Matara,category-sorted-bijection-v1,provider-map-v1
P020309,P01023,Carpenters,Carpenters,Colombo,Kalutara,category-sorted-bijection-v1,provider-map-v1
P020310,P01024,Carpenters,Carpenters,Kandy,Kurunegala,category-sorted-bijection-v1,provider-map-v1
P020311,P01025,Carpenters,Carpenters,Ratnapura,Kalutara,category-sorted-bijection-v1,provider-map-v1
P020312,P01026,Carpenters,Carpenters,Nuwara Eliya,Anuradhapura,category-sorted-bijection-v1,provider-map-v1
P020313,P01027,Carpenters,Carpenters,Kurunegala,Kalutara,category-sorted-bijection-v1,provider-map-v1
P020314,P01028,Carpenters,Carpenters,Batticaloa,Anuradhapura,category-sorted-bijection-v1,provider-map-v1
P020315,P01029,Carpenters,Carpenters,Batticaloa,Kurunegala,category-sorted-bijection-v1,provider-map-v1
P020316,P01030,Carpenters,Carpenters,Batticaloa,Colombo,category-sorted-bijection-v1,provider-map-v1
P020317,P01031,Carpenters,Carpenters,Anuradhapura,Jaffna,category-sorted-bijection-v1,provider-map-v1
P020318,P01032,Carpenters,Carpenters,Colombo,Kandy,category-sorted-bijection-v1,provider-map-v1
P020319,P01033,Carpenters,Carpenters,Nuwara Eliya,Gampaha,category-sorted-bijection-v1,provider-map-v1
P020320,P01034,Carpenters,Carpenters,Batticaloa,Gampaha,category-sorted-bijection-v1,provider-map-v1
P020321,P01035,Carpenters,Carpenters,Kurunegala,Anuradhapura,category-sorted-bijection-v1,provider-map-v1
P020322,P01036,Carpenters,Carpenters,Kalutara,Jaffna,category-sorted-bijection-v1,provider-map-v1
P020323,P01037,Carpenters,Carpenters,Matara,Jaffna,category-sorted-bijection-v1,provider-map-v1
P020324,P01038,Carpenters,Carpenters,Ratnapura,Galle,category-sorted-bijection-v1,provider-map-v1
P020325,P01039,Carpenters,Carpenters,Anuradhapura,Kandy,category-sorted-bijection-v1,provider-map-v1
P020326,P01040,Carpenters,Carpenters,Matale,Anuradhapura,category-sorted-bijection-v1,provider-map-v1
P020327,P01041,Carpenters,Carpenters,Jaffna,Colombo,category-sorted-bijection-v1,provider-map-v1
P020328,P01042,Carpenters,Carpenters,Gampaha,Matara,category-sorted-bijection-v1,provider-map-v1
P020329,P01043,Carpenters,Carpenters,Anuradhapura,Gampaha,category-sorted-bijection-v1,provider-map-v1
P020330,P01044,Carpenters,Carpenters,Batticaloa,Kandy,category-sorted-bijection-v1,provider-map-v1
P020331,P01045,Carpenters,Carpenters,Kandy,Colombo,category-sorted-bijection-v1,provider-map-v1
P020332,P01046,Carpenters,Carpenters,Colombo,Matara,category-sorted-bijection-v1,provider-map-v1
P020333,P01047,Carpenters,Carpenters,Batticaloa,Kalutara,category-sorted-bijection-v1,provider-map-v1
P020334,P01048,Carpenters,Carpenters,Batticaloa,Gampaha,category-sorted-bijection-v1,provider-map-v1
P020335,P01049,Carpenters,Carpenters,Matara,Colombo,category-sorted-bijection-v1,provider-map-v1
P020336,P01050,Carpenters,Carpenters,Gampaha,Kalutara,category-sorted-bijection-v1,provider-map-v1
P020337,P01051,Carpenters,Carpenters,Matara,Jaffna,category-sorted-bijection-v1,provider-map-v1
P020338,P01052,Carpenters,Carpenters,Nuwara Eliya,Galle,category-sorted-bijection-v1,provider-map-v1
P020339,P01053,Carpenters,Carpenters,Matara,Anuradhapura,category-sorted-bijection-v1,provider-map-v1
P020340,P01054,Carpenters,Carpenters,Kandy,Gampaha,category-sorted-bijection-v1,provider-map-v1
P020341,P01055,Carpenters,Carpenters,Batticaloa,Colombo,category-sorted-bijection-v1,provider-map-v1
P020342,P01056,Carpenters,Carpenters,Galle,Galle,category-sorted-bijection-v1,provider-map-v1
P020343,P01057,Carpenters,Carpenters,Colombo,Kurunegala,category-sorted-bijection-v1,provider-map-v1
P020344,P01058,Carpenters,Carpenters,Galle,Batticaloa,category-sorted-bijection-v1,provider-map-v1
P020345,P01059,Carpenters,Carpenters,Galle,Kandy,category-sorted-bijection-v1,provider-map-v1
P020346,P01060,Carpenters,Carpenters,Galle,Galle,category-sorted-bijection-v1,provider-map-v1
P020347,P01061,Carpenters,Carpenters,Colombo,Anuradhapura,category-sorted-bijection-v1,provider-map-v1
P020348,P01062,Carpenters,Carpenters,Badulla,Kalutara,category-sorted-bijection-v1,provider-map-v1
P020349,P01063,Carpenters,Carpenters,Kandy,Kandy,category-sorted-bijection-v1,provider-map-v1
P020350,P01064,Carpenters,Carpenters,Anuradhapura,Kurunegala,category-sorted-bijection-v1,provider-map-v1
P020351,P01065,Carpenters,Carpenters,Galle,Colombo,category-sorted-bijection-v1,provider-map-v1
P020352,P01066,Carpenters,Carpenters,Jaffna,Batticaloa,category-sorted-bijection-v1,provider-map-v1
P020353,P01067,Carpenters,Carpenters,Badulla,Colombo,category-sorted-bijection-v1,provider-map-v1
P020354,P01068,Carpenters,Carpenters,Matara,Matara,category-sorted-bijection-v1,provider-map-v1
P020355,P01069,Carpenters,Carpenters,Colombo,Anuradhapura,category-sorted-bijection-v1,provider-map-v1
P020356,P01070,Carpenters,Carpenters,Nuwara Eliya,Batticaloa,category-sorted-bijection-v1,provider-map-v1
P020357,P01071,Carpenters,Carpenters,Galle,Galle,category-sorted-bijection-v1,provider-map-v1
P030001,P01429,Tile,Tile,Ratnapura,Batticaloa,category-sorted-bijection-v1,provider-map-v1
P030002,P01430,Tile,Tile,Gampaha,Jaffna,category-sorted-bijection-v1,provider-map-v1
P030003,P01431,Tile,Tile,Kurunegala,Colombo,category-sorted-bijection-v1,provider-map-v1
P030004,P01432,Tile,Tile,Gampaha,Kalutara,category-sorted-bijection-v1,provider-map-v1
P030005,P01433,Tile,Tile,Batticaloa,Anuradhapura,category-sorted-bijection-v1,provider-map-v1
P030006,P01434,Tile,Tile,Jaffna,Anuradhapura,category-sorted-bijection-v1,provider-map-v1
P030007,P01435,Tile,Tile,Badulla,Matara,category-sorted-bijection-v1,provider-map-v1
P030008,P01436,Tile,Tile,Matale,Galle,category-sorted-bijection-v1,provider-map-v1
P030009,P01437,Tile,Tile,Kandy,Anuradhapura,category-sorted-bijection-v1,provider-map-v1
P030010,P01438,Tile,Tile,Matara,Galle,category-sorted-bijection-v1,provider-map-v1
P030011,P01439,Tile,Tile,Kalutara,Batticaloa,category-sorted-bijection-v1,provider-map-v1
P030012,P01440,Tile,Tile,Ratnapura,Colombo,category-sorted-bijection-v1,provider-map-v1
P030013,P01441,Tile,Tile,Nuwara Eliya,Kurunegala,category-sorted-bijection-v1,provider-map-v1
P030014,P01442,Tile,Tile,Colombo,Kalutara,category-sorted-bijection-v1,provider-map-v1
P030015,P01443,Tile,Tile,Kandy,Kurunegala,category-sorted-bijection-v1,provider-map-v1
P030016,P01444,Tile,Tile,Jaffna,Kalutara,category-sorted-bijection-v1,provider-map-v1
P030017,P01445,Tile,Tile,Gampaha,Kalutara,category-sorted-bijection-v1,provider-map-v1
P030018,P01446,Tile,Tile,Matara,Jaffna,category-sorted-bijection-v1,provider-map-v1
P030019,P01447,Tile,Tile,Batticaloa,Kurunegala,category-sorted-bijection-v1,provider-map-v1
P030020,P01448,Tile,Tile,Kalutara,Anuradhapura,category-sorted-bijection-v1,provider-map-v1
P030021,P01449,Tile,Tile,Nuwara Eliya,Matara,category-sorted-bijection-v1,provider-map-v1
P030022,P01450,Tile,Tile,Batticaloa,Jaffna,category-sorted-bijection-v1,provider-map-v1
P030023,P01451,Tile,Tile,Nuwara Eliya,Gampaha,category-sorted-bijection-v1,provider-map-v1
P030024,P01452,Tile,Tile,Gampaha,Matara,category-sorted-bijection-v1,provider-map-v1
P030025,P01453,Tile,Tile,Kandy,Gampaha,category-sorted-bijection-v1,provider-map-v1
P030026,P01454,Tile,Tile,Matara,Anuradhapura,category-sorted-bijection-v1,provider-map-v1
P030027,P01455,Tile,Tile,Galle,Kalutara,category-sorted-bijection-v1,provider-map-v1
P030028,P01456,Tile,Tile,Colombo,Batticaloa,category-sorted-bijection-v1,provider-map-v1
P030029,P01457,Tile,Tile,Galle,Gampaha,category-sorted-bijection-v1,provider-map-v1
P030030,P01458,Tile,Tile,Anuradhapura,Kandy,category-sorted-bijection-v1,provider-map-v1
P030031,P01459,Tile,Tile,Matara,Jaffna,category-sorted-bijection-v1,provider-map-v1
P030032,P01460,Tile,Tile,Badulla,Matara,category-sorted-bijection-v1,provider-map-v1
P030033,P01461,Tile,Tile,Nuwara Eliya,Jaffna,category-sorted-bijection-v1,provider-map-v1
P030034,P01462,Tile,Tile,Galle,Matara,category-sorted-bijection-v1,provider-map-v1
P030035,P01463,Tile,Tile,Badulla,Kandy,category-sorted-bijection-v1,provider-map-v1
P030036,P01464,Tile,Tile,Kurunegala,Gampaha,category-sorted-bijection-v1,provider-map-v1
P030037,P01465,Tile,Tile,Matale,Batticaloa,category-sorted-bijection-v1,provider-map-v1
P030038,P01466,Tile,Tile,Jaffna,Matara,category-sorted-bijection-v1,provider-map-v1
P030039,P01467,Tile,Tile,Galle,Galle,category-sorted-bijection-v1,provider-map-v1
P030040,P01468,Tile,Tile,Matara,Kandy,category-sorted-bijection-v1,provider-map-v1
P030041,P01469,Tile,Tile,Anuradhapura,Colombo,category-sorted-bijection-v1,provider-map-v1
P030042,P01470,Tile,Tile,Jaffna,Jaffna,category-sorted-bijection-v1,provider-map-v1
P030043,P01471,Tile,Tile,Kalutara,Matara,category-sorted-bijection-v1,provider-map-v1
P030044,P01472,Tile,Tile,Matale,Batticaloa,category-sorted-bijection-v1,provider-map-v1
P030045,P01473,Tile,Tile,Matara,Jaffna,category-sorted-bijection-v1,provider-map-v1
P030046,P01474,Tile,Tile,Gampaha,Kandy,category-sorted-bijection-v1,provider-map-v1
P030047,P01475,Tile,Tile,Colombo,Gampaha,category-sorted-bijection-v1,provider-map-v1
P030048,P01476,Tile,Tile,Colombo,Kurunegala,category-sorted-bijection-v1,provider-map-v1
P030049,P01477,Tile,Tile,Batticaloa,Kurunegala,category-sorted-bijection-v1,provider-map-v1
P030050,P01478,Tile,Tile,Anuradhapura,Jaffna,category-sorted-bijection-v1,provider-map-v1
P030051,P01479,Tile,Tile,Matara,Gampaha,category-sorted-bijection-v1,provider-map-v1
P030052,P01480,Tile,Tile,Kurunegala,Colombo,category-sorted-bijection-v1,provider-map-v1
P030053,P01481,Tile,Tile,Galle,Batticaloa,category-sorted-bijection-v1,provider-map-v1
P030054,P01482,Tile,Tile,Nuwara Eliya,Kalutara,category-sorted-bijection-v1,provider-map-v1
P030055,P01483,Tile,Tile,Badulla,Kalutara,category-sorted-bijection-v1,provider-map-v1
P030056,P01484,Tile,Tile,Kandy,Gampaha,category-sorted-bijection-v1,provider-map-v1
P030057,P01485,Tile,Tile,Nuwara Eliya,Batticaloa,category-sorted-bijection-v1,provider-map-v1
P030058,P01486,Tile,Tile,Gampaha,Matara,category-sorted-bijection-v1,provider-map-v1
P030059,P01487,Tile,Tile,Galle,Gampaha,category-sorted-bijection-v1,provider-map-v1
P030060,P01488,Tile,Tile,Colombo,Matara,category-sorted-bijection-v1,provider-map-v1
P030061,P01489,Tile,Tile,Kalutara,Colombo,category-sorted-bijection-v1,provider-map-v1
P030062,P01490,Tile,Tile,Batticaloa,Matara,category-sorted-bijection-v1,provider-map-v1
P030063,P01491,Tile,Tile,Kandy,Kurunegala,category-sorted-bijection-v1,provider-map-v1
P030064,P01492,Tile,Tile,Batticaloa,Gampaha,category-sorted-bijection-v1,provider-map-v1
P030065,P01493,Tile,Tile,Galle,Kalutara,category-sorted-bijection-v1,provider-map-v1
P030066,P01494,Tile,Tile,Galle,Kalutara,category-sorted-bijection-v1,provider-map-v1
P030067,P01495,Tile,Tile,Batticaloa,Colombo,category-sorted-bijection-v1,provider-map-v1
P030068,P01496,Tile,Tile,Ratnapura,Gampaha,category-sorted-bijection-v1,provider-map-v1
P030069,P01497,Tile,Tile,Batticaloa,Matara,category-sorted-bijection-v1,provider-map-v1
P030070,P01498,Tile,Tile,Ratnapura,Jaffna,category-sorted-bijection-v1,provider-map-v1
P030071,P01499,Tile,Tile,Anuradhapura,Batticaloa,category-sorted-bijection-v1,provider-map-v1
P030072,P01500,Tile,Tile,Badulla,Anuradhapura,category-sorted-bijection-v1,provider-map-v1
P030073,P01501,Tile,Tile,Badulla,Colombo,category-sorted-bijection-v1,provider-map-v1
P030074,P01502,Tile,Tile,Batticaloa,Kandy,category-sorted-bijection-v1,provider-map-v1
P030075,P01503,Tile,Tile,Kalutara,Batticaloa,category-sorted-bijection-v1,provider-map-v1
P030076,P01504,Tile,Tile,Gampaha,Kandy,category-sorted-bijection-v1,provider-map-v1
P030077,P01505,Tile,Tile,Ratnapura,Gampaha,category-sorted-bijection-v1,provider-map-v1
P030078,P01506,Tile,Tile,Anuradhapura,Matara,category-sorted-bijection-v1,provider-map-v1
P030079,P01507,Tile,Tile,Badulla,Kandy,category-sorted-bijection-v1,provider-map-v1
P030080,P01508,Tile,Tile,Kalutara,Galle,category-sorted-bijection-v1,provider-map-v1
P030081,P01509,Tile,Tile,Badulla,Matara,category-sorted-bijection-v1,provider-map-v1
P030082,P01510,Tile,Tile,Galle,Kandy,category-sorted-bijection-v1,provider-map-v1
P030083,P01511,Tile,Tile,Jaffna,Galle,category-sorted-bijection-v1,provider-map-v1
P030084,P01512,Tile,Tile,Batticaloa,Colombo,category-sorted-bijection-v1,provider-map-v1
P030085,P01513,Tile,Tile,Kandy,Colombo,category-sorted-bijection-v1,provider-map-v1
P030086,P01514,Tile,Tile,Gampaha,Galle,category-sorted-bijection-v1,provider-map-v1
P030087,P01515,Tile,Tile,Gampaha,Galle,category-sorted-bijection-v1,provider-map-v1
P030088,P01516,Tile,Tile,Badulla,Anuradhapura,category-sorted-bijection-v1,provider-map-v1
P030089,P01517,Tile,Tile,Galle,Jaffna,category-sorted-bijection-v1,provider-map-v1
P030090,P01518,Tile,Tile,Kandy,Batticaloa,category-sorted-bijection-v1,provider-map-v1
P030091,P01519,Tile,Tile,Galle,Colombo,category-sorted-bijection-v1,provider-map-v1
P030092,P01520,Tile,Tile,Colombo,Gampaha,category-sorted-bijection-v1,provider-map-v1
P030093,P01521,Tile,Tile,Kalutara,Anuradhapura,category-sorted-bijection-v1,provider-map-v1
P030094,P01522,Tile,Tile,Kurunegala,Kandy,category-sorted-bijection-v1,provider-map-v1
P030095,P01523,Tile,Tile,Badulla,Gampaha,category-sorted-bijection-v1,provider-map-v1
P030096,P01524,Tile,Tile,Ratnapura,Kalutara,category-sorted-bijection-v1,provider-map-v1
P030097,P01525,Tile,Tile,Batticaloa,Galle,category-sorted-bijection-v1,provider-map-v1
P030098,P01526,Tile,Tile,Jaffna,Batticaloa,category-sorted-bijection-v1,provider-map-v1
P030099,P01527,Tile,Tile,Ratnapura,Batticaloa,category-sorted-bijection-v1,provider-map-v1
P030100,P01528,Tile,Tile,Kandy,Kalutara,category-sorted-bijection-v1,provider-map-v1
P030101,P01529,Tile,Tile,Matale,Anuradhapura,category-sorted-bijection-v1,provider-map-v1
P030102,P01530,Tile,Tile,Jaffna,Batticaloa,category-sorted-bijection-v1,provider-map-v1
P030103,P01531,Tile,Tile,Matara,Colombo,category-sorted-bijection-v1,provider-map-v1
P030104,P01532,Tile,Tile,Nuwara Eliya,Kalutara,category-sorted-bijection-v1,provider-map-v1
P030105,P01533,Tile,Tile,Ratnapura,Anuradhapura,category-sorted-bijection-v1,provider-map-v1
P030106,P01534,Tile,Tile,Colombo,Gampaha,category-sorted-bijection-v1,provider-map-v1
P030107,P01535,Tile,Tile,Colombo,Gampaha,category-sorted-bijection-v1,provider-map-v1
P030108,P01536,Tile,Tile,Matara,Galle,category-sorted-bijection-v1,provider-map-v1
P030109,P01537,Tile,Tile,Kandy,Matara,category-sorted-bijection-v1,provider-map-v1
P030110,P01538,Tile,Tile,Matale,Kurunegala,category-sorted-bijection-v1,provider-map-v1
P030111,P01539,Tile,Tile,Colombo,Kalutara,category-sorted-bijection-v1,provider-map-v1
P030112,P01540,Tile,Tile,Gampaha,Kalutara,category-sorted-bijection-v1,provider-map-v1
P030113,P01541,Tile,Tile,Nuwara Eliya,Batticaloa,category-sorted-bijection-v1,provider-map-v1
P030114,P01542,Tile,Tile,Badulla,Colombo,category-sorted-bijection-v1,provider-map-v1
P030115,P01543,Tile,Tile,Nuwara Eliya,Anuradhapura,category-sorted-bijection-v1,provider-map-v1
P030116,P01544,Tile,Tile,Galle,Gampaha,category-sorted-bijection-v1,provider-map-v1
P030117,P01545,Tile,Tile,Batticaloa,Gampaha,category-sorted-bijection-v1,provider-map-v1
P030118,P01546,Tile,Tile,Matara,Gampaha,category-sorted-bijection-v1,provider-map-v1
P030119,P01547,Tile,Tile,Anuradhapura,Gampaha,category-sorted-bijection-v1,provider-map-v1
P030120,P01548,Tile,Tile,Kurunegala,Gampaha,category-sorted-bijection-v1,provider-map-v1
P030121,P01549,Tile,Tile,Kalutara,Kalutara,category-sorted-bijection-v1,provider-map-v1
P030122,P01550,Tile,Tile,Kalutara,Matara,category-sorted-bijection-v1,provider-map-v1
P030123,P01551,Tile,Tile,Matara,Kurunegala,category-sorted-bijection-v1,provider-map-v1
P030124,P01552,Tile,Tile,Badulla,Kurunegala,category-sorted-bijection-v1,provider-map-v1
P030125,P01553,Tile,Tile,Galle,Galle,category-sorted-bijection-v1,provider-map-v1
P030126,P01554,Tile,Tile,Galle,Galle,category-sorted-bijection-v1,provider-map-v1
P030127,P01555,Tile,Tile,Matara,Gampaha,category-sorted-bijection-v1,provider-map-v1
P030128,P01556,Tile,Tile,Gampaha,Colombo,category-sorted-bijection-v1,provider-map-v1
P030129,P01557,Tile,Tile,Jaffna,Batticaloa,category-sorted-bijection-v1,provider-map-v1
P030130,P01558,Tile,Tile,Ratnapura,Galle,category-sorted-bijection-v1,provider-map-v1
P030131,P01559,Tile,Tile,Kalutara,Colombo,category-sorted-bijection-v1,provider-map-v1
P030132,P01560,Tile,Tile,Nuwara Eliya,Jaffna,category-sorted-bijection-v1,provider-map-v1
P030133,P01561,Tile,Tile,Gampaha,Kalutara,category-sorted-bijection-v1,provider-map-v1
P030134,P01562,Tile,Tile,Jaffna,Kurunegala,category-sorted-bijection-v1,provider-map-v1
P030135,P01563,Tile,Tile,Matara,Kandy,category-sorted-bijection-v1,provider-map-v1
P030136,P01564,Tile,Tile,Nuwara Eliya,Kalutara,category-sorted-bijection-v1,provider-map-v1
P030137,P01565,Tile,Tile,Galle,Anuradhapura,category-sorted-bijection-v1,provider-map-v1
P030138,P01566,Tile,Tile,Batticaloa,Kandy,category-sorted-bijection-v1,provider-map-v1
P030139,P01567,Tile,Tile,Ratnapura,Jaffna,category-sorted-bijection-v1,provider-map-v1
P030140,P01568,Tile,Tile,Badulla,Colombo,category-sorted-bijection-v1,provider-map-v1
P030141,P01569,Tile,Tile,Anuradhapura,Gampaha,category-sorted-bijection-v1,provider-map-v1
P030142,P01570,Tile,Tile,Nuwara Eliya,Gampaha,category-sorted-bijection-v1,provider-map-v1
P030143,P01571,Tile,Tile,Badulla,Anuradhapura,category-sorted-bijection-v1,provider-map-v1
P030144,P01572,Tile,Tile,Batticaloa,Kalutara,category-sorted-bijection-v1,provider-map-v1
P030145,P01573,Tile,Tile,Galle,Matara,category-sorted-bijection-v1,provider-map-v1
P030146,P01574,Tile,Tile,Kandy,Galle,category-sorted-bijection-v1,provider-map-v1
P030147,P01575,Tile,Tile,Matale,Jaffna,category-sorted-bijection-v1,provider-map-v1
P030148,P01576,Tile,Tile,Kalutara,Galle,category-sorted-bijection-v1,provider-map-v1
P030149,P01577,Tile,Tile,Anuradhapura,Galle,category-sorted-bijection-v1,provider-map-v1
P030150,P01578,Tile,Tile,Badulla,Jaffna,category-sorted-bijection-v1,provider-map-v1
P030151,P01579,Tile,Tile,Colombo,Colombo,category-sorted-bijection-v1,provider-map-v1
P030152,P01580,Tile,Tile,Gampaha,Batticaloa,category-sorted-bijection-v1,provider-map-v1
P030153,P01581,Tile,Tile,Jaffna,Kalutara,category-sorted-bijection-v1,provider-map-v1
P030154,P01582,Tile,Tile,Kalutara,Batticaloa,category-sorted-bijection-v1,provider-map-v1
P030155,P01583,Tile,Tile,Kurunegala,Colombo,category-sorted-bijection-v1,provider-map-v1
P030156,P01584,Tile,Tile,Jaffna,Batticaloa,category-sorted-bijection-v1,provider-map-v1
P030157,P01585,Tile,Tile,Kandy,Kalutara,category-sorted-bijection-v1,provider-map-v1
P030158,P01586,Tile,Tile,Badulla,Jaffna,category-sorted-bijection-v1,provider-map-v1
P030159,P01587,Tile,Tile,Colombo,Kandy,category-sorted-bijection-v1,provider-map-v1
P030160,P01588,Tile,Tile,Matale,Jaffna,category-sorted-bijection-v1,provider-map-v1
P030161,P01589,Tile,Tile,Kalutara,Galle,category-sorted-bijection-v1,provider-map-v1
P030162,P01590,Tile,Tile,Matara,Anuradhapura,category-sorted-bijection-v1,provider-map-v1
P030163,P01591,Tile,Tile,Nuwara Eliya,Kalutara,category-sorted-bijection-v1,provider-map-v1
P030164,P01592,Tile,Tile,Matara,Batticaloa,category-sorted-bijection-v1,provider-map-v1
P030165,P01593,Tile,Tile,Colombo,Kalutara,category-sorted-bijection-v1,provider-map-v1
P030166,P01594,Tile,Tile,Kurunegala,Gampaha,category-sorted-bijection-v1,provider-map-v1
P030167,P01595,Tile,Tile,Gampaha,Colombo,category-sorted-bijection-v1,provider-map-v1
P030168,P01596,Tile,Tile,Kalutara,Colombo,category-sorted-bijection-v1,provider-map-v1
P030169,P01597,Tile,Tile,Galle,Batticaloa,category-sorted-bijection-v1,provider-map-v1
P030170,P01598,Tile,Tile,Matara,Batticaloa,category-sorted-bijection-v1,provider-map-v1
P030171,P01599,Tile,Tile,Kandy,Kalutara,category-sorted-bijection-v1,provider-map-v1
P030172,P01600,Tile,Tile,Gampaha,Anuradhapura,category-sorted-bijection-v1,provider-map-v1
P030173,P01601,Tile,Tile,Jaffna,Kandy,category-sorted-bijection-v1,provider-map-v1
P030174,P01602,Tile,Tile,Matara,Anuradhapura,category-sorted-bijection-v1,provider-map-v1
P030175,P01603,Tile,Tile,Matara,Colombo,category-sorted-bijection-v1,provider-map-v1
P030176,P01604,Tile,Tile,Nuwara Eliya,Jaffna,category-sorted-bijection-v1,provider-map-v1
P030177,P01605,Tile,Tile,Matara,Colombo,category-sorted-bijection-v1,provider-map-v1
P030178,P01606,Tile,Tile,Gampaha,Kalutara,category-sorted-bijection-v1,provider-map-v1
P030179,P01607,Tile,Tile,Colombo,Gampaha,category-sorted-bijection-v1,provider-map-v1
P030180,P01608,Tile,Tile,Nuwara Eliya,Jaffna,category-sorted-bijection-v1,provider-map-v1
P030181,P01609,Tile,Tile,Batticaloa,Colombo,category-sorted-bijection-v1,provider-map-v1
P030182,P01610,Tile,Tile,Kalutara,Kandy,category-sorted-bijection-v1,provider-map-v1
P030183,P01611,Tile,Tile,Gampaha,Anuradhapura,category-sorted-bijection-v1,provider-map-v1
P030184,P01612,Tile,Tile,Matale,Kurunegala,category-sorted-bijection-v1,provider-map-v1
P030185,P01613,Tile,Tile,Galle,Colombo,category-sorted-bijection-v1,provider-map-v1
P030186,P01614,Tile,Tile,Batticaloa,Kalutara,category-sorted-bijection-v1,provider-map-v1
P030187,P01615,Tile,Tile,Jaffna,Kurunegala,category-sorted-bijection-v1,provider-map-v1
P030188,P01616,Tile,Tile,Badulla,Galle,category-sorted-bijection-v1,provider-map-v1
P030189,P01617,Tile,Tile,Badulla,Kandy,category-sorted-bijection-v1,provider-map-v1
P030190,P01618,Tile,Tile,Anuradhapura,Gampaha,category-sorted-bijection-v1,provider-map-v1
P030191,P01619,Tile,Tile,Gampaha,Batticaloa,category-sorted-bijection-v1,provider-map-v1
P030192,P01620,Tile,Tile,Anuradhapura,Matara,category-sorted-bijection-v1,provider-map-v1
P030193,P01621,Tile,Tile,Badulla,Anuradhapura,category-sorted-bijection-v1,provider-map-v1
P030194,P01622,Tile,Tile,Nuwara Eliya,Kandy,category-sorted-bijection-v1,provider-map-v1
P030195,P01623,Tile,Tile,Galle,Kalutara,category-sorted-bijection-v1,provider-map-v1
P030196,P01624,Tile,Tile,Gampaha,Kalutara,category-sorted-bijection-v1,provider-map-v1
P030197,P01625,Tile,Tile,Matara,Batticaloa,category-sorted-bijection-v1,provider-map-v1
P030198,P01626,Tile,Tile,Matara,Kurunegala,category-sorted-bijection-v1,provider-map-v1
P030199,P01627,Tile,Tile,Nuwara Eliya,Colombo,category-sorted-bijection-v1,provider-map-v1
P030200,P01628,Tile,Tile,Kandy,Batticaloa,category-sorted-bijection-v1,provider-map-v1
P030201,P01629,Tile,Tile,Ratnapura,Galle,category-sorted-bijection-v1,provider-map-v1
P030202,P01630,Tile,Tile,Jaffna,Batticaloa,category-sorted-bijection-v1,provider-map-v1
P030203,P01631,Tile,Tile,Matara,Anuradhapura,category-sorted-bijection-v1,provider-map-v1
P030204,P01632,Tile,Tile,Matale,Galle,category-sorted-bijection-v1,provider-map-v1
P030205,P01633,Tile,Tile,Anuradhapura,Gampaha,category-sorted-bijection-v1,provider-map-v1
P030206,P01634,Tile,Tile,Anuradhapura,Kandy,category-sorted-bijection-v1,provider-map-v1
P030207,P01635,Tile,Tile,Ratnapura,Kalutara,category-sorted-bijection-v1,provider-map-v1
P030208,P01636,Tile,Tile,Batticaloa,Kurunegala,category-sorted-bijection-v1,provider-map-v1
P030209,P01637,Tile,Tile,Kandy,Anuradhapura,category-sorted-bijection-v1,provider-map-v1
P030210,P01638,Tile,Tile,Badulla,Jaffna,category-sorted-bijection-v1,provider-map-v1
P030211,P01639,Tile,Tile,Anuradhapura,Jaffna,category-sorted-bijection-v1,provider-map-v1
P030212,P01640,Tile,Tile,Ratnapura,Kurunegala,category-sorted-bijection-v1,provider-map-v1
P030213,P01641,Tile,Tile,Matale,Matara,category-sorted-bijection-v1,provider-map-v1
P030214,P01642,Tile,Tile,Anuradhapura,Kalutara,category-sorted-bijection-v1,provider-map-v1
P030215,P01643,Tile,Tile,Kandy,Jaffna,category-sorted-bijection-v1,provider-map-v1
P030216,P01644,Tile,Tile,Jaffna,Anuradhapura,category-sorted-bijection-v1,provider-map-v1
P030217,P01645,Tile,Tile,Kurunegala,Batticaloa,category-sorted-bijection-v1,provider-map-v1
P030218,P01646,Tile,Tile,Anuradhapura,Colombo,category-sorted-bijection-v1,provider-map-v1
P030219,P01647,Tile,Tile,Galle,Batticaloa,category-sorted-bijection-v1,provider-map-v1
P030220,P01648,Tile,Tile,Galle,Colombo,category-sorted-bijection-v1,provider-map-v1
P030221,P01649,Tile,Tile,Kalutara,Colombo,category-sorted-bijection-v1,provider-map-v1
P030222,P01650,Tile,Tile,Badulla,Anuradhapura,category-sorted-bijection-v1,provider-map-v1
P030223,P01651,Tile,Tile,Colombo,Kalutara,category-sorted-bijection-v1,provider-map-v1
P030224,P01652,Tile,Tile,Gampaha,Gampaha,category-sorted-bijection-v1,provider-map-v1
P030225,P01653,Tile,Tile,Matara,Galle,category-sorted-bijection-v1,provider-map-v1
P030226,P01654,Tile,Tile,Colombo,Jaffna,category-sorted-bijection-v1,provider-map-v1
P030227,P01655,Tile,Tile,Nuwara Eliya,Colombo,category-sorted-bijection-v1,provider-map-v1
P030228,P01656,Tile,Tile,Galle,Colombo,category-sorted-bijection-v1,provider-map-v1
P030229,P01657,Tile,Tile,Nuwara Eliya,Kandy,category-sorted-bijection-v1,provider-map-v1
P030230,P01658,Tile,Tile,Gampaha,Kurunegala,category-sorted-bijection-v1,provider-map-v1
P030231,P01659,Tile,Tile,Batticaloa,Anuradhapura,category-sorted-bijection-v1,provider-map-v1
P030232,P01660,Tile,Tile,Jaffna,Colombo,category-sorted-bijection-v1,provider-map-v1
P030233,P01661,Tile,Tile,Batticaloa,Kalutara,category-sorted-bijection-v1,provider-map-v1
P030234,P01662,Tile,Tile,Kurunegala,Galle,category-sorted-bijection-v1,provider-map-v1
P030235,P01663,Tile,Tile,Kalutara,Galle,category-sorted-bijection-v1,provider-map-v1
P030236,P01664,Tile,Tile,Batticaloa,Batticaloa,category-sorted-bijection-v1,provider-map-v1
P030237,P01665,Tile,Tile,Badulla,Matara,category-sorted-bijection-v1,provider-map-v1
P030238,P01666,Tile,Tile,Ratnapura,Jaffna,category-sorted-bijection-v1,provider-map-v1
P030239,P01667,Tile,Tile,Ratnapura,Batticaloa,category-sorted-bijection-v1,provider-map-v1
P030240,P01668,Tile,Tile,Kandy,Matara,category-sorted-bijection-v1,provider-map-v1
P030241,P01669,Tile,Tile,Jaffna,Gampaha,category-sorted-bijection-v1,provider-map-v1
P030242,P01670,Tile,Tile,Badulla,Matara,category-sorted-bijection-v1,provider-map-v1
P030243,P01671,Tile,Tile,Batticaloa,Galle,category-sorted-bijection-v1,provider-map-v1
P030244,P01672,Tile,Tile,Galle,Kurunegala,category-sorted-bijection-v1,provider-map-v1
P030245,P01673,Tile,Tile,Nuwara Eliya,Anuradhapura,category-sorted-bijection-v1,provider-map-v1
P030246,P01674,Tile,Tile,Colombo,Jaffna,category-sorted-bijection-v1,provider-map-v1
P030247,P01675,Tile,Tile,Colombo,Matara,category-sorted-bijection-v1,provider-map-v1
P030248,P01676,Tile,Tile,Colombo,Matara,category-sorted-bijection-v1,provider-map-v1
P030249,P01677,Tile,Tile,Kalutara,Anuradhapura,category-sorted-bijection-v1,provider-map-v1
P030250,P01678,Tile,Tile,Nuwara Eliya,Gampaha,category-sorted-bijection-v1,provider-map-v1
P030251,P01679,Tile,Tile,Kurunegala,Kalutara,category-sorted-bijection-v1,provider-map-v1
P030252,P01680,Tile,Tile,Ratnapura,Jaffna,category-sorted-bijection-v1,provider-map-v1
P030253,P01681,Tile,Tile,Ratnapura,Jaffna,category-sorted-bijection-v1,provider-map-v1
P030254,P01682,Tile,Tile,Kandy,Batticaloa,category-sorted-bijection-v1,provider-map-v1
P030255,P01683,Tile,Tile,Nuwara Eliya,Jaffna,category-sorted-bijection-v1,provider-map-v1
P030256,P01684,Tile,Tile,Gampaha,Colombo,category-sorted-bijection-v1,provider-map-v1
P030257,P01685,Tile,Tile,Jaffna,Kalutara,category-sorted-bijection-v1,provider-map-v1
P030258,P01686,Tile,Tile,Anuradhapura,Kurunegala,category-sorted-bijection-v1,provider-map-v1
P030259,P01687,Tile,Tile,Kandy,Kalutara,category-sorted-bijection-v1,provider-map-v1
P030260,P01688,Tile,Tile,Kurunegala,Batticaloa,category-sorted-bijection-v1,provider-map-v1
P030261,P01689,Tile,Tile,Jaffna,Colombo,category-sorted-bijection-v1,provider-map-v1
P030262,P01690,Tile,Tile,Anuradhapura,Kalutara,category-sorted-bijection-v1,provider-map-v1
P030263,P01691,Tile,Tile,Jaffna,Kalutara,category-sorted-bijection-v1,provider-map-v1
P030264,P01692,Tile,Tile,Colombo,Galle,category-sorted-bijection-v1,provider-map-v1
P030265,P01693,Tile,Tile,Batticaloa,Colombo,category-sorted-bijection-v1,provider-map-v1
P030266,P01694,Tile,Tile,Batticaloa,Galle,category-sorted-bijection-v1,provider-map-v1
P030267,P01695,Tile,Tile,Kalutara,Anuradhapura,category-sorted-bijection-v1,provider-map-v1
P030268,P01696,Tile,Tile,Gampaha,Gampaha,category-sorted-bijection-v1,provider-map-v1
P030269,P01697,Tile,Tile,Kalutara,Kalutara,category-sorted-bijection-v1,provider-map-v1
P030270,P01698,Tile,Tile,Matale,Batticaloa,category-sorted-bijection-v1,provider-map-v1
P030271,P01699,Tile,Tile,Gampaha,Kalutara,category-sorted-bijection-v1,provider-map-v1
P030272,P01700,Tile,Tile,Anuradhapura,Batticaloa,category-sorted-bijection-v1,provider-map-v1
P030273,P01701,Tile,Tile,Gampaha,Kalutara,category-sorted-bijection-v1,provider-map-v1
P030274,P01702,Tile,Tile,Kalutara,Batticaloa,category-sorted-bijection-v1,provider-map-v1
P030275,P01703,Tile,Tile,Galle,Galle,category-sorted-bijection-v1,provider-map-v1
P030276,P01704,Tile,Tile,Kurunegala,Matara,category-sorted-bijection-v1,provider-map-v1
P030277,P01705,Tile,Tile,Anuradhapura,Colombo,category-sorted-bijection-v1,provider-map-v1
P030278,P01706,Tile,Tile,Gampaha,Gampaha,category-sorted-bijection-v1,provider-map-v1
P030279,P01707,Tile,Tile,Galle,Anuradhapura,category-sorted-bijection-v1,provider-map-v1
P030280,P01708,Tile,Tile,Galle,Colombo,category-sorted-bijection-v1,provider-map-v1
P030281,P01709,Tile,Tile,Jaffna,Jaffna,category-sorted-bijection-v1,provider-map-v1
P030282,P01710,Tile,Tile,Gampaha,Batticaloa,category-sorted-bijection-v1,provider-map-v1
P030283,P01711,Tile,Tile,Kalutara,Gampaha,category-sorted-bijection-v1,provider-map-v1
P030284,P01712,Tile,Tile,Gampaha,Matara,category-sorted-bijection-v1,provider-map-v1
P030285,P01713,Tile,Tile,Ratnapura,Anuradhapura,category-sorted-bijection-v1,provider-map-v1
P030286,P01714,Tile,Tile,Nuwara Eliya,Kandy,category-sorted-bijection-v1,provider-map-v1
P030287,P01715,Tile,Tile,Batticaloa,Jaffna,category-sorted-bijection-v1,provider-map-v1
P030288,P01716,Tile,Tile,Kalutara,Kurunegala,category-sorted-bijection-v1,provider-map-v1
P030289,P01717,Tile,Tile,Ratnapura,Kurunegala,category-sorted-bijection-v1,provider-map-v1
P030290,P01718,Tile,Tile,Anuradhapura,Matara,category-sorted-bijection-v1,provider-map-v1
P030291,P01719,Tile,Tile,Galle,Colombo,category-sorted-bijection-v1,provider-map-v1
P030292,P01720,Tile,Tile,Kurunegala,Kurunegala,category-sorted-bijection-v1,provider-map-v1
P030293,P01721,Tile,Tile,Kandy,Jaffna,category-sorted-bijection-v1,provider-map-v1
P030294,P01722,Tile,Tile,Kandy,Kalutara,category-sorted-bijection-v1,provider-map-v1
P030295,P01723,Tile,Tile,Kalutara,Gampaha,category-sorted-bijection-v1,provider-map-v1
P030296,P01724,Tile,Tile,Nuwara Eliya,Matara,category-sorted-bijection-v1,provider-map-v1
P030297,P01725,Tile,Tile,Matara,Colombo,category-sorted-bijection-v1,provider-map-v1
P030298,P01726,Tile,Tile,Matale,Galle,category-sorted-bijection-v1,provider-map-v1
P030299,P01727,Tile,Tile,Jaffna,Colombo,category-sorted-bijection-v1,provider-map-v1
P030300,P01728,Tile,Tile,Badulla,Matara,category-sorted-bijection-v1,provider-map-v1
P030301,P01729,Tile,Tile,Kandy,Gampaha,category-sorted-bijection-v1,provider-map-v1
P030302,P01730,Tile,Tile,Nuwara Eliya,Kurunegala,category-sorted-bijection-v1,provider-map-v1
P030303,P01731,Tile,Tile,Galle,Kalutara,category-sorted-bijection-v1,provider-map-v1
P030304,P01732,Tile,Tile,Gampaha,Colombo,category-sorted-bijection-v1,provider-map-v1
P030305,P01733,Tile,Tile,Badulla,Galle,category-sorted-bijection-v1,provider-map-v1
P030306,P01734,Tile,Tile,Ratnapura,Matara,category-sorted-bijection-v1,provider-map-v1
P030307,P01735,Tile,Tile,Badulla,Galle,category-sorted-bijection-v1,provider-map-v1
P030308,P01736,Tile,Tile,Gampaha,Batticaloa,category-sorted-bijection-v1,provider-map-v1
P030309,P01737,Tile,Tile,Matara,Gampaha,category-sorted-bijection-v1,provider-map-v1
P030310,P01738,Tile,Tile,Colombo,Jaffna,category-sorted-bijection-v1,provider-map-v1
P030311,P01739,Tile,Tile,Matara,Colombo,category-sorted-bijection-v1,provider-map-v1
P030312,P01740,Tile,Tile,Matara,Colombo,category-sorted-bijection-v1,provider-map-v1
P030313,P01741,Tile,Tile,Nuwara Eliya,Galle,category-sorted-bijection-v1,provider-map-v1
P030314,P01742,Tile,Tile,Jaffna,Kalutara,category-sorted-bijection-v1,provider-map-v1
P030315,P01743,Tile,Tile,Kandy,Anuradhapura,category-sorted-bijection-v1,provider-map-v1
P030316,P01744,Tile,Tile,Anuradhapura,Kurunegala,category-sorted-bijection-v1,provider-map-v1
P030317,P01745,Tile,Tile,Kandy,Kurunegala,category-sorted-bijection-v1,provider-map-v1
P030318,P01746,Tile,Tile,Matale,Kurunegala,category-sorted-bijection-v1,provider-map-v1
P030319,P01747,Tile,Tile,Colombo,Anuradhapura,category-sorted-bijection-v1,provider-map-v1
P030320,P01748,Tile,Tile,Jaffna,Kurunegala,category-sorted-bijection-v1,provider-map-v1
P030321,P01749,Tile,Tile,Kurunegala,Gampaha,category-sorted-bijection-v1,provider-map-v1
P030322,P01750,Tile,Tile,Matara,Batticaloa,category-sorted-bijection-v1,provider-map-v1
P030323,P01751,Tile,Tile,Jaffna,Jaffna,category-sorted-bijection-v1,provider-map-v1
P030324,P01752,Tile,Tile,Nuwara Eliya,Matara,category-sorted-bijection-v1,provider-map-v1
P030325,P01753,Tile,Tile,Kalutara,Kalutara,category-sorted-bijection-v1,provider-map-v1
P030326,P01754,Tile,Tile,Jaffna,Galle,category-sorted-bijection-v1,provider-map-v1
P030327,P01755,Tile,Tile,Colombo,Batticaloa,category-sorted-bijection-v1,provider-map-v1
P030328,P01756,Tile,Tile,Badulla,Jaffna,category-sorted-bijection-v1,provider-map-v1
P030329,P01757,Tile,Tile,Galle,Gampaha,category-sorted-bijection-v1,provider-map-v1
P030330,P01758,Tile,Tile,Badulla,Kurunegala,category-sorted-bijection-v1,provider-map-v1
P030331,P01759,Tile,Tile,Batticaloa,Batticaloa,category-sorted-bijection-v1,provider-map-v1
P030332,P01760,Tile,Tile,Matara,Kalutara,category-sorted-bijection-v1,provider-map-v1
P030333,P01761,Tile,Tile,Matara,Kurunegala,category-sorted-bijection-v1,provider-map-v1
P030334,P01762,Tile,Tile,Kurunegala,Anuradhapura,category-sorted-bijection-v1,provider-map-v1
P030335,P01763,Tile,Tile,Jaffna,Kalutara,category-sorted-bijection-v1,provider-map-v1
P030336,P01764,Tile,Tile,Colombo,Batticaloa,category-sorted-bijection-v1,provider-map-v1
P030337,P01765,Tile,Tile,Matara,Batticaloa,category-sorted-bijection-v1,provider-map-v1
P030338,P01766,Tile,Tile,Batticaloa,Kalutara,category-sorted-bijection-v1,provider-map-v1
P030339,P01767,Tile,Tile,Jaffna,Batticaloa,category-sorted-bijection-v1,provider-map-v1
P030340,P01768,Tile,Tile,Matale,Galle,category-sorted-bijection-v1,provider-map-v1
P030341,P01769,Tile,Tile,Galle,Gampaha,category-sorted-bijection-v1,provider-map-v1
P030342,P01770,Tile,Tile,Kalutara,Anuradhapura,category-sorted-bijection-v1,provider-map-v1
P030343,P01771,Tile,Tile,Anuradhapura,Galle,category-sorted-bijection-v1,provider-map-v1
P030344,P01772,Tile,Tile,Batticaloa,Kalutara,category-sorted-bijection-v1,provider-map-v1
P030345,P01773,Tile,Tile,Matara,Matara,category-sorted-bijection-v1,provider-map-v1
P030346,P01774,Tile,Tile,Jaffna,Galle,category-sorted-bijection-v1,provider-map-v1
P030347,P01775,Tile,Tile,Jaffna,Anuradhapura,category-sorted-bijection-v1,provider-map-v1
P030348,P01776,Tile,Tile,Colombo,Kurunegala,category-sorted-bijection-v1,provider-map-v1
P030349,P01777,Tile,Tile,Matale,Colombo,category-sorted-bijection-v1,provider-map-v1
P030350,P01778,Tile,Tile,Matara,Kurunegala,category-sorted-bijection-v1,provider-map-v1
P030351,P01779,Tile,Tile,Jaffna,Kandy,category-sorted-bijection-v1,provider-map-v1
P030352,P01780,Tile,Tile,Jaffna,Anuradhapura,category-sorted-bijection-v1,provider-map-v1
P030353,P01781,Tile,Tile,Kandy,Kandy,category-sorted-bijection-v1,provider-map-v1
P030354,P01782,Tile,Tile,Galle,Kandy,category-sorted-bijection-v1,provider-map-v1
P030355,P01783,Tile,Tile,Badulla,Anuradhapura,category-sorted-bijection-v1,provider-map-v1
P030356,P01784,Tile,Tile,Kalutara,Kandy,category-sorted-bijection-v1,provider-map-v1
P030357,P01785,Tile,Tile,Kandy,Jaffna,category-sorted-bijection-v1,provider-map-v1
P040001,P02143,Plumbers,Plumbers,Galle,Galle,category-sorted-bijection-v1,provider-map-v1
P040002,P02144,Plumbers,Plumbers,Kurunegala,Galle,category-sorted-bijection-v1,provider-map-v1
P040003,P02145,Plumbers,Plumbers,Jaffna,Matara,category-sorted-bijection-v1,provider-map-v1
P040004,P02146,Plumbers,Plumbers,Jaffna,Kurunegala,category-sorted-bijection-v1,provider-map-v1
P040005,P02147,Plumbers,Plumbers,Ratnapura,Colombo,category-sorted-bijection-v1,provider-map-v1
P040006,P02148,Plumbers,Plumbers,Kurunegala,Batticaloa,category-sorted-bijection-v1,provider-map-v1
P040007,P02149,Plumbers,Plumbers,Kalutara,Gampaha,category-sorted-bijection-v1,provider-map-v1
P040008,P02150,Plumbers,Plumbers,Matara,Kurunegala,category-sorted-bijection-v1,provider-map-v1
P040009,P02151,Plumbers,Plumbers,Matara,Kandy,category-sorted-bijection-v1,provider-map-v1
P040010,P02152,Plumbers,Plumbers,Kurunegala,Kalutara,category-sorted-bijection-v1,provider-map-v1
P040011,P02153,Plumbers,Plumbers,Matale,Matara,category-sorted-bijection-v1,provider-map-v1
P040012,P02154,Plumbers,Plumbers,Matara,Galle,category-sorted-bijection-v1,provider-map-v1
P040013,P02155,Plumbers,Plumbers,Matara,Anuradhapura,category-sorted-bijection-v1,provider-map-v1
P040014,P02156,Plumbers,Plumbers,Jaffna,Batticaloa,category-sorted-bijection-v1,provider-map-v1
P040015,P02157,Plumbers,Plumbers,Kurunegala,Galle,category-sorted-bijection-v1,provider-map-v1
P040016,P02158,Plumbers,Plumbers,Kurunegala,Anuradhapura,category-sorted-bijection-v1,provider-map-v1
P040017,P02159,Plumbers,Plumbers,Ratnapura,Colombo,category-sorted-bijection-v1,provider-map-v1
P040018,P02160,Plumbers,Plumbers,Batticaloa,Colombo,category-sorted-bijection-v1,provider-map-v1
P040019,P02161,Plumbers,Plumbers,Badulla,Kurunegala,category-sorted-bijection-v1,provider-map-v1
P040020,P02162,Plumbers,Plumbers,Kalutara,Jaffna,category-sorted-bijection-v1,provider-map-v1
P040021,P02163,Plumbers,Plumbers,Matale,Kandy,category-sorted-bijection-v1,provider-map-v1
P040022,P02164,Plumbers,Plumbers,Colombo,Kalutara,category-sorted-bijection-v1,provider-map-v1
P040023,P02165,Plumbers,Plumbers,Galle,Kalutara,category-sorted-bijection-v1,provider-map-v1
P040024,P02166,Plumbers,Plumbers,Gampaha,Colombo,category-sorted-bijection-v1,provider-map-v1
P040025,P02167,Plumbers,Plumbers,Kandy,Gampaha,category-sorted-bijection-v1,provider-map-v1
P040026,P02168,Plumbers,Plumbers,Nuwara Eliya,Matara,category-sorted-bijection-v1,provider-map-v1
P040027,P02169,Plumbers,Plumbers,Colombo,Matara,category-sorted-bijection-v1,provider-map-v1
P040028,P02170,Plumbers,Plumbers,Nuwara Eliya,Matara,category-sorted-bijection-v1,provider-map-v1
P040029,P02171,Plumbers,Plumbers,Matara,Anuradhapura,category-sorted-bijection-v1,provider-map-v1
P040030,P02172,Plumbers,Plumbers,Kurunegala,Jaffna,category-sorted-bijection-v1,provider-map-v1
P040031,P02173,Plumbers,Plumbers,Matara,Matara,category-sorted-bijection-v1,provider-map-v1
P040032,P02174,Plumbers,Plumbers,Colombo,Batticaloa,category-sorted-bijection-v1,provider-map-v1
P040033,P02175,Plumbers,Plumbers,Anuradhapura,Matara,category-sorted-bijection-v1,provider-map-v1
P040034,P02176,Plumbers,Plumbers,Ratnapura,Batticaloa,category-sorted-bijection-v1,provider-map-v1
P040035,P02177,Plumbers,Plumbers,Nuwara Eliya,Batticaloa,category-sorted-bijection-v1,provider-map-v1
P040036,P02178,Plumbers,Plumbers,Kalutara,Anuradhapura,category-sorted-bijection-v1,provider-map-v1
P040037,P02179,Plumbers,Plumbers,Anuradhapura,Anuradhapura,category-sorted-bijection-v1,provider-map-v1
P040038,P02180,Plumbers,Plumbers,Galle,Kandy,category-sorted-bijection-v1,provider-map-v1
P040039,P02181,Plumbers,Plumbers,Colombo,Jaffna,category-sorted-bijection-v1,provider-map-v1
P040040,P02182,Plumbers,Plumbers,Galle,Kalutara,category-sorted-bijection-v1,provider-map-v1
P040041,P02183,Plumbers,Plumbers,Matale,Colombo,category-sorted-bijection-v1,provider-map-v1
P040042,P02184,Plumbers,Plumbers,Batticaloa,Matara,category-sorted-bijection-v1,provider-map-v1
P040043,P02185,Plumbers,Plumbers,Nuwara Eliya,Kurunegala,category-sorted-bijection-v1,provider-map-v1
P040044,P02186,Plumbers,Plumbers,Jaffna,Kalutara,category-sorted-bijection-v1,provider-map-v1
P040045,P02187,Plumbers,Plumbers,Anuradhapura,Kalutara,category-sorted-bijection-v1,provider-map-v1
P040046,P02188,Plumbers,Plumbers,Galle,Batticaloa,category-sorted-bijection-v1,provider-map-v1
P040047,P02189,Plumbers,Plumbers,Matara,Galle,category-sorted-bijection-v1,provider-map-v1
P040048,P02190,Plumbers,Plumbers,Matale,Batticaloa,category-sorted-bijection-v1,provider-map-v1
P040049,P02191,Plumbers,Plumbers,Galle,Gampaha,category-sorted-bijection-v1,provider-map-v1
P040050,P02192,Plumbers,Plumbers,Matara,Colombo,category-sorted-bijection-v1,provider-map-v1
P040051,P02193,Plumbers,Plumbers,Nuwara Eliya,Colombo,category-sorted-bijection-v1,provider-map-v1
P040052,P02194,Plumbers,Plumbers,Galle,Gampaha,category-sorted-bijection-v1,provider-map-v1
P040053,P02195,Plumbers,Plumbers,Galle,Matara,category-sorted-bijection-v1,provider-map-v1
P040054,P02196,Plumbers,Plumbers,Ratnapura,Colombo,category-sorted-bijection-v1,provider-map-v1
P040055,P02197,Plumbers,Plumbers,Jaffna,Jaffna,category-sorted-bijection-v1,provider-map-v1
P040056,P02198,Plumbers,Plumbers,Kurunegala,Matara,category-sorted-bijection-v1,provider-map-v1
P040057,P02199,Plumbers,Plumbers,Anuradhapura,Gampaha,category-sorted-bijection-v1,provider-map-v1
P040058,P02200,Plumbers,Plumbers,Colombo,Gampaha,category-sorted-bijection-v1,provider-map-v1
P040059,P02201,Plumbers,Plumbers,Badulla,Matara,category-sorted-bijection-v1,provider-map-v1
P040060,P02202,Plumbers,Plumbers,Kandy,Matara,category-sorted-bijection-v1,provider-map-v1
P040061,P02203,Plumbers,Plumbers,Nuwara Eliya,Kurunegala,category-sorted-bijection-v1,provider-map-v1
P040062,P02204,Plumbers,Plumbers,Nuwara Eliya,Kurunegala,category-sorted-bijection-v1,provider-map-v1
P040063,P02205,Plumbers,Plumbers,Kandy,Kalutara,category-sorted-bijection-v1,provider-map-v1
P040064,P02206,Plumbers,Plumbers,Galle,Kalutara,category-sorted-bijection-v1,provider-map-v1
P040065,P02207,Plumbers,Plumbers,Badulla,Batticaloa,category-sorted-bijection-v1,provider-map-v1
P040066,P02208,Plumbers,Plumbers,Matale,Kandy,category-sorted-bijection-v1,provider-map-v1
P040067,P02209,Plumbers,Plumbers,Galle,Kandy,category-sorted-bijection-v1,provider-map-v1
P040068,P02210,Plumbers,Plumbers,Badulla,Colombo,category-sorted-bijection-v1,provider-map-v1
P040069,P02211,Plumbers,Plumbers,Nuwara Eliya,Kandy,category-sorted-bijection-v1,provider-map-v1
P040070,P02212,Plumbers,Plumbers,Kurunegala,Gampaha,category-sorted-bijection-v1,provider-map-v1
P040071,P02213,Plumbers,Plumbers,Ratnapura,Jaffna,category-sorted-bijection-v1,provider-map-v1
P040072,P02214,Plumbers,Plumbers,Matara,Matara,category-sorted-bijection-v1,provider-map-v1
P040073,P02215,Plumbers,Plumbers,Batticaloa,Colombo,category-sorted-bijection-v1,provider-map-v1
P040074,P02216,Plumbers,Plumbers,Kurunegala,Matara,category-sorted-bijection-v1,provider-map-v1
P040075,P02217,Plumbers,Plumbers,Badulla,Galle,category-sorted-bijection-v1,provider-map-v1
P040076,P02218,Plumbers,Plumbers,Batticaloa,Gampaha,category-sorted-bijection-v1,provider-map-v1
P040077,P02219,Plumbers,Plumbers,Anuradhapura,Matara,category-sorted-bijection-v1,provider-map-v1
P040078,P02220,Plumbers,Plumbers,Batticaloa,Kandy,category-sorted-bijection-v1,provider-map-v1
P040079,P02221,Plumbers,Plumbers,Badulla,Jaffna,category-sorted-bijection-v1,provider-map-v1
P040080,P02222,Plumbers,Plumbers,Ratnapura,Kurunegala,category-sorted-bijection-v1,provider-map-v1
P040081,P02223,Plumbers,Plumbers,Kandy,Galle,category-sorted-bijection-v1,provider-map-v1
P040082,P02224,Plumbers,Plumbers,Kurunegala,Batticaloa,category-sorted-bijection-v1,provider-map-v1
P040083,P02225,Plumbers,Plumbers,Kalutara,Colombo,category-sorted-bijection-v1,provider-map-v1
P040084,P02226,Plumbers,Plumbers,Colombo,Kandy,category-sorted-bijection-v1,provider-map-v1
P040085,P02227,Plumbers,Plumbers,Kurunegala,Gampaha,category-sorted-bijection-v1,provider-map-v1
P040086,P02228,Plumbers,Plumbers,Matara,Galle,category-sorted-bijection-v1,provider-map-v1
P040087,P02229,Plumbers,Plumbers,Colombo,Colombo,category-sorted-bijection-v1,provider-map-v1
P040088,P02230,Plumbers,Plumbers,Anuradhapura,Galle,category-sorted-bijection-v1,provider-map-v1
P040089,P02231,Plumbers,Plumbers,Kurunegala,Matara,category-sorted-bijection-v1,provider-map-v1
P040090,P02232,Plumbers,Plumbers,Ratnapura,Kalutara,category-sorted-bijection-v1,provider-map-v1
P040091,P02233,Plumbers,Plumbers,Badulla,Gampaha,category-sorted-bijection-v1,provider-map-v1
P040092,P02234,Plumbers,Plumbers,Kandy,Kurunegala,category-sorted-bijection-v1,provider-map-v1
P040093,P02235,Plumbers,Plumbers,Kurunegala,Anuradhapura,category-sorted-bijection-v1,provider-map-v1
P040094,P02236,Plumbers,Plumbers,Matale,Anuradhapura,category-sorted-bijection-v1,provider-map-v1
P040095,P02237,Plumbers,Plumbers,Matara,Kandy,category-sorted-bijection-v1,provider-map-v1
P040096,P02238,Plumbers,Plumbers,Ratnapura,Gampaha,category-sorted-bijection-v1,provider-map-v1
P040097,P02239,Plumbers,Plumbers,Batticaloa,Anuradhapura,category-sorted-bijection-v1,provider-map-v1
P040098,P02240,Plumbers,Plumbers,Matara,Kandy,category-sorted-bijection-v1,provider-map-v1
P040099,P02241,Plumbers,Plumbers,Badulla,Matara,category-sorted-bijection-v1,provider-map-v1
P040100,P02242,Plumbers,Plumbers,Galle,Matara,category-sorted-bijection-v1,provider-map-v1
P040101,P02243,Plumbers,Plumbers,Anuradhapura,Gampaha,category-sorted-bijection-v1,provider-map-v1
P040102,P02244,Plumbers,Plumbers,Ratnapura,Kalutara,category-sorted-bijection-v1,provider-map-v1
P040103,P02245,Plumbers,Plumbers,Anuradhapura,Kandy,category-sorted-bijection-v1,provider-map-v1
P040104,P02246,Plumbers,Plumbers,Matara,Kandy,category-sorted-bijection-v1,provider-map-v1
P040105,P02247,Plumbers,Plumbers,Colombo,Colombo,category-sorted-bijection-v1,provider-map-v1
P040106,P02248,Plumbers,Plumbers,Ratnapura,Galle,category-sorted-bijection-v1,provider-map-v1
P040107,P02249,Plumbers,Plumbers,Jaffna,Jaffna,category-sorted-bijection-v1,provider-map-v1
P040108,P02250,Plumbers,Plumbers,Batticaloa,Kalutara,category-sorted-bijection-v1,provider-map-v1
P040109,P02251,Plumbers,Plumbers,Galle,Kurunegala,category-sorted-bijection-v1,provider-map-v1
P040110,P02252,Plumbers,Plumbers,Nuwara Eliya,Colombo,category-sorted-bijection-v1,provider-map-v1
P040111,P02253,Plumbers,Plumbers,Gampaha,Kandy,category-sorted-bijection-v1,provider-map-v1
P040112,P02254,Plumbers,Plumbers,Kurunegala,Kurunegala,category-sorted-bijection-v1,provider-map-v1
P040113,P02255,Plumbers,Plumbers,Colombo,Kurunegala,category-sorted-bijection-v1,provider-map-v1
P040114,P02256,Plumbers,Plumbers,Batticaloa,Kalutara,category-sorted-bijection-v1,provider-map-v1
P040115,P02257,Plumbers,Plumbers,Ratnapura,Colombo,category-sorted-bijection-v1,provider-map-v1
P040116,P02258,Plumbers,Plumbers,Badulla,Colombo,category-sorted-bijection-v1,provider-map-v1
P040117,P02259,Plumbers,Plumbers,Colombo,Anuradhapura,category-sorted-bijection-v1,provider-map-v1
P040118,P02260,Plumbers,Plumbers,Kandy,Batticaloa,category-sorted-bijection-v1,provider-map-v1
P040119,P02261,Plumbers,Plumbers,Kandy,Colombo,category-sorted-bijection-v1,provider-map-v1
P040120,P02262,Plumbers,Plumbers,Kandy,Batticaloa,category-sorted-bijection-v1,provider-map-v1
P040121,P02263,Plumbers,Plumbers,Kandy,Jaffna,category-sorted-bijection-v1,provider-map-v1
P040122,P02264,Plumbers,Plumbers,Ratnapura,Colombo,category-sorted-bijection-v1,provider-map-v1
P040123,P02265,Plumbers,Plumbers,Badulla,Kalutara,category-sorted-bijection-v1,provider-map-v1
P040124,P02266,Plumbers,Plumbers,Ratnapura,Jaffna,category-sorted-bijection-v1,provider-map-v1
P040125,P02267,Plumbers,Plumbers,Gampaha,Batticaloa,category-sorted-bijection-v1,provider-map-v1
P040126,P02268,Plumbers,Plumbers,Anuradhapura,Batticaloa,category-sorted-bijection-v1,provider-map-v1
P040127,P02269,Plumbers,Plumbers,Galle,Batticaloa,category-sorted-bijection-v1,provider-map-v1
P040128,P02270,Plumbers,Plumbers,Colombo,Kandy,category-sorted-bijection-v1,provider-map-v1
P040129,P02271,Plumbers,Plumbers,Badulla,Jaffna,category-sorted-bijection-v1,provider-map-v1
P040130,P02272,Plumbers,Plumbers,Matara,Kandy,category-sorted-bijection-v1,provider-map-v1
P040131,P02273,Plumbers,Plumbers,Anuradhapura,Matara,category-sorted-bijection-v1,provider-map-v1
P040132,P02274,Plumbers,Plumbers,Batticaloa,Kurunegala,category-sorted-bijection-v1,provider-map-v1
P040133,P02275,Plumbers,Plumbers,Kurunegala,Batticaloa,category-sorted-bijection-v1,provider-map-v1
P040134,P02276,Plumbers,Plumbers,Badulla,Kandy,category-sorted-bijection-v1,provider-map-v1
P040135,P02277,Plumbers,Plumbers,Kurunegala,Kalutara,category-sorted-bijection-v1,provider-map-v1
P040136,P02278,Plumbers,Plumbers,Gampaha,Kurunegala,category-sorted-bijection-v1,provider-map-v1
P040137,P02279,Plumbers,Plumbers,Gampaha,Kandy,category-sorted-bijection-v1,provider-map-v1
P040138,P02280,Plumbers,Plumbers,Anuradhapura,Kandy,category-sorted-bijection-v1,provider-map-v1
P040139,P02281,Plumbers,Plumbers,Ratnapura,Kalutara,category-sorted-bijection-v1,provider-map-v1
P040140,P02282,Plumbers,Plumbers,Badulla,Colombo,category-sorted-bijection-v1,provider-map-v1
P040141,P02283,Plumbers,Plumbers,Batticaloa,Jaffna,category-sorted-bijection-v1,provider-map-v1
P040142,P02284,Plumbers,Plumbers,Jaffna,Kandy,category-sorted-bijection-v1,provider-map-v1
P040143,P02285,Plumbers,Plumbers,Batticaloa,Galle,category-sorted-bijection-v1,provider-map-v1
P040144,P02286,Plumbers,Plumbers,Badulla,Jaffna,category-sorted-bijection-v1,provider-map-v1
P040145,P02287,Plumbers,Plumbers,Matale,Galle,category-sorted-bijection-v1,provider-map-v1
P040146,P02288,Plumbers,Plumbers,Batticaloa,Batticaloa,category-sorted-bijection-v1,provider-map-v1
P040147,P02289,Plumbers,Plumbers,Batticaloa,Kalutara,category-sorted-bijection-v1,provider-map-v1
P040148,P02290,Plumbers,Plumbers,Matale,Kurunegala,category-sorted-bijection-v1,provider-map-v1
P040149,P02291,Plumbers,Plumbers,Badulla,Batticaloa,category-sorted-bijection-v1,provider-map-v1
P040150,P02292,Plumbers,Plumbers,Badulla,Jaffna,category-sorted-bijection-v1,provider-map-v1
P040151,P02293,Plumbers,Plumbers,Kalutara,Galle,category-sorted-bijection-v1,provider-map-v1
P040152,P02294,Plumbers,Plumbers,Nuwara Eliya,Kalutara,category-sorted-bijection-v1,provider-map-v1
P040153,P02295,Plumbers,Plumbers,Kandy,Gampaha,category-sorted-bijection-v1,provider-map-v1
P040154,P02296,Plumbers,Plumbers,Kurunegala,Colombo,category-sorted-bijection-v1,provider-map-v1
P040155,P02297,Plumbers,Plumbers,Badulla,Kalutara,category-sorted-bijection-v1,provider-map-v1
P040156,P02298,Plumbers,Plumbers,Jaffna,Batticaloa,category-sorted-bijection-v1,provider-map-v1
P040157,P02299,Plumbers,Plumbers,Gampaha,Jaffna,category-sorted-bijection-v1,provider-map-v1
P040158,P02300,Plumbers,Plumbers,Anuradhapura,Kandy,category-sorted-bijection-v1,provider-map-v1
P040159,P02301,Plumbers,Plumbers,Colombo,Gampaha,category-sorted-bijection-v1,provider-map-v1
P040160,P02302,Plumbers,Plumbers,Anuradhapura,Matara,category-sorted-bijection-v1,provider-map-v1
P040161,P02303,Plumbers,Plumbers,Batticaloa,Colombo,category-sorted-bijection-v1,provider-map-v1
P040162,P02304,Plumbers,Plumbers,Kandy,Galle,category-sorted-bijection-v1,provider-map-v1
P040163,P02305,Plumbers,Plumbers,Nuwara Eliya,Kurunegala,category-sorted-bijection-v1,provider-map-v1
P040164,P02306,Plumbers,Plumbers,Ratnapura,Kandy,category-sorted-bijection-v1,provider-map-v1
P040165,P02307,Plumbers,Plumbers,Galle,Jaffna,category-sorted-bijection-v1,provider-map-v1
P040166,P02308,Plumbers,Plumbers,Kalutara,Gampaha,category-sorted-bijection-v1,provider-map-v1
P040167,P02309,Plumbers,Plumbers,Matale,Jaffna,category-sorted-bijection-v1,provider-map-v1
P040168,P02310,Plumbers,Plumbers,Batticaloa,Kurunegala,category-sorted-bijection-v1,provider-map-v1
P040169,P02311,Plumbers,Plumbers,Ratnapura,Jaffna,category-sorted-bijection-v1,provider-map-v1
P040170,P02312,Plumbers,Plumbers,Batticaloa,Batticaloa,category-sorted-bijection-v1,provider-map-v1
P040171,P02313,Plumbers,Plumbers,Gampaha,Kurunegala,category-sorted-bijection-v1,provider-map-v1
P040172,P02314,Plumbers,Plumbers,Kurunegala,Kandy,category-sorted-bijection-v1,provider-map-v1
P040173,P02315,Plumbers,Plumbers,Nuwara Eliya,Matara,category-sorted-bijection-v1,provider-map-v1
P040174,P02316,Plumbers,Plumbers,Kalutara,Galle,category-sorted-bijection-v1,provider-map-v1
P040175,P02317,Plumbers,Plumbers,Badulla,Jaffna,category-sorted-bijection-v1,provider-map-v1
P040176,P02318,Plumbers,Plumbers,Nuwara Eliya,Jaffna,category-sorted-bijection-v1,provider-map-v1
P040177,P02319,Plumbers,Plumbers,Jaffna,Kandy,category-sorted-bijection-v1,provider-map-v1
P040178,P02320,Plumbers,Plumbers,Kalutara,Jaffna,category-sorted-bijection-v1,provider-map-v1
P040179,P02321,Plumbers,Plumbers,Kalutara,Matara,category-sorted-bijection-v1,provider-map-v1
P040180,P02322,Plumbers,Plumbers,Jaffna,Galle,category-sorted-bijection-v1,provider-map-v1
P040181,P02323,Plumbers,Plumbers,Galle,Batticaloa,category-sorted-bijection-v1,provider-map-v1
P040182,P02324,Plumbers,Plumbers,Nuwara Eliya,Colombo,category-sorted-bijection-v1,provider-map-v1
P040183,P02325,Plumbers,Plumbers,Nuwara Eliya,Matara,category-sorted-bijection-v1,provider-map-v1
P040184,P02326,Plumbers,Plumbers,Ratnapura,Matara,category-sorted-bijection-v1,provider-map-v1
P040185,P02327,Plumbers,Plumbers,Kurunegala,Matara,category-sorted-bijection-v1,provider-map-v1
P040186,P02328,Plumbers,Plumbers,Anuradhapura,Matara,category-sorted-bijection-v1,provider-map-v1
P040187,P02329,Plumbers,Plumbers,Matale,Kurunegala,category-sorted-bijection-v1,provider-map-v1
P040188,P02330,Plumbers,Plumbers,Badulla,Kandy,category-sorted-bijection-v1,provider-map-v1
P040189,P02331,Plumbers,Plumbers,Ratnapura,Colombo,category-sorted-bijection-v1,provider-map-v1
P040190,P02332,Plumbers,Plumbers,Gampaha,Matara,category-sorted-bijection-v1,provider-map-v1
P040191,P02333,Plumbers,Plumbers,Batticaloa,Anuradhapura,category-sorted-bijection-v1,provider-map-v1
P040192,P02334,Plumbers,Plumbers,Kalutara,Kurunegala,category-sorted-bijection-v1,provider-map-v1
P040193,P02335,Plumbers,Plumbers,Jaffna,Gampaha,category-sorted-bijection-v1,provider-map-v1
P040194,P02336,Plumbers,Plumbers,Colombo,Jaffna,category-sorted-bijection-v1,provider-map-v1
P040195,P02337,Plumbers,Plumbers,Nuwara Eliya,Galle,category-sorted-bijection-v1,provider-map-v1
P040196,P02338,Plumbers,Plumbers,Badulla,Anuradhapura,category-sorted-bijection-v1,provider-map-v1
P040197,P02339,Plumbers,Plumbers,Jaffna,Colombo,category-sorted-bijection-v1,provider-map-v1
P040198,P02340,Plumbers,Plumbers,Ratnapura,Kalutara,category-sorted-bijection-v1,provider-map-v1
P040199,P02341,Plumbers,Plumbers,Kalutara,Jaffna,category-sorted-bijection-v1,provider-map-v1
P040200,P02342,Plumbers,Plumbers,Badulla,Kurunegala,category-sorted-bijection-v1,provider-map-v1
P040201,P02343,Plumbers,Plumbers,Anuradhapura,Kandy,category-sorted-bijection-v1,provider-map-v1
P040202,P02344,Plumbers,Plumbers,Kandy,Gampaha,category-sorted-bijection-v1,provider-map-v1
P040203,P02345,Plumbers,Plumbers,Batticaloa,Jaffna,category-sorted-bijection-v1,provider-map-v1
P040204,P02346,Plumbers,Plumbers,Matara,Kurunegala,category-sorted-bijection-v1,provider-map-v1
P040205,P02347,Plumbers,Plumbers,Badulla,Anuradhapura,category-sorted-bijection-v1,provider-map-v1
P040206,P02348,Plumbers,Plumbers,Badulla,Kurunegala,category-sorted-bijection-v1,provider-map-v1
P040207,P02349,Plumbers,Plumbers,Anuradhapura,Gampaha,category-sorted-bijection-v1,provider-map-v1
P040208,P02350,Plumbers,Plumbers,Matale,Colombo,category-sorted-bijection-v1,provider-map-v1
P040209,P02351,Plumbers,Plumbers,Colombo,Matara,category-sorted-bijection-v1,provider-map-v1
P040210,P02352,Plumbers,Plumbers,Galle,Batticaloa,category-sorted-bijection-v1,provider-map-v1
P040211,P02353,Plumbers,Plumbers,Batticaloa,Gampaha,category-sorted-bijection-v1,provider-map-v1
P040212,P02354,Plumbers,Plumbers,Badulla,Galle,category-sorted-bijection-v1,provider-map-v1
P040213,P02355,Plumbers,Plumbers,Anuradhapura,Galle,category-sorted-bijection-v1,provider-map-v1
P040214,P02356,Plumbers,Plumbers,Ratnapura,Kalutara,category-sorted-bijection-v1,provider-map-v1
P040215,P02357,Plumbers,Plumbers,Gampaha,Kandy,category-sorted-bijection-v1,provider-map-v1
P040216,P02358,Plumbers,Plumbers,Kandy,Matara,category-sorted-bijection-v1,provider-map-v1
P040217,P02359,Plumbers,Plumbers,Kandy,Kurunegala,category-sorted-bijection-v1,provider-map-v1
P040218,P02360,Plumbers,Plumbers,Gampaha,Kandy,category-sorted-bijection-v1,provider-map-v1
P040219,P02361,Plumbers,Plumbers,Matara,Kandy,category-sorted-bijection-v1,provider-map-v1
P040220,P02362,Plumbers,Plumbers,Colombo,Kurunegala,category-sorted-bijection-v1,provider-map-v1
P040221,P02363,Plumbers,Plumbers,Badulla,Gampaha,category-sorted-bijection-v1,provider-map-v1
P040222,P02364,Plumbers,Plumbers,Kandy,Gampaha,category-sorted-bijection-v1,provider-map-v1
P040223,P02365,Plumbers,Plumbers,Ratnapura,Kalutara,category-sorted-bijection-v1,provider-map-v1
P040224,P02366,Plumbers,Plumbers,Batticaloa,Colombo,category-sorted-bijection-v1,provider-map-v1
P040225,P02367,Plumbers,Plumbers,Jaffna,Galle,category-sorted-bijection-v1,provider-map-v1
P040226,P02368,Plumbers,Plumbers,Kalutara,Gampaha,category-sorted-bijection-v1,provider-map-v1
P040227,P02369,Plumbers,Plumbers,Jaffna,Kandy,category-sorted-bijection-v1,provider-map-v1
P040228,P02370,Plumbers,Plumbers,Ratnapura,Colombo,category-sorted-bijection-v1,provider-map-v1
P040229,P02371,Plumbers,Plumbers,Jaffna,Kalutara,category-sorted-bijection-v1,provider-map-v1
P040230,P02372,Plumbers,Plumbers,Colombo,Batticaloa,category-sorted-bijection-v1,provider-map-v1
P040231,P02373,Plumbers,Plumbers,Kurunegala,Anuradhapura,category-sorted-bijection-v1,provider-map-v1
P040232,P02374,Plumbers,Plumbers,Badulla,Kandy,category-sorted-bijection-v1,provider-map-v1
P040233,P02375,Plumbers,Plumbers,Anuradhapura,Jaffna,category-sorted-bijection-v1,provider-map-v1
P040234,P02376,Plumbers,Plumbers,Matara,Matara,category-sorted-bijection-v1,provider-map-v1
P040235,P02377,Plumbers,Plumbers,Badulla,Kalutara,category-sorted-bijection-v1,provider-map-v1
P040236,P02378,Plumbers,Plumbers,Galle,Anuradhapura,category-sorted-bijection-v1,provider-map-v1
P040237,P02379,Plumbers,Plumbers,Matale,Colombo,category-sorted-bijection-v1,provider-map-v1
P040238,P02380,Plumbers,Plumbers,Ratnapura,Kalutara,category-sorted-bijection-v1,provider-map-v1
P040239,P02381,Plumbers,Plumbers,Kandy,Kandy,category-sorted-bijection-v1,provider-map-v1
P040240,P02382,Plumbers,Plumbers,Nuwara Eliya,Jaffna,category-sorted-bijection-v1,provider-map-v1
P040241,P02383,Plumbers,Plumbers,Galle,Galle,category-sorted-bijection-v1,provider-map-v1
P040242,P02384,Plumbers,Plumbers,Jaffna,Gampaha,category-sorted-bijection-v1,provider-map-v1
P040243,P02385,Plumbers,Plumbers,Gampaha,Colombo,category-sorted-bijection-v1,provider-map-v1
P040244,P02386,Plumbers,Plumbers,Badulla,Batticaloa,category-sorted-bijection-v1,provider-map-v1
P040245,P02387,Plumbers,Plumbers,Kurunegala,Anuradhapura,category-sorted-bijection-v1,provider-map-v1
P040246,P02388,Plumbers,Plumbers,Gampaha,Colombo,category-sorted-bijection-v1,provider-map-v1
P040247,P02389,Plumbers,Plumbers,Batticaloa,Jaffna,category-sorted-bijection-v1,provider-map-v1
P040248,P02390,Plumbers,Plumbers,Colombo,Anuradhapura,category-sorted-bijection-v1,provider-map-v1
P040249,P02391,Plumbers,Plumbers,Jaffna,Batticaloa,category-sorted-bijection-v1,provider-map-v1
P040250,P02392,Plumbers,Plumbers,Anuradhapura,Batticaloa,category-sorted-bijection-v1,provider-map-v1
P040251,P02393,Plumbers,Plumbers,Galle,Batticaloa,category-sorted-bijection-v1,provider-map-v1
P040252,P02394,Plumbers,Plumbers,Gampaha,Kurunegala,category-sorted-bijection-v1,provider-map-v1
P040253,P02395,Plumbers,Plumbers,Jaffna,Gampaha,category-sorted-bijection-v1,provider-map-v1
P040254,P02396,Plumbers,Plumbers,Galle,Batticaloa,category-sorted-bijection-v1,provider-map-v1
P040255,P02397,Plumbers,Plumbers,Galle,Anuradhapura,category-sorted-bijection-v1,provider-map-v1
P040256,P02398,Plumbers,Plumbers,Galle,Kalutara,category-sorted-bijection-v1,provider-map-v1
P040257,P02399,Plumbers,Plumbers,Colombo,Jaffna,category-sorted-bijection-v1,provider-map-v1
P040258,P02400,Plumbers,Plumbers,Gampaha,Kandy,category-sorted-bijection-v1,provider-map-v1
P040259,P02401,Plumbers,Plumbers,Colombo,Anuradhapura,category-sorted-bijection-v1,provider-map-v1
P040260,P02402,Plumbers,Plumbers,Batticaloa,Kalutara,category-sorted-bijection-v1,provider-map-v1
P040261,P02403,Plumbers,Plumbers,Ratnapura,Kalutara,category-sorted-bijection-v1,provider-map-v1
P040262,P02404,Plumbers,Plumbers,Jaffna,Anuradhapura,category-sorted-bijection-v1,provider-map-v1
P040263,P02405,Plumbers,Plumbers,Kalutara,Batticaloa,category-sorted-bijection-v1,provider-map-v1
P040264,P02406,Plumbers,Plumbers,Kurunegala,Kalutara,category-sorted-bijection-v1,provider-map-v1
P040265,P02407,Plumbers,Plumbers,Kandy,Colombo,category-sorted-bijection-v1,provider-map-v1
P040266,P02408,Plumbers,Plumbers,Ratnapura,Gampaha,category-sorted-bijection-v1,provider-map-v1
P040267,P02409,Plumbers,Plumbers,Matale,Batticaloa,category-sorted-bijection-v1,provider-map-v1
P040268,P02410,Plumbers,Plumbers,Badulla,Kurunegala,category-sorted-bijection-v1,provider-map-v1
P040269,P02411,Plumbers,Plumbers,Matara,Kurunegala,category-sorted-bijection-v1,provider-map-v1
P040270,P02412,Plumbers,Plumbers,Galle,Kalutara,category-sorted-bijection-v1,provider-map-v1
P040271,P02413,Plumbers,Plumbers,Galle,Gampaha,category-sorted-bijection-v1,provider-map-v1
P040272,P02414,Plumbers,Plumbers,Badulla,Kurunegala,category-sorted-bijection-v1,provider-map-v1
P040273,P02415,Plumbers,Plumbers,Gampaha,Colombo,category-sorted-bijection-v1,provider-map-v1
P040274,P02416,Plumbers,Plumbers,Gampaha,Kandy,category-sorted-bijection-v1,provider-map-v1
P040275,P02417,Plumbers,Plumbers,Kurunegala,Anuradhapura,category-sorted-bijection-v1,provider-map-v1
P040276,P02418,Plumbers,Plumbers,Matara,Kurunegala,category-sorted-bijection-v1,provider-map-v1
P040277,P02419,Plumbers,Plumbers,Nuwara Eliya,Batticaloa,category-sorted-bijection-v1,provider-map-v1
P040278,P02420,Plumbers,Plumbers,Kandy,Anuradhapura,category-sorted-bijection-v1,provider-map-v1
P040279,P02421,Plumbers,Plumbers,Anuradhapura,Colombo,category-sorted-bijection-v1,provider-map-v1
P040280,P02422,Plumbers,Plumbers,Jaffna,Kalutara,category-sorted-bijection-v1,provider-map-v1
P040281,P02423,Plumbers,Plumbers,Jaffna,Matara,category-sorted-bijection-v1,provider-map-v1
P040282,P02424,Plumbers,Plumbers,Kandy,Jaffna,category-sorted-bijection-v1,provider-map-v1
P040283,P02425,Plumbers,Plumbers,Kurunegala,Colombo,category-sorted-bijection-v1,provider-map-v1
P040284,P02426,Plumbers,Plumbers,Badulla,Kandy,category-sorted-bijection-v1,provider-map-v1
P040285,P02427,Plumbers,Plumbers,Ratnapura,Jaffna,category-sorted-bijection-v1,provider-map-v1
P040286,P02428,Plumbers,Plumbers,Batticaloa,Matara,category-sorted-bijection-v1,provider-map-v1
P040287,P02429,Plumbers,Plumbers,Matara,Gampaha,category-sorted-bijection-v1,provider-map-v1
P040288,P02430,Plumbers,Plumbers,Badulla,Matara,category-sorted-bijection-v1,provider-map-v1
P040289,P02431,Plumbers,Plumbers,Kalutara,Matara,category-sorted-bijection-v1,provider-map-v1
P040290,P02432,Plumbers,Plumbers,Colombo,Batticaloa,category-sorted-bijection-v1,provider-map-v1
P040291,P02433,Plumbers,Plumbers,Matara,Colombo,category-sorted-bijection-v1,provider-map-v1
P040292,P02434,Plumbers,Plumbers,Kandy,Jaffna,category-sorted-bijection-v1,provider-map-v1
P040293,P02435,Plumbers,Plumbers,Galle,Batticaloa,category-sorted-bijection-v1,provider-map-v1
P040294,P02436,Plumbers,Plumbers,Kurunegala,Galle,category-sorted-bijection-v1,provider-map-v1
P040295,P02437,Plumbers,Plumbers,Anuradhapura,Kalutara,category-sorted-bijection-v1,provider-map-v1
P040296,P02438,Plumbers,Plumbers,Kandy,Jaffna,category-sorted-bijection-v1,provider-map-v1
P040297,P02439,Plumbers,Plumbers,Batticaloa,Anuradhapura,category-sorted-bijection-v1,provider-map-v1
P040298,P02440,Plumbers,Plumbers,Nuwara Eliya,Jaffna,category-sorted-bijection-v1,provider-map-v1
P040299,P02441,Plumbers,Plumbers,Galle,Batticaloa,category-sorted-bijection-v1,provider-map-v1
P040300,P02442,Plumbers,Plumbers,Colombo,Anuradhapura,category-sorted-bijection-v1,provider-map-v1
P040301,P02443,Plumbers,Plumbers,Batticaloa,Matara,category-sorted-bijection-v1,provider-map-v1
P040302,P02444,Plumbers,Plumbers,Batticaloa,Kalutara,category-sorted-bijection-v1,provider-map-v1
P040303,P02445,Plumbers,Plumbers,Anuradhapura,Kandy,category-sorted-bijection-v1,provider-map-v1
P040304,P02446,Plumbers,Plumbers,Badulla,Kandy,category-sorted-bijection-v1,provider-map-v1
P040305,P02447,Plumbers,Plumbers,Nuwara Eliya,Jaffna,category-sorted-bijection-v1,provider-map-v1
P040306,P02448,Plumbers,Plumbers,Anuradhapura,Matara,category-sorted-bijection-v1,provider-map-v1
P040307,P02449,Plumbers,Plumbers,Matara,Batticaloa,category-sorted-bijection-v1,provider-map-v1
P040308,P02450,Plumbers,Plumbers,Galle,Jaffna,category-sorted-bijection-v1,provider-map-v1
P040309,P02451,Plumbers,Plumbers,Anuradhapura,Colombo,category-sorted-bijection-v1,provider-map-v1
P040310,P02452,Plumbers,Plumbers,Batticaloa,Galle,category-sorted-bijection-v1,provider-map-v1
P040311,P02453,Plumbers,Plumbers,Nuwara Eliya,Colombo,category-sorted-bijection-v1,provider-map-v1
P040312,P02454,Plumbers,Plumbers,Batticaloa,Matara,category-sorted-bijection-v1,provider-map-v1
P040313,P02455,Plumbers,Plumbers,Ratnapura,Kalutara,category-sorted-bijection-v1,provider-map-v1
P040314,P02456,Plumbers,Plumbers,Nuwara Eliya,Kandy,category-sorted-bijection-v1,provider-map-v1
P040315,P02457,Plumbers,Plumbers,Galle,Gampaha,category-sorted-bijection-v1,provider-map-v1
P040316,P02458,Plumbers,Plumbers,Matara,Kurunegala,category-sorted-bijection-v1,provider-map-v1
P040317,P02459,Plumbers,Plumbers,Gampaha,Kurunegala,category-sorted-bijection-v1,provider-map-v1
P040318,P02460,Plumbers,Plumbers,Anuradhapura,Matara,category-sorted-bijection-v1,provider-map-v1
P040319,P02461,Plumbers,Plumbers,Badulla,Gampaha,category-sorted-bijection-v1,provider-map-v1
P040320,P02462,Plumbers,Plumbers,Kalutara,Kurunegala,category-sorted-bijection-v1,provider-map-v1
P040321,P02463,Plumbers,Plumbers,Gampaha,Anuradhapura,category-sorted-bijection-v1,provider-map-v1
P040322,P02464,Plumbers,Plumbers,Kalutara,Anuradhapura,category-sorted-bijection-v1,provider-map-v1
P040323,P02465,Plumbers,Plumbers,Galle,Matara,category-sorted-bijection-v1,provider-map-v1
P040324,P02466,Plumbers,Plumbers,Matara,Jaffna,category-sorted-bijection-v1,provider-map-v1
P040325,P02467,Plumbers,Plumbers,Kalutara,Jaffna,category-sorted-bijection-v1,provider-map-v1
P040326,P02468,Plumbers,Plumbers,Matara,Anuradhapura,category-sorted-bijection-v1,provider-map-v1
P040327,P02469,Plumbers,Plumbers,Matale,Batticaloa,category-sorted-bijection-v1,provider-map-v1
P040328,P02470,Plumbers,Plumbers,Colombo,Galle,category-sorted-bijection-v1,provider-map-v1
P040329,P02471,Plumbers,Plumbers,Kurunegala,Kandy,category-sorted-bijection-v1,provider-map-v1
P040330,P02472,Plumbers,Plumbers,Kandy,Galle,category-sorted-bijection-v1,provider-map-v1
P040331,P02473,Plumbers,Plumbers,Colombo,Jaffna,category-sorted-bijection-v1,provider-map-v1
P040332,P02474,Plumbers,Plumbers,Badulla,Kandy,category-sorted-bijection-v1,provider-map-v1
P040333,P02475,Plumbers,Plumbers,Kalutara,Kandy,category-sorted-bijection-v1,provider-map-v1
P040334,P02476,Plumbers,Plumbers,Matara,Kandy,category-sorted-bijection-v1,provider-map-v1
P040335,P02477,Plumbers,Plumbers,Kurunegala,Kalutara,category-sorted-bijection-v1,provider-map-v1
P040336,P02478,Plumbers,Plumbers,Matara,Gampaha,category-sorted-bijection-v1,provider-map-v1
P040337,P02479,Plumbers,Plumbers,Ratnapura,Anuradhapura,category-sorted-bijection-v1,provider-map-v1
P040338,P02480,Plumbers,Plumbers,Matale,Batticaloa,category-sorted-bijection-v1,provider-map-v1
P040339,P02481,Plumbers,Plumbers,Kurunegala,Gampaha,category-sorted-bijection-v1,provider-map-v1
P040340,P02482,Plumbers,Plumbers,Jaffna,Kurunegala,category-sorted-bijection-v1,provider-map-v1
P040341,P02483,Plumbers,Plumbers,Badulla,Colombo,category-sorted-bijection-v1,provider-map-v1
P040342,P02484,Plumbers,Plumbers,Anuradhapura,Kalutara,category-sorted-bijection-v1,provider-map-v1
P040343,P02485,Plumbers,Plumbers,Matale,Batticaloa,category-sorted-bijection-v1,provider-map-v1
P040344,P02486,Plumbers,Plumbers,Ratnapura,Kalutara,category-sorted-bijection-v1,provider-map-v1
P040345,P02487,Plumbers,Plumbers,Jaffna,Kalutara,category-sorted-bijection-v1,provider-map-v1
P040346,P02488,Plumbers,Plumbers,Matale,Galle,category-sorted-bijection-v1,provider-map-v1
P040347,P02489,Plumbers,Plumbers,Badulla,Anuradhapura,category-sorted-bijection-v1,provider-map-v1
P040348,P02490,Plumbers,Plumbers,Colombo,Batticaloa,category-sorted-bijection-v1,provider-map-v1
P040349,P02491,Plumbers,Plumbers,Kurunegala,Kandy,category-sorted-bijection-v1,provider-map-v1
P040350,P02492,Plumbers,Plumbers,Gampaha,Kurunegala,category-sorted-bijection-v1,provider-map-v1
P040351,P02493,Plumbers,Plumbers,Matale,Kandy,category-sorted-bijection-v1,provider-map-v1
P040352,P02494,Plumbers,Plumbers,Ratnapura,Kurunegala,category-sorted-bijection-v1,provider-map-v1
P040353,P02495,Plumbers,Plumbers,Colombo,Kurunegala,category-sorted-bijection-v1,provider-map-v1
P040354,P02496,Plumbers,Plumbers,Kurunegala,Kurunegala,category-sorted-bijection-v1,provider-map-v1
P040355,P02497,Plumbers,Plumbers,Matale,Batticaloa,category-sorted-bijection-v1,provider-map-v1
P040356,P02498,Plumbers,Plumbers,Badulla,Anuradhapura,category-sorted-bijection-v1,provider-map-v1
P040357,P02499,Plumbers,Plumbers,Kalutara,Batticaloa,category-sorted-bijection-v1,provider-map-v1
P050001,P02857,Electricians,Electricians,Nuwara Eliya,Colombo,category-sorted-bijection-v1,provider-map-v1
P050002,P02858,Electricians,Electricians,Anuradhapura,Matara,category-sorted-bijection-v1,provider-map-v1
P050003,P02859,Electricians,Electricians,Anuradhapura,Anuradhapura,category-sorted-bijection-v1,provider-map-v1
P050004,P02860,Electricians,Electricians,Badulla,Galle,category-sorted-bijection-v1,provider-map-v1
P050005,P02861,Electricians,Electricians,Batticaloa,Matara,category-sorted-bijection-v1,provider-map-v1
P050006,P02862,Electricians,Electricians,Gampaha,Jaffna,category-sorted-bijection-v1,provider-map-v1
P050007,P02863,Electricians,Electricians,Matara,Anuradhapura,category-sorted-bijection-v1,provider-map-v1
P050008,P02864,Electricians,Electricians,Gampaha,Batticaloa,category-sorted-bijection-v1,provider-map-v1
P050009,P02865,Electricians,Electricians,Colombo,Galle,category-sorted-bijection-v1,provider-map-v1
P050010,P02866,Electricians,Electricians,Kurunegala,Gampaha,category-sorted-bijection-v1,provider-map-v1
P050011,P02867,Electricians,Electricians,Kurunegala,Kalutara,category-sorted-bijection-v1,provider-map-v1
P050012,P02868,Electricians,Electricians,Jaffna,Kurunegala,category-sorted-bijection-v1,provider-map-v1
P050013,P02869,Electricians,Electricians,Anuradhapura,Galle,category-sorted-bijection-v1,provider-map-v1
P050014,P02870,Electricians,Electricians,Ratnapura,Gampaha,category-sorted-bijection-v1,provider-map-v1
P050015,P02871,Electricians,Electricians,Jaffna,Kalutara,category-sorted-bijection-v1,provider-map-v1
P050016,P02872,Electricians,Electricians,Anuradhapura,Matara,category-sorted-bijection-v1,provider-map-v1
P050017,P02873,Electricians,Electricians,Jaffna,Kalutara,category-sorted-bijection-v1,provider-map-v1
P050018,P02874,Electricians,Electricians,Kurunegala,Kurunegala,category-sorted-bijection-v1,provider-map-v1
P050019,P02875,Electricians,Electricians,Galle,Colombo,category-sorted-bijection-v1,provider-map-v1
P050020,P02876,Electricians,Electricians,Colombo,Anuradhapura,category-sorted-bijection-v1,provider-map-v1
P050021,P02877,Electricians,Electricians,Kandy,Batticaloa,category-sorted-bijection-v1,provider-map-v1
P050022,P02878,Electricians,Electricians,Matale,Galle,category-sorted-bijection-v1,provider-map-v1
P050023,P02879,Electricians,Electricians,Kandy,Gampaha,category-sorted-bijection-v1,provider-map-v1
P050024,P02880,Electricians,Electricians,Kandy,Kurunegala,category-sorted-bijection-v1,provider-map-v1
P050025,P02881,Electricians,Electricians,Kandy,Galle,category-sorted-bijection-v1,provider-map-v1
P050026,P02882,Electricians,Electricians,Gampaha,Anuradhapura,category-sorted-bijection-v1,provider-map-v1
P050027,P02883,Electricians,Electricians,Batticaloa,Kandy,category-sorted-bijection-v1,provider-map-v1
P050028,P02884,Electricians,Electricians,Batticaloa,Galle,category-sorted-bijection-v1,provider-map-v1
P050029,P02885,Electricians,Electricians,Kandy,Colombo,category-sorted-bijection-v1,provider-map-v1
P050030,P02886,Electricians,Electricians,Badulla,Anuradhapura,category-sorted-bijection-v1,provider-map-v1
P050031,P02887,Electricians,Electricians,Ratnapura,Kalutara,category-sorted-bijection-v1,provider-map-v1
P050032,P02888,Electricians,Electricians,Matale,Kurunegala,category-sorted-bijection-v1,provider-map-v1
P050033,P02889,Electricians,Electricians,Galle,Matara,category-sorted-bijection-v1,provider-map-v1
P050034,P02890,Electricians,Electricians,Colombo,Anuradhapura,category-sorted-bijection-v1,provider-map-v1
P050035,P02891,Electricians,Electricians,Kandy,Kandy,category-sorted-bijection-v1,provider-map-v1
P050036,P02892,Electricians,Electricians,Badulla,Batticaloa,category-sorted-bijection-v1,provider-map-v1
P050037,P02893,Electricians,Electricians,Batticaloa,Batticaloa,category-sorted-bijection-v1,provider-map-v1
P050038,P02894,Electricians,Electricians,Badulla,Kandy,category-sorted-bijection-v1,provider-map-v1
P050039,P02895,Electricians,Electricians,Galle,Anuradhapura,category-sorted-bijection-v1,provider-map-v1
P050040,P02896,Electricians,Electricians,Kandy,Galle,category-sorted-bijection-v1,provider-map-v1
P050041,P02897,Electricians,Electricians,Batticaloa,Galle,category-sorted-bijection-v1,provider-map-v1
P050042,P02898,Electricians,Electricians,Anuradhapura,Galle,category-sorted-bijection-v1,provider-map-v1
P050043,P02899,Electricians,Electricians,Badulla,Kandy,category-sorted-bijection-v1,provider-map-v1
P050044,P02900,Electricians,Electricians,Gampaha,Galle,category-sorted-bijection-v1,provider-map-v1
P050045,P02901,Electricians,Electricians,Jaffna,Batticaloa,category-sorted-bijection-v1,provider-map-v1
P050046,P02902,Electricians,Electricians,Colombo,Galle,category-sorted-bijection-v1,provider-map-v1
P050047,P02903,Electricians,Electricians,Colombo,Anuradhapura,category-sorted-bijection-v1,provider-map-v1
P050048,P02904,Electricians,Electricians,Nuwara Eliya,Colombo,category-sorted-bijection-v1,provider-map-v1
P050049,P02905,Electricians,Electricians,Gampaha,Galle,category-sorted-bijection-v1,provider-map-v1
P050050,P02906,Electricians,Electricians,Batticaloa,Kalutara,category-sorted-bijection-v1,provider-map-v1
P050051,P02907,Electricians,Electricians,Anuradhapura,Kandy,category-sorted-bijection-v1,provider-map-v1
P050052,P02908,Electricians,Electricians,Gampaha,Jaffna,category-sorted-bijection-v1,provider-map-v1
P050053,P02909,Electricians,Electricians,Kandy,Gampaha,category-sorted-bijection-v1,provider-map-v1
P050054,P02910,Electricians,Electricians,Badulla,Kurunegala,category-sorted-bijection-v1,provider-map-v1
P050055,P02911,Electricians,Electricians,Jaffna,Kalutara,category-sorted-bijection-v1,provider-map-v1
P050056,P02912,Electricians,Electricians,Matara,Kandy,category-sorted-bijection-v1,provider-map-v1
P050057,P02913,Electricians,Electricians,Batticaloa,Batticaloa,category-sorted-bijection-v1,provider-map-v1
P050058,P02914,Electricians,Electricians,Gampaha,Gampaha,category-sorted-bijection-v1,provider-map-v1
P050059,P02915,Electricians,Electricians,Matara,Galle,category-sorted-bijection-v1,provider-map-v1
P050060,P02916,Electricians,Electricians,Kandy,Anuradhapura,category-sorted-bijection-v1,provider-map-v1
P050061,P02917,Electricians,Electricians,Gampaha,Galle,category-sorted-bijection-v1,provider-map-v1
P050062,P02918,Electricians,Electricians,Nuwara Eliya,Jaffna,category-sorted-bijection-v1,provider-map-v1
P050063,P02919,Electricians,Electricians,Kalutara,Kalutara,category-sorted-bijection-v1,provider-map-v1
P050064,P02920,Electricians,Electricians,Jaffna,Kandy,category-sorted-bijection-v1,provider-map-v1
P050065,P02921,Electricians,Electricians,Badulla,Colombo,category-sorted-bijection-v1,provider-map-v1
P050066,P02922,Electricians,Electricians,Batticaloa,Matara,category-sorted-bijection-v1,provider-map-v1
P050067,P02923,Electricians,Electricians,Kurunegala,Kandy,category-sorted-bijection-v1,provider-map-v1
P050068,P02924,Electricians,Electricians,Matara,Gampaha,category-sorted-bijection-v1,provider-map-v1
P050069,P02925,Electricians,Electricians,Batticaloa,Matara,category-sorted-bijection-v1,provider-map-v1
P050070,P02926,Electricians,Electricians,Kurunegala,Kandy,category-sorted-bijection-v1,provider-map-v1
P050071,P02927,Electricians,Electricians,Kalutara,Kandy,category-sorted-bijection-v1,provider-map-v1
P050072,P02928,Electricians,Electricians,Kurunegala,Colombo,category-sorted-bijection-v1,provider-map-v1
P050073,P02929,Electricians,Electricians,Gampaha,Colombo,category-sorted-bijection-v1,provider-map-v1
P050074,P02930,Electricians,Electricians,Colombo,Kandy,category-sorted-bijection-v1,provider-map-v1
P050075,P02931,Electricians,Electricians,Anuradhapura,Batticaloa,category-sorted-bijection-v1,provider-map-v1
P050076,P02932,Electricians,Electricians,Matale,Jaffna,category-sorted-bijection-v1,provider-map-v1
P050077,P02933,Electricians,Electricians,Matale,Kandy,category-sorted-bijection-v1,provider-map-v1
P050078,P02934,Electricians,Electricians,Kalutara,Kurunegala,category-sorted-bijection-v1,provider-map-v1
P050079,P02935,Electricians,Electricians,Galle,Kandy,category-sorted-bijection-v1,provider-map-v1
P050080,P02936,Electricians,Electricians,Kandy,Colombo,category-sorted-bijection-v1,provider-map-v1
P050081,P02937,Electricians,Electricians,Kandy,Matara,category-sorted-bijection-v1,provider-map-v1
P050082,P02938,Electricians,Electricians,Kandy,Kalutara,category-sorted-bijection-v1,provider-map-v1
P050083,P02939,Electricians,Electricians,Gampaha,Colombo,category-sorted-bijection-v1,provider-map-v1
P050084,P02940,Electricians,Electricians,Badulla,Anuradhapura,category-sorted-bijection-v1,provider-map-v1
P050085,P02941,Electricians,Electricians,Gampaha,Galle,category-sorted-bijection-v1,provider-map-v1
P050086,P02942,Electricians,Electricians,Anuradhapura,Anuradhapura,category-sorted-bijection-v1,provider-map-v1
P050087,P02943,Electricians,Electricians,Colombo,Jaffna,category-sorted-bijection-v1,provider-map-v1
P050088,P02944,Electricians,Electricians,Batticaloa,Kalutara,category-sorted-bijection-v1,provider-map-v1
P050089,P02945,Electricians,Electricians,Kandy,Kandy,category-sorted-bijection-v1,provider-map-v1
P050090,P02946,Electricians,Electricians,Matara,Galle,category-sorted-bijection-v1,provider-map-v1
P050091,P02947,Electricians,Electricians,Kandy,Matara,category-sorted-bijection-v1,provider-map-v1
P050092,P02948,Electricians,Electricians,Ratnapura,Kandy,category-sorted-bijection-v1,provider-map-v1
P050093,P02949,Electricians,Electricians,Ratnapura,Kalutara,category-sorted-bijection-v1,provider-map-v1
P050094,P02950,Electricians,Electricians,Matara,Colombo,category-sorted-bijection-v1,provider-map-v1
P050095,P02951,Electricians,Electricians,Kurunegala,Anuradhapura,category-sorted-bijection-v1,provider-map-v1
P050096,P02952,Electricians,Electricians,Jaffna,Kandy,category-sorted-bijection-v1,provider-map-v1
P050097,P02953,Electricians,Electricians,Anuradhapura,Batticaloa,category-sorted-bijection-v1,provider-map-v1
P050098,P02954,Electricians,Electricians,Matara,Batticaloa,category-sorted-bijection-v1,provider-map-v1
P050099,P02955,Electricians,Electricians,Kalutara,Anuradhapura,category-sorted-bijection-v1,provider-map-v1
P050100,P02956,Electricians,Electricians,Ratnapura,Galle,category-sorted-bijection-v1,provider-map-v1
P050101,P02957,Electricians,Electricians,Gampaha,Matara,category-sorted-bijection-v1,provider-map-v1
P050102,P02958,Electricians,Electricians,Ratnapura,Anuradhapura,category-sorted-bijection-v1,provider-map-v1
P050103,P02959,Electricians,Electricians,Colombo,Colombo,category-sorted-bijection-v1,provider-map-v1
P050104,P02960,Electricians,Electricians,Kurunegala,Kurunegala,category-sorted-bijection-v1,provider-map-v1
P050105,P02961,Electricians,Electricians,Kurunegala,Galle,category-sorted-bijection-v1,provider-map-v1
P050106,P02962,Electricians,Electricians,Matale,Galle,category-sorted-bijection-v1,provider-map-v1
P050107,P02963,Electricians,Electricians,Matale,Gampaha,category-sorted-bijection-v1,provider-map-v1
P050108,P02964,Electricians,Electricians,Ratnapura,Kurunegala,category-sorted-bijection-v1,provider-map-v1
P050109,P02965,Electricians,Electricians,Matara,Kandy,category-sorted-bijection-v1,provider-map-v1
P050110,P02966,Electricians,Electricians,Badulla,Galle,category-sorted-bijection-v1,provider-map-v1
P050111,P02967,Electricians,Electricians,Gampaha,Gampaha,category-sorted-bijection-v1,provider-map-v1
P050112,P02968,Electricians,Electricians,Matara,Colombo,category-sorted-bijection-v1,provider-map-v1
P050113,P02969,Electricians,Electricians,Ratnapura,Jaffna,category-sorted-bijection-v1,provider-map-v1
P050114,P02970,Electricians,Electricians,Colombo,Gampaha,category-sorted-bijection-v1,provider-map-v1
P050115,P02971,Electricians,Electricians,Ratnapura,Kurunegala,category-sorted-bijection-v1,provider-map-v1
P050116,P02972,Electricians,Electricians,Gampaha,Kandy,category-sorted-bijection-v1,provider-map-v1
P050117,P02973,Electricians,Electricians,Nuwara Eliya,Galle,category-sorted-bijection-v1,provider-map-v1
P050118,P02974,Electricians,Electricians,Batticaloa,Gampaha,category-sorted-bijection-v1,provider-map-v1
P050119,P02975,Electricians,Electricians,Kandy,Jaffna,category-sorted-bijection-v1,provider-map-v1
P050120,P02976,Electricians,Electricians,Anuradhapura,Kurunegala,category-sorted-bijection-v1,provider-map-v1
P050121,P02977,Electricians,Electricians,Ratnapura,Kandy,category-sorted-bijection-v1,provider-map-v1
P050122,P02978,Electricians,Electricians,Matale,Matara,category-sorted-bijection-v1,provider-map-v1
P050123,P02979,Electricians,Electricians,Matale,Colombo,category-sorted-bijection-v1,provider-map-v1
P050124,P02980,Electricians,Electricians,Ratnapura,Jaffna,category-sorted-bijection-v1,provider-map-v1
P050125,P02981,Electricians,Electricians,Badulla,Anuradhapura,category-sorted-bijection-v1,provider-map-v1
P050126,P02982,Electricians,Electricians,Badulla,Batticaloa,category-sorted-bijection-v1,provider-map-v1
P050127,P02983,Electricians,Electricians,Kandy,Gampaha,category-sorted-bijection-v1,provider-map-v1
P050128,P02984,Electricians,Electricians,Matale,Anuradhapura,category-sorted-bijection-v1,provider-map-v1
P050129,P02985,Electricians,Electricians,Nuwara Eliya,Kandy,category-sorted-bijection-v1,provider-map-v1
P050130,P02986,Electricians,Electricians,Galle,Gampaha,category-sorted-bijection-v1,provider-map-v1
P050131,P02987,Electricians,Electricians,Ratnapura,Matara,category-sorted-bijection-v1,provider-map-v1
P050132,P02988,Electricians,Electricians,Anuradhapura,Colombo,category-sorted-bijection-v1,provider-map-v1
P050133,P02989,Electricians,Electricians,Galle,Kalutara,category-sorted-bijection-v1,provider-map-v1
P050134,P02990,Electricians,Electricians,Galle,Batticaloa,category-sorted-bijection-v1,provider-map-v1
P050135,P02991,Electricians,Electricians,Ratnapura,Kurunegala,category-sorted-bijection-v1,provider-map-v1
P050136,P02992,Electricians,Electricians,Badulla,Matara,category-sorted-bijection-v1,provider-map-v1
P050137,P02993,Electricians,Electricians,Gampaha,Kalutara,category-sorted-bijection-v1,provider-map-v1
P050138,P02994,Electricians,Electricians,Badulla,Kandy,category-sorted-bijection-v1,provider-map-v1
P050139,P02995,Electricians,Electricians,Kalutara,Kalutara,category-sorted-bijection-v1,provider-map-v1
P050140,P02996,Electricians,Electricians,Nuwara Eliya,Batticaloa,category-sorted-bijection-v1,provider-map-v1
P050141,P02997,Electricians,Electricians,Kandy,Batticaloa,category-sorted-bijection-v1,provider-map-v1
P050142,P02998,Electricians,Electricians,Colombo,Gampaha,category-sorted-bijection-v1,provider-map-v1
P050143,P02999,Electricians,Electricians,Matara,Jaffna,category-sorted-bijection-v1,provider-map-v1
P050144,P03000,Electricians,Electricians,Batticaloa,Batticaloa,category-sorted-bijection-v1,provider-map-v1
P050145,P03001,Electricians,Electricians,Matale,Kandy,category-sorted-bijection-v1,provider-map-v1
P050146,P03002,Electricians,Electricians,Gampaha,Colombo,category-sorted-bijection-v1,provider-map-v1
P050147,P03003,Electricians,Electricians,Kalutara,Gampaha,category-sorted-bijection-v1,provider-map-v1
P050148,P03004,Electricians,Electricians,Ratnapura,Kandy,category-sorted-bijection-v1,provider-map-v1
P050149,P03005,Electricians,Electricians,Matale,Kandy,category-sorted-bijection-v1,provider-map-v1
P050150,P03006,Electricians,Electricians,Kandy,Colombo,category-sorted-bijection-v1,provider-map-v1
P050151,P03007,Electricians,Electricians,Anuradhapura,Galle,category-sorted-bijection-v1,provider-map-v1
P050152,P03008,Electricians,Electricians,Galle,Gampaha,category-sorted-bijection-v1,provider-map-v1
P050153,P03009,Electricians,Electricians,Colombo,Batticaloa,category-sorted-bijection-v1,provider-map-v1
P050154,P03010,Electricians,Electricians,Matara,Batticaloa,category-sorted-bijection-v1,provider-map-v1
P050155,P03011,Electricians,Electricians,Nuwara Eliya,Galle,category-sorted-bijection-v1,provider-map-v1
P050156,P03012,Electricians,Electricians,Kalutara,Matara,category-sorted-bijection-v1,provider-map-v1
P050157,P03013,Electricians,Electricians,Ratnapura,Kurunegala,category-sorted-bijection-v1,provider-map-v1
P050158,P03014,Electricians,Electricians,Badulla,Colombo,category-sorted-bijection-v1,provider-map-v1
P050159,P03015,Electricians,Electricians,Gampaha,Anuradhapura,category-sorted-bijection-v1,provider-map-v1
P050160,P03016,Electricians,Electricians,Kalutara,Anuradhapura,category-sorted-bijection-v1,provider-map-v1
P050161,P03017,Electricians,Electricians,Galle,Batticaloa,category-sorted-bijection-v1,provider-map-v1
P050162,P03018,Electricians,Electricians,Galle,Kandy,category-sorted-bijection-v1,provider-map-v1
P050163,P03019,Electricians,Electricians,Galle,Matara,category-sorted-bijection-v1,provider-map-v1
P050164,P03020,Electricians,Electricians,Galle,Galle,category-sorted-bijection-v1,provider-map-v1
P050165,P03021,Electricians,Electricians,Matale,Matara,category-sorted-bijection-v1,provider-map-v1
P050166,P03022,Electricians,Electricians,Badulla,Kurunegala,category-sorted-bijection-v1,provider-map-v1
P050167,P03023,Electricians,Electricians,Batticaloa,Gampaha,category-sorted-bijection-v1,provider-map-v1
P050168,P03024,Electricians,Electricians,Anuradhapura,Colombo,category-sorted-bijection-v1,provider-map-v1
P050169,P03025,Electricians,Electricians,Kalutara,Matara,category-sorted-bijection-v1,provider-map-v1
P050170,P03026,Electricians,Electricians,Galle,Colombo,category-sorted-bijection-v1,provider-map-v1
P050171,P03027,Electricians,Electricians,Anuradhapura,Colombo,category-sorted-bijection-v1,provider-map-v1
P050172,P03028,Electricians,Electricians,Jaffna,Kandy,category-sorted-bijection-v1,provider-map-v1
P050173,P03029,Electricians,Electricians,Anuradhapura,Batticaloa,category-sorted-bijection-v1,provider-map-v1
P050174,P03030,Electricians,Electricians,Colombo,Jaffna,category-sorted-bijection-v1,provider-map-v1
P050175,P03031,Electricians,Electricians,Badulla,Colombo,category-sorted-bijection-v1,provider-map-v1
P050176,P03032,Electricians,Electricians,Gampaha,Gampaha,category-sorted-bijection-v1,provider-map-v1
P050177,P03033,Electricians,Electricians,Matara,Kalutara,category-sorted-bijection-v1,provider-map-v1
P050178,P03034,Electricians,Electricians,Badulla,Galle,category-sorted-bijection-v1,provider-map-v1
P050179,P03035,Electricians,Electricians,Matara,Kalutara,category-sorted-bijection-v1,provider-map-v1
P050180,P03036,Electricians,Electricians,Jaffna,Galle,category-sorted-bijection-v1,provider-map-v1
P050181,P03037,Electricians,Electricians,Anuradhapura,Galle,category-sorted-bijection-v1,provider-map-v1
P050182,P03038,Electricians,Electricians,Ratnapura,Jaffna,category-sorted-bijection-v1,provider-map-v1
P050183,P03039,Electricians,Electricians,Nuwara Eliya,Kandy,category-sorted-bijection-v1,provider-map-v1
P050184,P03040,Electricians,Electricians,Matale,Colombo,category-sorted-bijection-v1,provider-map-v1
P050185,P03041,Electricians,Electricians,Kalutara,Kandy,category-sorted-bijection-v1,provider-map-v1
P050186,P03042,Electricians,Electricians,Matara,Anuradhapura,category-sorted-bijection-v1,provider-map-v1
P050187,P03043,Electricians,Electricians,Kurunegala,Gampaha,category-sorted-bijection-v1,provider-map-v1
P050188,P03044,Electricians,Electricians,Gampaha,Batticaloa,category-sorted-bijection-v1,provider-map-v1
P050189,P03045,Electricians,Electricians,Colombo,Gampaha,category-sorted-bijection-v1,provider-map-v1
P050190,P03046,Electricians,Electricians,Badulla,Batticaloa,category-sorted-bijection-v1,provider-map-v1
P050191,P03047,Electricians,Electricians,Matara,Gampaha,category-sorted-bijection-v1,provider-map-v1
P050192,P03048,Electricians,Electricians,Badulla,Kandy,category-sorted-bijection-v1,provider-map-v1
P050193,P03049,Electricians,Electricians,Matale,Matara,category-sorted-bijection-v1,provider-map-v1
P050194,P03050,Electricians,Electricians,Galle,Anuradhapura,category-sorted-bijection-v1,provider-map-v1
P050195,P03051,Electricians,Electricians,Nuwara Eliya,Kalutara,category-sorted-bijection-v1,provider-map-v1
P050196,P03052,Electricians,Electricians,Batticaloa,Kurunegala,category-sorted-bijection-v1,provider-map-v1
P050197,P03053,Electricians,Electricians,Kalutara,Colombo,category-sorted-bijection-v1,provider-map-v1
P050198,P03054,Electricians,Electricians,Batticaloa,Kandy,category-sorted-bijection-v1,provider-map-v1
P050199,P03055,Electricians,Electricians,Batticaloa,Galle,category-sorted-bijection-v1,provider-map-v1
P050200,P03056,Electricians,Electricians,Matale,Galle,category-sorted-bijection-v1,provider-map-v1
P050201,P03057,Electricians,Electricians,Matara,Galle,category-sorted-bijection-v1,provider-map-v1
P050202,P03058,Electricians,Electricians,Gampaha,Kurunegala,category-sorted-bijection-v1,provider-map-v1
P050203,P03059,Electricians,Electricians,Galle,Colombo,category-sorted-bijection-v1,provider-map-v1
P050204,P03060,Electricians,Electricians,Matale,Galle,category-sorted-bijection-v1,provider-map-v1
P050205,P03061,Electricians,Electricians,Colombo,Galle,category-sorted-bijection-v1,provider-map-v1
P050206,P03062,Electricians,Electricians,Jaffna,Matara,category-sorted-bijection-v1,provider-map-v1
P050207,P03063,Electricians,Electricians,Ratnapura,Anuradhapura,category-sorted-bijection-v1,provider-map-v1
P050208,P03064,Electricians,Electricians,Anuradhapura,Kandy,category-sorted-bijection-v1,provider-map-v1
P050209,P03065,Electricians,Electricians,Kurunegala,Kurunegala,category-sorted-bijection-v1,provider-map-v1
P050210,P03066,Electricians,Electricians,Kurunegala,Matara,category-sorted-bijection-v1,provider-map-v1
P050211,P03067,Electricians,Electricians,Kalutara,Kandy,category-sorted-bijection-v1,provider-map-v1
P050212,P03068,Electricians,Electricians,Kalutara,Batticaloa,category-sorted-bijection-v1,provider-map-v1
P050213,P03069,Electricians,Electricians,Nuwara Eliya,Anuradhapura,category-sorted-bijection-v1,provider-map-v1
P050214,P03070,Electricians,Electricians,Matale,Batticaloa,category-sorted-bijection-v1,provider-map-v1
P050215,P03071,Electricians,Electricians,Nuwara Eliya,Kalutara,category-sorted-bijection-v1,provider-map-v1
P050216,P03072,Electricians,Electricians,Gampaha,Matara,category-sorted-bijection-v1,provider-map-v1
P050217,P03073,Electricians,Electricians,Galle,Kurunegala,category-sorted-bijection-v1,provider-map-v1
P050218,P03074,Electricians,Electricians,Matale,Gampaha,category-sorted-bijection-v1,provider-map-v1
P050219,P03075,Electricians,Electricians,Galle,Anuradhapura,category-sorted-bijection-v1,provider-map-v1
P050220,P03076,Electricians,Electricians,Galle,Colombo,category-sorted-bijection-v1,provider-map-v1
P050221,P03077,Electricians,Electricians,Kandy,Kalutara,category-sorted-bijection-v1,provider-map-v1
P050222,P03078,Electricians,Electricians,Anuradhapura,Kalutara,category-sorted-bijection-v1,provider-map-v1
P050223,P03079,Electricians,Electricians,Galle,Matara,category-sorted-bijection-v1,provider-map-v1
P050224,P03080,Electricians,Electricians,Matale,Kandy,category-sorted-bijection-v1,provider-map-v1
P050225,P03081,Electricians,Electricians,Matara,Batticaloa,category-sorted-bijection-v1,provider-map-v1
P050226,P03082,Electricians,Electricians,Kandy,Jaffna,category-sorted-bijection-v1,provider-map-v1
P050227,P03083,Electricians,Electricians,Kurunegala,Gampaha,category-sorted-bijection-v1,provider-map-v1
P050228,P03084,Electricians,Electricians,Jaffna,Galle,category-sorted-bijection-v1,provider-map-v1
P050229,P03085,Electricians,Electricians,Batticaloa,Batticaloa,category-sorted-bijection-v1,provider-map-v1
P050230,P03086,Electricians,Electricians,Anuradhapura,Kurunegala,category-sorted-bijection-v1,provider-map-v1
P050231,P03087,Electricians,Electricians,Kandy,Kandy,category-sorted-bijection-v1,provider-map-v1
P050232,P03088,Electricians,Electricians,Matale,Jaffna,category-sorted-bijection-v1,provider-map-v1
P050233,P03089,Electricians,Electricians,Anuradhapura,Batticaloa,category-sorted-bijection-v1,provider-map-v1
P050234,P03090,Electricians,Electricians,Kurunegala,Gampaha,category-sorted-bijection-v1,provider-map-v1
P050235,P03091,Electricians,Electricians,Badulla,Jaffna,category-sorted-bijection-v1,provider-map-v1
P050236,P03092,Electricians,Electricians,Batticaloa,Matara,category-sorted-bijection-v1,provider-map-v1
P050237,P03093,Electricians,Electricians,Batticaloa,Jaffna,category-sorted-bijection-v1,provider-map-v1
P050238,P03094,Electricians,Electricians,Ratnapura,Jaffna,category-sorted-bijection-v1,provider-map-v1
P050239,P03095,Electricians,Electricians,Colombo,Galle,category-sorted-bijection-v1,provider-map-v1
P050240,P03096,Electricians,Electricians,Anuradhapura,Batticaloa,category-sorted-bijection-v1,provider-map-v1
P050241,P03097,Electricians,Electricians,Batticaloa,Kalutara,category-sorted-bijection-v1,provider-map-v1
P050242,P03098,Electricians,Electricians,Anuradhapura,Kalutara,category-sorted-bijection-v1,provider-map-v1
P050243,P03099,Electricians,Electricians,Ratnapura,Gampaha,category-sorted-bijection-v1,provider-map-v1
P050244,P03100,Electricians,Electricians,Colombo,Anuradhapura,category-sorted-bijection-v1,provider-map-v1
P050245,P03101,Electricians,Electricians,Gampaha,Gampaha,category-sorted-bijection-v1,provider-map-v1
P050246,P03102,Electricians,Electricians,Jaffna,Galle,category-sorted-bijection-v1,provider-map-v1
P050247,P03103,Electricians,Electricians,Anuradhapura,Kurunegala,category-sorted-bijection-v1,provider-map-v1
P050248,P03104,Electricians,Electricians,Galle,Kandy,category-sorted-bijection-v1,provider-map-v1
P050249,P03105,Electricians,Electricians,Gampaha,Galle,category-sorted-bijection-v1,provider-map-v1
P050250,P03106,Electricians,Electricians,Matara,Jaffna,category-sorted-bijection-v1,provider-map-v1
P050251,P03107,Electricians,Electricians,Kandy,Galle,category-sorted-bijection-v1,provider-map-v1
P050252,P03108,Electricians,Electricians,Batticaloa,Galle,category-sorted-bijection-v1,provider-map-v1
P050253,P03109,Electricians,Electricians,Jaffna,Kandy,category-sorted-bijection-v1,provider-map-v1
P050254,P03110,Electricians,Electricians,Batticaloa,Jaffna,category-sorted-bijection-v1,provider-map-v1
P050255,P03111,Electricians,Electricians,Badulla,Jaffna,category-sorted-bijection-v1,provider-map-v1
P050256,P03112,Electricians,Electricians,Nuwara Eliya,Jaffna,category-sorted-bijection-v1,provider-map-v1
P050257,P03113,Electricians,Electricians,Anuradhapura,Kalutara,category-sorted-bijection-v1,provider-map-v1
P050258,P03114,Electricians,Electricians,Ratnapura,Galle,category-sorted-bijection-v1,provider-map-v1
P050259,P03115,Electricians,Electricians,Galle,Galle,category-sorted-bijection-v1,provider-map-v1
P050260,P03116,Electricians,Electricians,Ratnapura,Batticaloa,category-sorted-bijection-v1,provider-map-v1
P050261,P03117,Electricians,Electricians,Jaffna,Jaffna,category-sorted-bijection-v1,provider-map-v1
P050262,P03118,Electricians,Electricians,Batticaloa,Jaffna,category-sorted-bijection-v1,provider-map-v1
P050263,P03119,Electricians,Electricians,Colombo,Kandy,category-sorted-bijection-v1,provider-map-v1
P050264,P03120,Electricians,Electricians,Nuwara Eliya,Matara,category-sorted-bijection-v1,provider-map-v1
P050265,P03121,Electricians,Electricians,Badulla,Kandy,category-sorted-bijection-v1,provider-map-v1
P050266,P03122,Electricians,Electricians,Badulla,Batticaloa,category-sorted-bijection-v1,provider-map-v1
P050267,P03123,Electricians,Electricians,Jaffna,Anuradhapura,category-sorted-bijection-v1,provider-map-v1
P050268,P03124,Electricians,Electricians,Matale,Kurunegala,category-sorted-bijection-v1,provider-map-v1
P050269,P03125,Electricians,Electricians,Ratnapura,Matara,category-sorted-bijection-v1,provider-map-v1
P050270,P03126,Electricians,Electricians,Galle,Kurunegala,category-sorted-bijection-v1,provider-map-v1
P050271,P03127,Electricians,Electricians,Kalutara,Kalutara,category-sorted-bijection-v1,provider-map-v1
P050272,P03128,Electricians,Electricians,Badulla,Matara,category-sorted-bijection-v1,provider-map-v1
P050273,P03129,Electricians,Electricians,Matara,Jaffna,category-sorted-bijection-v1,provider-map-v1
P050274,P03130,Electricians,Electricians,Kandy,Kalutara,category-sorted-bijection-v1,provider-map-v1
P050275,P03131,Electricians,Electricians,Colombo,Anuradhapura,category-sorted-bijection-v1,provider-map-v1
P050276,P03132,Electricians,Electricians,Galle,Jaffna,category-sorted-bijection-v1,provider-map-v1
P050277,P03133,Electricians,Electricians,Kandy,Kalutara,category-sorted-bijection-v1,provider-map-v1
P050278,P03134,Electricians,Electricians,Kandy,Jaffna,category-sorted-bijection-v1,provider-map-v1
P050279,P03135,Electricians,Electricians,Ratnapura,Kurunegala,category-sorted-bijection-v1,provider-map-v1
P050280,P03136,Electricians,Electricians,Kurunegala,Jaffna,category-sorted-bijection-v1,provider-map-v1
P050281,P03137,Electricians,Electricians,Badulla,Matara,category-sorted-bijection-v1,provider-map-v1
P050282,P03138,Electricians,Electricians,Kalutara,Kalutara,category-sorted-bijection-v1,provider-map-v1
P050283,P03139,Electricians,Electricians,Colombo,Kandy,category-sorted-bijection-v1,provider-map-v1
P050284,P03140,Electricians,Electricians,Matale,Gampaha,category-sorted-bijection-v1,provider-map-v1
P050285,P03141,Electricians,Electricians,Matale,Galle,category-sorted-bijection-v1,provider-map-v1
P050286,P03142,Electricians,Electricians,Nuwara Eliya,Gampaha,category-sorted-bijection-v1,provider-map-v1
P050287,P03143,Electricians,Electricians,Matara,Galle,category-sorted-bijection-v1,provider-map-v1
P050288,P03144,Electricians,Electricians,Badulla,Anuradhapura,category-sorted-bijection-v1,provider-map-v1
P050289,P03145,Electricians,Electricians,Anuradhapura,Colombo,category-sorted-bijection-v1,provider-map-v1
P050290,P03146,Electricians,Electricians,Kandy,Jaffna,category-sorted-bijection-v1,provider-map-v1
P050291,P03147,Electricians,Electricians,Jaffna,Gampaha,category-sorted-bijection-v1,provider-map-v1
P050292,P03148,Electricians,Electricians,Colombo,Matara,category-sorted-bijection-v1,provider-map-v1
P050293,P03149,Electricians,Electricians,Gampaha,Kurunegala,category-sorted-bijection-v1,provider-map-v1
P050294,P03150,Electricians,Electricians,Matara,Matara,category-sorted-bijection-v1,provider-map-v1
P050295,P03151,Electricians,Electricians,Galle,Jaffna,category-sorted-bijection-v1,provider-map-v1
P050296,P03152,Electricians,Electricians,Nuwara Eliya,Matara,category-sorted-bijection-v1,provider-map-v1
P050297,P03153,Electricians,Electricians,Kurunegala,Colombo,category-sorted-bijection-v1,provider-map-v1
P050298,P03154,Electricians,Electricians,Kurunegala,Kandy,category-sorted-bijection-v1,provider-map-v1
P050299,P03155,Electricians,Electricians,Colombo,Anuradhapura,category-sorted-bijection-v1,provider-map-v1
P050300,P03156,Electricians,Electricians,Galle,Gampaha,category-sorted-bijection-v1,provider-map-v1
P050301,P03157,Electricians,Electricians,Kandy,Anuradhapura,category-sorted-bijection-v1,provider-map-v1
P050302,P03158,Electricians,Electricians,Kandy,Kurunegala,category-sorted-bijection-v1,provider-map-v1
P050303,P03159,Electricians,Electricians,Nuwara Eliya,Kalutara,category-sorted-bijection-v1,provider-map-v1
P050304,P03160,Electricians,Electricians,Batticaloa,Jaffna,category-sorted-bijection-v1,provider-map-v1
P050305,P03161,Electricians,Electricians,Kandy,Matara,category-sorted-bijection-v1,provider-map-v1
P050306,P03162,Electricians,Electricians,Gampaha,Colombo,category-sorted-bijection-v1,provider-map-v1
P050307,P03163,Electricians,Electricians,Colombo,Gampaha,category-sorted-bijection-v1,provider-map-v1
P050308,P03164,Electricians,Electricians,Galle,Galle,category-sorted-bijection-v1,provider-map-v1
P050309,P03165,Electricians,Electricians,Ratnapura,Kalutara,category-sorted-bijection-v1,provider-map-v1
P050310,P03166,Electricians,Electricians,Kandy,Colombo,category-sorted-bijection-v1,provider-map-v1
P050311,P03167,Electricians,Electricians,Kalutara,Kalutara,category-sorted-bijection-v1,provider-map-v1
P050312,P03168,Electricians,Electricians,Badulla,Kalutara,category-sorted-bijection-v1,provider-map-v1
P050313,P03169,Electricians,Electricians,Matale,Kurunegala,category-sorted-bijection-v1,provider-map-v1
P050314,P03170,Electricians,Electricians,Badulla,Galle,category-sorted-bijection-v1,provider-map-v1
P050315,P03171,Electricians,Electricians,Colombo,Colombo,category-sorted-bijection-v1,provider-map-v1
P050316,P03172,Electricians,Electricians,Kurunegala,Kalutara,category-sorted-bijection-v1,provider-map-v1
P050317,P03173,Electricians,Electricians,Colombo,Jaffna,category-sorted-bijection-v1,provider-map-v1
P050318,P03174,Electricians,Electricians,Kurunegala,Galle,category-sorted-bijection-v1,provider-map-v1
P050319,P03175,Electricians,Electricians,Matara,Galle,category-sorted-bijection-v1,provider-map-v1
P050320,P03176,Electricians,Electricians,Kurunegala,Anuradhapura,category-sorted-bijection-v1,provider-map-v1
P050321,P03177,Electricians,Electricians,Jaffna,Colombo,category-sorted-bijection-v1,provider-map-v1
P050322,P03178,Electricians,Electricians,Kandy,Galle,category-sorted-bijection-v1,provider-map-v1
P050323,P03179,Electricians,Electricians,Matale,Kandy,category-sorted-bijection-v1,provider-map-v1
P050324,P03180,Electricians,Electricians,Kalutara,Kurunegala,category-sorted-bijection-v1,provider-map-v1
P050325,P03181,Electricians,Electricians,Kalutara,Jaffna,category-sorted-bijection-v1,provider-map-v1
P050326,P03182,Electricians,Electricians,Anuradhapura,Jaffna,category-sorted-bijection-v1,provider-map-v1
P050327,P03183,Electricians,Electricians,Gampaha,Anuradhapura,category-sorted-bijection-v1,provider-map-v1
P050328,P03184,Electricians,Electricians,Galle,Batticaloa,category-sorted-bijection-v1,provider-map-v1
P050329,P03185,Electricians,Electricians,Jaffna,Matara,category-sorted-bijection-v1,provider-map-v1
P050330,P03186,Electricians,Electricians,Matara,Matara,category-sorted-bijection-v1,provider-map-v1
P050331,P03187,Electricians,Electricians,Matale,Gampaha,category-sorted-bijection-v1,provider-map-v1
P050332,P03188,Electricians,Electricians,Gampaha,Anuradhapura,category-sorted-bijection-v1,provider-map-v1
P050333,P03189,Electricians,Electricians,Galle,Batticaloa,category-sorted-bijection-v1,provider-map-v1
P050334,P03190,Electricians,Electricians,Batticaloa,Matara,category-sorted-bijection-v1,provider-map-v1
P050335,P03191,Electricians,Electricians,Anuradhapura,Kandy,category-sorted-bijection-v1,provider-map-v1
P050336,P03192,Electricians,Electricians,Nuwara Eliya,Kandy,category-sorted-bijection-v1,provider-map-v1
P050337,P03193,Electricians,Electricians,Colombo,Kandy,category-sorted-bijection-v1,provider-map-v1
P050338,P03194,Electricians,Electricians,Kandy,Kandy,category-sorted-bijection-v1,provider-map-v1
P050339,P03195,Electricians,Electricians,Ratnapura,Kalutara,category-sorted-bijection-v1,provider-map-v1
P050340,P03196,Electricians,Electricians,Gampaha,Matara,category-sorted-bijection-v1,provider-map-v1
P050341,P03197,Electricians,Electricians,Galle,Batticaloa,category-sorted-bijection-v1,provider-map-v1
P050342,P03198,Electricians,Electricians,Matale,Matara,category-sorted-bijection-v1,provider-map-v1
P050343,P03199,Electricians,Electricians,Gampaha,Anuradhapura,category-sorted-bijection-v1,provider-map-v1
P050344,P03200,Electricians,Electricians,Badulla,Colombo,category-sorted-bijection-v1,provider-map-v1
P050345,P03201,Electricians,Electricians,Matale,Anuradhapura,category-sorted-bijection-v1,provider-map-v1
P050346,P03202,Electricians,Electricians,Jaffna,Matara,category-sorted-bijection-v1,provider-map-v1
P050347,P03203,Electricians,Electricians,Gampaha,Colombo,category-sorted-bijection-v1,provider-map-v1
P050348,P03204,Electricians,Electricians,Nuwara Eliya,Matara,category-sorted-bijection-v1,provider-map-v1
P050349,P03205,Electricians,Electricians,Kurunegala,Kalutara,category-sorted-bijection-v1,provider-map-v1
P050350,P03206,Electricians,Electricians,Kandy,Gampaha,category-sorted-bijection-v1,provider-map-v1
P050351,P03207,Electricians,Electricians,Badulla,Kalutara,category-sorted-bijection-v1,provider-map-v1
P050352,P03208,Electricians,Electricians,Ratnapura,Matara,category-sorted-bijection-v1,provider-map-v1
P050353,P03209,Electricians,Electricians,Matara,Colombo,category-sorted-bijection-v1,provider-map-v1
P050354,P03210,Electricians,Electricians,Galle,Kalutara,category-sorted-bijection-v1,provider-map-v1
P050355,P03211,Electricians,Electricians,Anuradhapura,Gampaha,category-sorted-bijection-v1,provider-map-v1
P050356,P03212,Electricians,Electricians,Kurunegala,Gampaha,category-sorted-bijection-v1,provider-map-v1
P050357,P03213,Electricians,Electricians,Anuradhapura,Galle,category-sorted-bijection-v1,provider-map-v1
P060001,P03571,Technicians,Technicians,Matale,Galle,category-sorted-bijection-v1,provider-map-v1
P060002,P03572,Technicians,Technicians,Matara,Kandy,category-sorted-bijection-v1,provider-map-v1
P060003,P03573,Technicians,Technicians,Kandy,Kurunegala,category-sorted-bijection-v1,provider-map-v1
P060004,P03574,Technicians,Technicians,Anuradhapura,Kalutara,category-sorted-bijection-v1,provider-map-v1
P060005,P03575,Technicians,Technicians,Badulla,Matara,category-sorted-bijection-v1,provider-map-v1
P060006,P03576,Technicians,Technicians,Kurunegala,Matara,category-sorted-bijection-v1,provider-map-v1
P060007,P03577,Technicians,Technicians,Kandy,Anuradhapura,category-sorted-bijection-v1,provider-map-v1
P060008,P03578,Technicians,Technicians,Matara,Gampaha,category-sorted-bijection-v1,provider-map-v1
P060009,P03579,Technicians,Technicians,Colombo,Kurunegala,category-sorted-bijection-v1,provider-map-v1
P060010,P03580,Technicians,Technicians,Kandy,Jaffna,category-sorted-bijection-v1,provider-map-v1
P060011,P03581,Technicians,Technicians,Kalutara,Matara,category-sorted-bijection-v1,provider-map-v1
P060012,P03582,Technicians,Technicians,Kandy,Anuradhapura,category-sorted-bijection-v1,provider-map-v1
P060013,P03583,Technicians,Technicians,Nuwara Eliya,Gampaha,category-sorted-bijection-v1,provider-map-v1
P060014,P03584,Technicians,Technicians,Nuwara Eliya,Batticaloa,category-sorted-bijection-v1,provider-map-v1
P060015,P03585,Technicians,Technicians,Anuradhapura,Kurunegala,category-sorted-bijection-v1,provider-map-v1
P060016,P03586,Technicians,Technicians,Colombo,Kandy,category-sorted-bijection-v1,provider-map-v1
P060017,P03587,Technicians,Technicians,Jaffna,Galle,category-sorted-bijection-v1,provider-map-v1
P060018,P03588,Technicians,Technicians,Anuradhapura,Kalutara,category-sorted-bijection-v1,provider-map-v1
P060019,P03589,Technicians,Technicians,Batticaloa,Matara,category-sorted-bijection-v1,provider-map-v1
P060020,P03590,Technicians,Technicians,Galle,Colombo,category-sorted-bijection-v1,provider-map-v1
P060021,P03591,Technicians,Technicians,Nuwara Eliya,Anuradhapura,category-sorted-bijection-v1,provider-map-v1
P060022,P03592,Technicians,Technicians,Jaffna,Batticaloa,category-sorted-bijection-v1,provider-map-v1
P060023,P03593,Technicians,Technicians,Gampaha,Matara,category-sorted-bijection-v1,provider-map-v1
P060024,P03594,Technicians,Technicians,Matale,Jaffna,category-sorted-bijection-v1,provider-map-v1
P060025,P03595,Technicians,Technicians,Badulla,Anuradhapura,category-sorted-bijection-v1,provider-map-v1
P060026,P03596,Technicians,Technicians,Badulla,Jaffna,category-sorted-bijection-v1,provider-map-v1
P060027,P03597,Technicians,Technicians,Colombo,Kurunegala,category-sorted-bijection-v1,provider-map-v1
P060028,P03598,Technicians,Technicians,Kurunegala,Kandy,category-sorted-bijection-v1,provider-map-v1
P060029,P03599,Technicians,Technicians,Kurunegala,Gampaha,category-sorted-bijection-v1,provider-map-v1
P060030,P03600,Technicians,Technicians,Ratnapura,Kandy,category-sorted-bijection-v1,provider-map-v1
P060031,P03601,Technicians,Technicians,Galle,Matara,category-sorted-bijection-v1,provider-map-v1
P060032,P03602,Technicians,Technicians,Nuwara Eliya,Batticaloa,category-sorted-bijection-v1,provider-map-v1
P060033,P03603,Technicians,Technicians,Batticaloa,Jaffna,category-sorted-bijection-v1,provider-map-v1
P060034,P03604,Technicians,Technicians,Galle,Galle,category-sorted-bijection-v1,provider-map-v1
P060035,P03605,Technicians,Technicians,Badulla,Jaffna,category-sorted-bijection-v1,provider-map-v1
P060036,P03606,Technicians,Technicians,Kalutara,Gampaha,category-sorted-bijection-v1,provider-map-v1
P060037,P03607,Technicians,Technicians,Galle,Colombo,category-sorted-bijection-v1,provider-map-v1
P060038,P03608,Technicians,Technicians,Kalutara,Matara,category-sorted-bijection-v1,provider-map-v1
P060039,P03609,Technicians,Technicians,Anuradhapura,Matara,category-sorted-bijection-v1,provider-map-v1
P060040,P03610,Technicians,Technicians,Jaffna,Gampaha,category-sorted-bijection-v1,provider-map-v1
P060041,P03611,Technicians,Technicians,Colombo,Kalutara,category-sorted-bijection-v1,provider-map-v1
P060042,P03612,Technicians,Technicians,Anuradhapura,Kandy,category-sorted-bijection-v1,provider-map-v1
P060043,P03613,Technicians,Technicians,Kandy,Batticaloa,category-sorted-bijection-v1,provider-map-v1
P060044,P03614,Technicians,Technicians,Ratnapura,Kandy,category-sorted-bijection-v1,provider-map-v1
P060045,P03615,Technicians,Technicians,Matale,Batticaloa,category-sorted-bijection-v1,provider-map-v1
P060046,P03616,Technicians,Technicians,Jaffna,Jaffna,category-sorted-bijection-v1,provider-map-v1
P060047,P03617,Technicians,Technicians,Kurunegala,Jaffna,category-sorted-bijection-v1,provider-map-v1
P060048,P03618,Technicians,Technicians,Anuradhapura,Galle,category-sorted-bijection-v1,provider-map-v1
P060049,P03619,Technicians,Technicians,Kurunegala,Colombo,category-sorted-bijection-v1,provider-map-v1
P060050,P03620,Technicians,Technicians,Badulla,Colombo,category-sorted-bijection-v1,provider-map-v1
P060051,P03621,Technicians,Technicians,Nuwara Eliya,Kandy,category-sorted-bijection-v1,provider-map-v1
P060052,P03622,Technicians,Technicians,Batticaloa,Batticaloa,category-sorted-bijection-v1,provider-map-v1
P060053,P03623,Technicians,Technicians,Kalutara,Jaffna,category-sorted-bijection-v1,provider-map-v1
P060054,P03624,Technicians,Technicians,Colombo,Batticaloa,category-sorted-bijection-v1,provider-map-v1
P060055,P03625,Technicians,Technicians,Batticaloa,Jaffna,category-sorted-bijection-v1,provider-map-v1
P060056,P03626,Technicians,Technicians,Colombo,Matara,category-sorted-bijection-v1,provider-map-v1
P060057,P03627,Technicians,Technicians,Batticaloa,Kalutara,category-sorted-bijection-v1,provider-map-v1
P060058,P03628,Technicians,Technicians,Colombo,Jaffna,category-sorted-bijection-v1,provider-map-v1
P060059,P03629,Technicians,Technicians,Colombo,Jaffna,category-sorted-bijection-v1,provider-map-v1
P060060,P03630,Technicians,Technicians,Gampaha,Anuradhapura,category-sorted-bijection-v1,provider-map-v1
P060061,P03631,Technicians,Technicians,Galle,Kurunegala,category-sorted-bijection-v1,provider-map-v1
P060062,P03632,Technicians,Technicians,Ratnapura,Kurunegala,category-sorted-bijection-v1,provider-map-v1
P060063,P03633,Technicians,Technicians,Kurunegala,Galle,category-sorted-bijection-v1,provider-map-v1
P060064,P03634,Technicians,Technicians,Nuwara Eliya,Galle,category-sorted-bijection-v1,provider-map-v1
P060065,P03635,Technicians,Technicians,Colombo,Anuradhapura,category-sorted-bijection-v1,provider-map-v1
P060066,P03636,Technicians,Technicians,Kandy,Kalutara,category-sorted-bijection-v1,provider-map-v1
P060067,P03637,Technicians,Technicians,Kurunegala,Jaffna,category-sorted-bijection-v1,provider-map-v1
P060068,P03638,Technicians,Technicians,Jaffna,Batticaloa,category-sorted-bijection-v1,provider-map-v1
P060069,P03639,Technicians,Technicians,Jaffna,Gampaha,category-sorted-bijection-v1,provider-map-v1
P060070,P03640,Technicians,Technicians,Batticaloa,Batticaloa,category-sorted-bijection-v1,provider-map-v1
P060071,P03641,Technicians,Technicians,Badulla,Kurunegala,category-sorted-bijection-v1,provider-map-v1
P060072,P03642,Technicians,Technicians,Colombo,Jaffna,category-sorted-bijection-v1,provider-map-v1
P060073,P03643,Technicians,Technicians,Colombo,Matara,category-sorted-bijection-v1,provider-map-v1
P060074,P03644,Technicians,Technicians,Kandy,Kurunegala,category-sorted-bijection-v1,provider-map-v1
P060075,P03645,Technicians,Technicians,Ratnapura,Matara,category-sorted-bijection-v1,provider-map-v1
P060076,P03646,Technicians,Technicians,Kurunegala,Kalutara,category-sorted-bijection-v1,provider-map-v1
P060077,P03647,Technicians,Technicians,Batticaloa,Galle,category-sorted-bijection-v1,provider-map-v1
P060078,P03648,Technicians,Technicians,Colombo,Kandy,category-sorted-bijection-v1,provider-map-v1
P060079,P03649,Technicians,Technicians,Kalutara,Kalutara,category-sorted-bijection-v1,provider-map-v1
P060080,P03650,Technicians,Technicians,Matara,Kalutara,category-sorted-bijection-v1,provider-map-v1
P060081,P03651,Technicians,Technicians,Matale,Kalutara,category-sorted-bijection-v1,provider-map-v1
P060082,P03652,Technicians,Technicians,Kalutara,Matara,category-sorted-bijection-v1,provider-map-v1
P060083,P03653,Technicians,Technicians,Galle,Jaffna,category-sorted-bijection-v1,provider-map-v1
P060084,P03654,Technicians,Technicians,Gampaha,Colombo,category-sorted-bijection-v1,provider-map-v1
P060085,P03655,Technicians,Technicians,Kandy,Gampaha,category-sorted-bijection-v1,provider-map-v1
P060086,P03656,Technicians,Technicians,Matara,Colombo,category-sorted-bijection-v1,provider-map-v1
P060087,P03657,Technicians,Technicians,Gampaha,Kandy,category-sorted-bijection-v1,provider-map-v1
P060088,P03658,Technicians,Technicians,Matale,Anuradhapura,category-sorted-bijection-v1,provider-map-v1
P060089,P03659,Technicians,Technicians,Badulla,Jaffna,category-sorted-bijection-v1,provider-map-v1
P060090,P03660,Technicians,Technicians,Kurunegala,Kandy,category-sorted-bijection-v1,provider-map-v1
P060091,P03661,Technicians,Technicians,Matara,Kalutara,category-sorted-bijection-v1,provider-map-v1
P060092,P03662,Technicians,Technicians,Galle,Jaffna,category-sorted-bijection-v1,provider-map-v1
P060093,P03663,Technicians,Technicians,Kurunegala,Kandy,category-sorted-bijection-v1,provider-map-v1
P060094,P03664,Technicians,Technicians,Gampaha,Kalutara,category-sorted-bijection-v1,provider-map-v1
P060095,P03665,Technicians,Technicians,Kalutara,Colombo,category-sorted-bijection-v1,provider-map-v1
P060096,P03666,Technicians,Technicians,Badulla,Batticaloa,category-sorted-bijection-v1,provider-map-v1
P060097,P03667,Technicians,Technicians,Galle,Galle,category-sorted-bijection-v1,provider-map-v1
P060098,P03668,Technicians,Technicians,Batticaloa,Kurunegala,category-sorted-bijection-v1,provider-map-v1
P060099,P03669,Technicians,Technicians,Gampaha,Gampaha,category-sorted-bijection-v1,provider-map-v1
P060100,P03670,Technicians,Technicians,Nuwara Eliya,Kalutara,category-sorted-bijection-v1,provider-map-v1
P060101,P03671,Technicians,Technicians,Kalutara,Kurunegala,category-sorted-bijection-v1,provider-map-v1
P060102,P03672,Technicians,Technicians,Matale,Anuradhapura,category-sorted-bijection-v1,provider-map-v1
P060103,P03673,Technicians,Technicians,Galle,Kandy,category-sorted-bijection-v1,provider-map-v1
P060104,P03674,Technicians,Technicians,Badulla,Matara,category-sorted-bijection-v1,provider-map-v1
P060105,P03675,Technicians,Technicians,Kandy,Kalutara,category-sorted-bijection-v1,provider-map-v1
P060106,P03676,Technicians,Technicians,Kandy,Anuradhapura,category-sorted-bijection-v1,provider-map-v1
P060107,P03677,Technicians,Technicians,Kalutara,Jaffna,category-sorted-bijection-v1,provider-map-v1
P060108,P03678,Technicians,Technicians,Kandy,Colombo,category-sorted-bijection-v1,provider-map-v1
P060109,P03679,Technicians,Technicians,Ratnapura,Anuradhapura,category-sorted-bijection-v1,provider-map-v1
P060110,P03680,Technicians,Technicians,Kalutara,Batticaloa,category-sorted-bijection-v1,provider-map-v1
P060111,P03681,Technicians,Technicians,Kurunegala,Colombo,category-sorted-bijection-v1,provider-map-v1
P060112,P03682,Technicians,Technicians,Jaffna,Kalutara,category-sorted-bijection-v1,provider-map-v1
P060113,P03683,Technicians,Technicians,Matara,Kalutara,category-sorted-bijection-v1,provider-map-v1
P060114,P03684,Technicians,Technicians,Kalutara,Matara,category-sorted-bijection-v1,provider-map-v1
P060115,P03685,Technicians,Technicians,Matara,Matara,category-sorted-bijection-v1,provider-map-v1
P060116,P03686,Technicians,Technicians,Gampaha,Kandy,category-sorted-bijection-v1,provider-map-v1
P060117,P03687,Technicians,Technicians,Kalutara,Gampaha,category-sorted-bijection-v1,provider-map-v1
P060118,P03688,Technicians,Technicians,Gampaha,Colombo,category-sorted-bijection-v1,provider-map-v1
P060119,P03689,Technicians,Technicians,Ratnapura,Gampaha,category-sorted-bijection-v1,provider-map-v1
P060120,P03690,Technicians,Technicians,Galle,Batticaloa,category-sorted-bijection-v1,provider-map-v1
P060121,P03691,Technicians,Technicians,Kandy,Kandy,category-sorted-bijection-v1,provider-map-v1
P060122,P03692,Technicians,Technicians,Matale,Matara,category-sorted-bijection-v1,provider-map-v1
P060123,P03693,Technicians,Technicians,Badulla,Batticaloa,category-sorted-bijection-v1,provider-map-v1
P060124,P03694,Technicians,Technicians,Anuradhapura,Kalutara,category-sorted-bijection-v1,provider-map-v1
P060125,P03695,Technicians,Technicians,Galle,Gampaha,category-sorted-bijection-v1,provider-map-v1
P060126,P03696,Technicians,Technicians,Galle,Batticaloa,category-sorted-bijection-v1,provider-map-v1
P060127,P03697,Technicians,Technicians,Kandy,Kandy,category-sorted-bijection-v1,provider-map-v1
P060128,P03698,Technicians,Technicians,Gampaha,Kalutara,category-sorted-bijection-v1,provider-map-v1
P060129,P03699,Technicians,Technicians,Nuwara Eliya,Matara,category-sorted-bijection-v1,provider-map-v1
P060130,P03700,Technicians,Technicians,Batticaloa,Galle,category-sorted-bijection-v1,provider-map-v1
P060131,P03701,Technicians,Technicians,Gampaha,Kurunegala,category-sorted-bijection-v1,provider-map-v1
P060132,P03702,Technicians,Technicians,Kurunegala,Batticaloa,category-sorted-bijection-v1,provider-map-v1
P060133,P03703,Technicians,Technicians,Jaffna,Matara,category-sorted-bijection-v1,provider-map-v1
P060134,P03704,Technicians,Technicians,Kalutara,Kandy,category-sorted-bijection-v1,provider-map-v1
P060135,P03705,Technicians,Technicians,Colombo,Kalutara,category-sorted-bijection-v1,provider-map-v1
P060136,P03706,Technicians,Technicians,Kandy,Jaffna,category-sorted-bijection-v1,provider-map-v1
P060137,P03707,Technicians,Technicians,Kandy,Colombo,category-sorted-bijection-v1,provider-map-v1
P060138,P03708,Technicians,Technicians,Gampaha,Galle,category-sorted-bijection-v1,provider-map-v1
P060139,P03709,Technicians,Technicians,Matale,Anuradhapura,category-sorted-bijection-v1,provider-map-v1
P060140,P03710,Technicians,Technicians,Badulla,Kandy,category-sorted-bijection-v1,provider-map-v1
P060141,P03711,Technicians,Technicians,Kalutara,Anuradhapura,category-sorted-bijection-v1,provider-map-v1
P060142,P03712,Technicians,Technicians,Nuwara Eliya,Galle,category-sorted-bijection-v1,provider-map-v1
P060143,P03713,Technicians,Technicians,Matale,Kalutara,category-sorted-bijection-v1,provider-map-v1
P060144,P03714,Technicians,Technicians,Matale,Kurunegala,category-sorted-bijection-v1,provider-map-v1
P060145,P03715,Technicians,Technicians,Anuradhapura,Batticaloa,category-sorted-bijection-v1,provider-map-v1
P060146,P03716,Technicians,Technicians,Matale,Jaffna,category-sorted-bijection-v1,provider-map-v1
P060147,P03717,Technicians,Technicians,Kalutara,Gampaha,category-sorted-bijection-v1,provider-map-v1
P060148,P03718,Technicians,Technicians,Kandy,Kalutara,category-sorted-bijection-v1,provider-map-v1
P060149,P03719,Technicians,Technicians,Badulla,Colombo,category-sorted-bijection-v1,provider-map-v1
P060150,P03720,Technicians,Technicians,Badulla,Colombo,category-sorted-bijection-v1,provider-map-v1
P060151,P03721,Technicians,Technicians,Batticaloa,Kalutara,category-sorted-bijection-v1,provider-map-v1
P060152,P03722,Technicians,Technicians,Jaffna,Colombo,category-sorted-bijection-v1,provider-map-v1
P060153,P03723,Technicians,Technicians,Batticaloa,Colombo,category-sorted-bijection-v1,provider-map-v1
P060154,P03724,Technicians,Technicians,Kalutara,Jaffna,category-sorted-bijection-v1,provider-map-v1
P060155,P03725,Technicians,Technicians,Jaffna,Kurunegala,category-sorted-bijection-v1,provider-map-v1
P060156,P03726,Technicians,Technicians,Kurunegala,Matara,category-sorted-bijection-v1,provider-map-v1
P060157,P03727,Technicians,Technicians,Badulla,Colombo,category-sorted-bijection-v1,provider-map-v1
P060158,P03728,Technicians,Technicians,Nuwara Eliya,Kalutara,category-sorted-bijection-v1,provider-map-v1
P060159,P03729,Technicians,Technicians,Ratnapura,Kalutara,category-sorted-bijection-v1,provider-map-v1
P060160,P03730,Technicians,Technicians,Jaffna,Jaffna,category-sorted-bijection-v1,provider-map-v1
P060161,P03731,Technicians,Technicians,Kurunegala,Anuradhapura,category-sorted-bijection-v1,provider-map-v1
P060162,P03732,Technicians,Technicians,Kurunegala,Kalutara,category-sorted-bijection-v1,provider-map-v1
P060163,P03733,Technicians,Technicians,Batticaloa,Matara,category-sorted-bijection-v1,provider-map-v1
P060164,P03734,Technicians,Technicians,Ratnapura,Jaffna,category-sorted-bijection-v1,provider-map-v1
P060165,P03735,Technicians,Technicians,Anuradhapura,Galle,category-sorted-bijection-v1,provider-map-v1
P060166,P03736,Technicians,Technicians,Kalutara,Kurunegala,category-sorted-bijection-v1,provider-map-v1
P060167,P03737,Technicians,Technicians,Badulla,Colombo,category-sorted-bijection-v1,provider-map-v1
P060168,P03738,Technicians,Technicians,Anuradhapura,Jaffna,category-sorted-bijection-v1,provider-map-v1
P060169,P03739,Technicians,Technicians,Gampaha,Jaffna,category-sorted-bijection-v1,provider-map-v1
P060170,P03740,Technicians,Technicians,Batticaloa,Kurunegala,category-sorted-bijection-v1,provider-map-v1
P060171,P03741,Technicians,Technicians,Nuwara Eliya,Galle,category-sorted-bijection-v1,provider-map-v1
P060172,P03742,Technicians,Technicians,Kandy,Kurunegala,category-sorted-bijection-v1,provider-map-v1
P060173,P03743,Technicians,Technicians,Nuwara Eliya,Galle,category-sorted-bijection-v1,provider-map-v1
P060174,P03744,Technicians,Technicians,Kurunegala,Gampaha,category-sorted-bijection-v1,provider-map-v1
P060175,P03745,Technicians,Technicians,Batticaloa,Kandy,category-sorted-bijection-v1,provider-map-v1
P060176,P03746,Technicians,Technicians,Kandy,Kalutara,category-sorted-bijection-v1,provider-map-v1
P060177,P03747,Technicians,Technicians,Gampaha,Anuradhapura,category-sorted-bijection-v1,provider-map-v1
P060178,P03748,Technicians,Technicians,Kalutara,Gampaha,category-sorted-bijection-v1,provider-map-v1
P060179,P03749,Technicians,Technicians,Batticaloa,Galle,category-sorted-bijection-v1,provider-map-v1
P060180,P03750,Technicians,Technicians,Kurunegala,Kandy,category-sorted-bijection-v1,provider-map-v1
P060181,P03751,Technicians,Technicians,Badulla,Galle,category-sorted-bijection-v1,provider-map-v1
P060182,P03752,Technicians,Technicians,Nuwara Eliya,Kurunegala,category-sorted-bijection-v1,provider-map-v1
P060183,P03753,Technicians,Technicians,Colombo,Galle,category-sorted-bijection-v1,provider-map-v1
P060184,P03754,Technicians,Technicians,Kandy,Batticaloa,category-sorted-bijection-v1,provider-map-v1
P060185,P03755,Technicians,Technicians,Matara,Jaffna,category-sorted-bijection-v1,provider-map-v1
P060186,P03756,Technicians,Technicians,Matale,Kandy,category-sorted-bijection-v1,provider-map-v1
P060187,P03757,Technicians,Technicians,Kurunegala,Anuradhapura,category-sorted-bijection-v1,provider-map-v1
P060188,P03758,Technicians,Technicians,Anuradhapura,Kandy,category-sorted-bijection-v1,provider-map-v1
P060189,P03759,Technicians,Technicians,Jaffna,Kalutara,category-sorted-bijection-v1,provider-map-v1
P060190,P03760,Technicians,Technicians,Kandy,Kalutara,category-sorted-bijection-v1,provider-map-v1
P060191,P03761,Technicians,Technicians,Ratnapura,Galle,category-sorted-bijection-v1,provider-map-v1
P060192,P03762,Technicians,Technicians,Matara,Anuradhapura,category-sorted-bijection-v1,provider-map-v1
P060193,P03763,Technicians,Technicians,Colombo,Gampaha,category-sorted-bijection-v1,provider-map-v1
P060194,P03764,Technicians,Technicians,Kurunegala,Matara,category-sorted-bijection-v1,provider-map-v1
P060195,P03765,Technicians,Technicians,Kalutara,Anuradhapura,category-sorted-bijection-v1,provider-map-v1
P060196,P03766,Technicians,Technicians,Badulla,Colombo,category-sorted-bijection-v1,provider-map-v1
P060197,P03767,Technicians,Technicians,Kalutara,Batticaloa,category-sorted-bijection-v1,provider-map-v1
P060198,P03768,Technicians,Technicians,Batticaloa,Galle,category-sorted-bijection-v1,provider-map-v1
P060199,P03769,Technicians,Technicians,Kurunegala,Galle,category-sorted-bijection-v1,provider-map-v1
P060200,P03770,Technicians,Technicians,Matara,Gampaha,category-sorted-bijection-v1,provider-map-v1
P060201,P03771,Technicians,Technicians,Batticaloa,Kalutara,category-sorted-bijection-v1,provider-map-v1
P060202,P03772,Technicians,Technicians,Batticaloa,Matara,category-sorted-bijection-v1,provider-map-v1
P060203,P03773,Technicians,Technicians,Nuwara Eliya,Kalutara,category-sorted-bijection-v1,provider-map-v1
P060204,P03774,Technicians,Technicians,Gampaha,Colombo,category-sorted-bijection-v1,provider-map-v1
P060205,P03775,Technicians,Technicians,Badulla,Kalutara,category-sorted-bijection-v1,provider-map-v1
P060206,P03776,Technicians,Technicians,Gampaha,Matara,category-sorted-bijection-v1,provider-map-v1
P060207,P03777,Technicians,Technicians,Gampaha,Jaffna,category-sorted-bijection-v1,provider-map-v1
P060208,P03778,Technicians,Technicians,Matara,Galle,category-sorted-bijection-v1,provider-map-v1
P060209,P03779,Technicians,Technicians,Kalutara,Matara,category-sorted-bijection-v1,provider-map-v1
P060210,P03780,Technicians,Technicians,Matara,Anuradhapura,category-sorted-bijection-v1,provider-map-v1
P060211,P03781,Technicians,Technicians,Ratnapura,Gampaha,category-sorted-bijection-v1,provider-map-v1
P060212,P03782,Technicians,Technicians,Matara,Gampaha,category-sorted-bijection-v1,provider-map-v1
P060213,P03783,Technicians,Technicians,Nuwara Eliya,Kurunegala,category-sorted-bijection-v1,provider-map-v1
P060214,P03784,Technicians,Technicians,Kurunegala,Kalutara,category-sorted-bijection-v1,provider-map-v1
P060215,P03785,Technicians,Technicians,Anuradhapura,Matara,category-sorted-bijection-v1,provider-map-v1
P060216,P03786,Technicians,Technicians,Colombo,Gampaha,category-sorted-bijection-v1,provider-map-v1
P060217,P03787,Technicians,Technicians,Kandy,Gampaha,category-sorted-bijection-v1,provider-map-v1
P060218,P03788,Technicians,Technicians,Gampaha,Galle,category-sorted-bijection-v1,provider-map-v1
P060219,P03789,Technicians,Technicians,Galle,Jaffna,category-sorted-bijection-v1,provider-map-v1
P060220,P03790,Technicians,Technicians,Anuradhapura,Matara,category-sorted-bijection-v1,provider-map-v1
P060221,P03791,Technicians,Technicians,Nuwara Eliya,Kandy,category-sorted-bijection-v1,provider-map-v1
P060222,P03792,Technicians,Technicians,Jaffna,Batticaloa,category-sorted-bijection-v1,provider-map-v1
P060223,P03793,Technicians,Technicians,Jaffna,Kurunegala,category-sorted-bijection-v1,provider-map-v1
P060224,P03794,Technicians,Technicians,Ratnapura,Colombo,category-sorted-bijection-v1,provider-map-v1
P060225,P03795,Technicians,Technicians,Kandy,Colombo,category-sorted-bijection-v1,provider-map-v1
P060226,P03796,Technicians,Technicians,Batticaloa,Kalutara,category-sorted-bijection-v1,provider-map-v1
P060227,P03797,Technicians,Technicians,Galle,Jaffna,category-sorted-bijection-v1,provider-map-v1
P060228,P03798,Technicians,Technicians,Gampaha,Matara,category-sorted-bijection-v1,provider-map-v1
P060229,P03799,Technicians,Technicians,Kalutara,Kurunegala,category-sorted-bijection-v1,provider-map-v1
P060230,P03800,Technicians,Technicians,Matale,Gampaha,category-sorted-bijection-v1,provider-map-v1
P060231,P03801,Technicians,Technicians,Matara,Colombo,category-sorted-bijection-v1,provider-map-v1
P060232,P03802,Technicians,Technicians,Gampaha,Batticaloa,category-sorted-bijection-v1,provider-map-v1
P060233,P03803,Technicians,Technicians,Batticaloa,Anuradhapura,category-sorted-bijection-v1,provider-map-v1
P060234,P03804,Technicians,Technicians,Jaffna,Galle,category-sorted-bijection-v1,provider-map-v1
P060235,P03805,Technicians,Technicians,Colombo,Galle,category-sorted-bijection-v1,provider-map-v1
P060236,P03806,Technicians,Technicians,Jaffna,Galle,category-sorted-bijection-v1,provider-map-v1
P060237,P03807,Technicians,Technicians,Nuwara Eliya,Batticaloa,category-sorted-bijection-v1,provider-map-v1
P060238,P03808,Technicians,Technicians,Matale,Kalutara,category-sorted-bijection-v1,provider-map-v1
P060239,P03809,Technicians,Technicians,Galle,Matara,category-sorted-bijection-v1,provider-map-v1
P060240,P03810,Technicians,Technicians,Gampaha,Colombo,category-sorted-bijection-v1,provider-map-v1
P060241,P03811,Technicians,Technicians,Badulla,Jaffna,category-sorted-bijection-v1,provider-map-v1
P060242,P03812,Technicians,Technicians,Gampaha,Jaffna,category-sorted-bijection-v1,provider-map-v1
P060243,P03813,Technicians,Technicians,Jaffna,Galle,category-sorted-bijection-v1,provider-map-v1
P060244,P03814,Technicians,Technicians,Badulla,Anuradhapura,category-sorted-bijection-v1,provider-map-v1
P060245,P03815,Technicians,Technicians,Kurunegala,Kandy,category-sorted-bijection-v1,provider-map-v1
P060246,P03816,Technicians,Technicians,Kalutara,Anuradhapura,category-sorted-bijection-v1,provider-map-v1
P060247,P03817,Technicians,Technicians,Matale,Jaffna,category-sorted-bijection-v1,provider-map-v1
P060248,P03818,Technicians,Technicians,Matale,Kalutara,category-sorted-bijection-v1,provider-map-v1
P060249,P03819,Technicians,Technicians,Matara,Gampaha,category-sorted-bijection-v1,provider-map-v1
P060250,P03820,Technicians,Technicians,Matara,Kurunegala,category-sorted-bijection-v1,provider-map-v1
P060251,P03821,Technicians,Technicians,Gampaha,Jaffna,category-sorted-bijection-v1,provider-map-v1
P060252,P03822,Technicians,Technicians,Kandy,Matara,category-sorted-bijection-v1,provider-map-v1
P060253,P03823,Technicians,Technicians,Badulla,Anuradhapura,category-sorted-bijection-v1,provider-map-v1
P060254,P03824,Technicians,Technicians,Galle,Matara,category-sorted-bijection-v1,provider-map-v1
P060255,P03825,Technicians,Technicians,Jaffna,Galle,category-sorted-bijection-v1,provider-map-v1
P060256,P03826,Technicians,Technicians,Kandy,Kalutara,category-sorted-bijection-v1,provider-map-v1
P060257,P03827,Technicians,Technicians,Matale,Batticaloa,category-sorted-bijection-v1,provider-map-v1
P060258,P03828,Technicians,Technicians,Colombo,Kalutara,category-sorted-bijection-v1,provider-map-v1
P060259,P03829,Technicians,Technicians,Matale,Batticaloa,category-sorted-bijection-v1,provider-map-v1
P060260,P03830,Technicians,Technicians,Jaffna,Kandy,category-sorted-bijection-v1,provider-map-v1
P060261,P03831,Technicians,Technicians,Ratnapura,Kalutara,category-sorted-bijection-v1,provider-map-v1
P060262,P03832,Technicians,Technicians,Colombo,Colombo,category-sorted-bijection-v1,provider-map-v1
P060263,P03833,Technicians,Technicians,Badulla,Matara,category-sorted-bijection-v1,provider-map-v1
P060264,P03834,Technicians,Technicians,Badulla,Anuradhapura,category-sorted-bijection-v1,provider-map-v1
P060265,P03835,Technicians,Technicians,Kurunegala,Matara,category-sorted-bijection-v1,provider-map-v1
P060266,P03836,Technicians,Technicians,Kandy,Anuradhapura,category-sorted-bijection-v1,provider-map-v1
P060267,P03837,Technicians,Technicians,Matale,Galle,category-sorted-bijection-v1,provider-map-v1
P060268,P03838,Technicians,Technicians,Colombo,Batticaloa,category-sorted-bijection-v1,provider-map-v1
P060269,P03839,Technicians,Technicians,Nuwara Eliya,Colombo,category-sorted-bijection-v1,provider-map-v1
P060270,P03840,Technicians,Technicians,Ratnapura,Galle,category-sorted-bijection-v1,provider-map-v1
P060271,P03841,Technicians,Technicians,Ratnapura,Galle,category-sorted-bijection-v1,provider-map-v1
P060272,P03842,Technicians,Technicians,Jaffna,Colombo,category-sorted-bijection-v1,provider-map-v1
P060273,P03843,Technicians,Technicians,Colombo,Batticaloa,category-sorted-bijection-v1,provider-map-v1
P060274,P03844,Technicians,Technicians,Badulla,Kandy,category-sorted-bijection-v1,provider-map-v1
P060275,P03845,Technicians,Technicians,Badulla,Matara,category-sorted-bijection-v1,provider-map-v1
P060276,P03846,Technicians,Technicians,Galle,Anuradhapura,category-sorted-bijection-v1,provider-map-v1
P060277,P03847,Technicians,Technicians,Jaffna,Colombo,category-sorted-bijection-v1,provider-map-v1
P060278,P03848,Technicians,Technicians,Kalutara,Kandy,category-sorted-bijection-v1,provider-map-v1
P060279,P03849,Technicians,Technicians,Galle,Kurunegala,category-sorted-bijection-v1,provider-map-v1
P060280,P03850,Technicians,Technicians,Galle,Anuradhapura,category-sorted-bijection-v1,provider-map-v1
P060281,P03851,Technicians,Technicians,Anuradhapura,Jaffna,category-sorted-bijection-v1,provider-map-v1
P060282,P03852,Technicians,Technicians,Colombo,Kandy,category-sorted-bijection-v1,provider-map-v1
P060283,P03853,Technicians,Technicians,Kurunegala,Kurunegala,category-sorted-bijection-v1,provider-map-v1
P060284,P03854,Technicians,Technicians,Jaffna,Kalutara,category-sorted-bijection-v1,provider-map-v1
P060285,P03855,Technicians,Technicians,Kurunegala,Matara,category-sorted-bijection-v1,provider-map-v1
P060286,P03856,Technicians,Technicians,Nuwara Eliya,Gampaha,category-sorted-bijection-v1,provider-map-v1
P060287,P03857,Technicians,Technicians,Nuwara Eliya,Matara,category-sorted-bijection-v1,provider-map-v1
P060288,P03858,Technicians,Technicians,Matale,Anuradhapura,category-sorted-bijection-v1,provider-map-v1
P060289,P03859,Technicians,Technicians,Galle,Galle,category-sorted-bijection-v1,provider-map-v1
P060290,P03860,Technicians,Technicians,Nuwara Eliya,Galle,category-sorted-bijection-v1,provider-map-v1
P060291,P03861,Technicians,Technicians,Badulla,Kalutara,category-sorted-bijection-v1,provider-map-v1
P060292,P03862,Technicians,Technicians,Batticaloa,Galle,category-sorted-bijection-v1,provider-map-v1
P060293,P03863,Technicians,Technicians,Colombo,Kandy,category-sorted-bijection-v1,provider-map-v1
P060294,P03864,Technicians,Technicians,Jaffna,Jaffna,category-sorted-bijection-v1,provider-map-v1
P060295,P03865,Technicians,Technicians,Batticaloa,Kandy,category-sorted-bijection-v1,provider-map-v1
P060296,P03866,Technicians,Technicians,Kurunegala,Jaffna,category-sorted-bijection-v1,provider-map-v1
P060297,P03867,Technicians,Technicians,Ratnapura,Kurunegala,category-sorted-bijection-v1,provider-map-v1
P060298,P03868,Technicians,Technicians,Kalutara,Matara,category-sorted-bijection-v1,provider-map-v1
P060299,P03869,Technicians,Technicians,Galle,Kandy,category-sorted-bijection-v1,provider-map-v1
P060300,P03870,Technicians,Technicians,Ratnapura,Kurunegala,category-sorted-bijection-v1,provider-map-v1
P060301,P03871,Technicians,Technicians,Colombo,Galle,category-sorted-bijection-v1,provider-map-v1
P060302,P03872,Technicians,Technicians,Ratnapura,Galle,category-sorted-bijection-v1,provider-map-v1
P060303,P03873,Technicians,Technicians,Kandy,Gampaha,category-sorted-bijection-v1,provider-map-v1
P060304,P03874,Technicians,Technicians,Gampaha,Matara,category-sorted-bijection-v1,provider-map-v1
P060305,P03875,Technicians,Technicians,Batticaloa,Kalutara,category-sorted-bijection-v1,provider-map-v1
P060306,P03876,Technicians,Technicians,Nuwara Eliya,Kurunegala,category-sorted-bijection-v1,provider-map-v1
P060307,P03877,Technicians,Technicians,Anuradhapura,Kalutara,category-sorted-bijection-v1,provider-map-v1
P060308,P03878,Technicians,Technicians,Kandy,Kandy,category-sorted-bijection-v1,provider-map-v1
P060309,P03879,Technicians,Technicians,Kalutara,Batticaloa,category-sorted-bijection-v1,provider-map-v1
P060310,P03880,Technicians,Technicians,Ratnapura,Matara,category-sorted-bijection-v1,provider-map-v1
P060311,P03881,Technicians,Technicians,Badulla,Kandy,category-sorted-bijection-v1,provider-map-v1
P060312,P03882,Technicians,Technicians,Ratnapura,Jaffna,category-sorted-bijection-v1,provider-map-v1
P060313,P03883,Technicians,Technicians,Matara,Matara,category-sorted-bijection-v1,provider-map-v1
P060314,P03884,Technicians,Technicians,Anuradhapura,Anuradhapura,category-sorted-bijection-v1,provider-map-v1
P060315,P03885,Technicians,Technicians,Kandy,Jaffna,category-sorted-bijection-v1,provider-map-v1
P060316,P03886,Technicians,Technicians,Nuwara Eliya,Batticaloa,category-sorted-bijection-v1,provider-map-v1
P060317,P03887,Technicians,Technicians,Badulla,Kalutara,category-sorted-bijection-v1,provider-map-v1
P060318,P03888,Technicians,Technicians,Kurunegala,Kandy,category-sorted-bijection-v1,provider-map-v1
P060319,P03889,Technicians,Technicians,Badulla,Kalutara,category-sorted-bijection-v1,provider-map-v1
P060320,P03890,Technicians,Technicians,Jaffna,Gampaha,category-sorted-bijection-v1,provider-map-v1
P060321,P03891,Technicians,Technicians,Kandy,Kalutara,category-sorted-bijection-v1,provider-map-v1
P060322,P03892,Technicians,Technicians,Jaffna,Colombo,category-sorted-bijection-v1,provider-map-v1
P060323,P03893,Technicians,Technicians,Badulla,Jaffna,category-sorted-bijection-v1,provider-map-v1
P060324,P03894,Technicians,Technicians,Matara,Batticaloa,category-sorted-bijection-v1,provider-map-v1
P060325,P03895,Technicians,Technicians,Anuradhapura,Gampaha,category-sorted-bijection-v1,provider-map-v1
P060326,P03896,Technicians,Technicians,Kalutara,Kandy,category-sorted-bijection-v1,provider-map-v1
P060327,P03897,Technicians,Technicians,Matara,Batticaloa,category-sorted-bijection-v1,provider-map-v1
P060328,P03898,Technicians,Technicians,Batticaloa,Kurunegala,category-sorted-bijection-v1,provider-map-v1
P060329,P03899,Technicians,Technicians,Batticaloa,Kandy,category-sorted-bijection-v1,provider-map-v1
P060330,P03900,Technicians,Technicians,Anuradhapura,Gampaha,category-sorted-bijection-v1,provider-map-v1
P060331,P03901,Technicians,Technicians,Jaffna,Gampaha,category-sorted-bijection-v1,provider-map-v1
P060332,P03902,Technicians,Technicians,Anuradhapura,Kalutara,category-sorted-bijection-v1,provider-map-v1
P060333,P03903,Technicians,Technicians,Kandy,Kandy,category-sorted-bijection-v1,provider-map-v1
P060334,P03904,Technicians,Technicians,Matale,Matara,category-sorted-bijection-v1,provider-map-v1
P060335,P03905,Technicians,Technicians,Batticaloa,Kurunegala,category-sorted-bijection-v1,provider-map-v1
P060336,P03906,Technicians,Technicians,Galle,Matara,category-sorted-bijection-v1,provider-map-v1
P060337,P03907,Technicians,Technicians,Galle,Colombo,category-sorted-bijection-v1,provider-map-v1
P060338,P03908,Technicians,Technicians,Batticaloa,Galle,category-sorted-bijection-v1,provider-map-v1
P060339,P03909,Technicians,Technicians,Matara,Matara,category-sorted-bijection-v1,provider-map-v1
P060340,P03910,Technicians,Technicians,Anuradhapura,Galle,category-sorted-bijection-v1,provider-map-v1
P060341,P03911,Technicians,Technicians,Kandy,Galle,category-sorted-bijection-v1,provider-map-v1
P060342,P03912,Technicians,Technicians,Ratnapura,Jaffna,category-sorted-bijection-v1,provider-map-v1
P060343,P03913,Technicians,Technicians,Galle,Kandy,category-sorted-bijection-v1,provider-map-v1
P060344,P03914,Technicians,Technicians,Nuwara Eliya,Colombo,category-sorted-bijection-v1,provider-map-v1
P060345,P03915,Technicians,Technicians,Jaffna,Colombo,category-sorted-bijection-v1,provider-map-v1
P060346,P03916,Technicians,Technicians,Anuradhapura,Matara,category-sorted-bijection-v1,provider-map-v1
P060347,P03917,Technicians,Technicians,Matale,Galle,category-sorted-bijection-v1,provider-map-v1
P060348,P03918,Technicians,Technicians,Kandy,Kalutara,category-sorted-bijection-v1,provider-map-v1
P060349,P03919,Technicians,Technicians,Kalutara,Colombo,category-sorted-bijection-v1,provider-map-v1
P060350,P03920,Technicians,Technicians,Jaffna,Anuradhapura,category-sorted-bijection-v1,provider-map-v1
P060351,P03921,Technicians,Technicians,Gampaha,Kalutara,category-sorted-bijection-v1,provider-map-v1
P060352,P03922,Technicians,Technicians,Anuradhapura,Jaffna,category-sorted-bijection-v1,provider-map-v1
P060353,P03923,Technicians,Technicians,Gampaha,Kalutara,category-sorted-bijection-v1,provider-map-v1
P060354,P03924,Technicians,Technicians,Nuwara Eliya,Colombo,category-sorted-bijection-v1,provider-map-v1
P060355,P03925,Technicians,Technicians,Kandy,Gampaha,category-sorted-bijection-v1,provider-map-v1
P060356,P03926,Technicians,Technicians,Kandy,Colombo,category-sorted-bijection-v1,provider-map-v1
P060357,P03927,Technicians,Technicians,Gampaha,Galle,category-sorted-bijection-v1,provider-map-v1
P070001,P04285,Painters,Painters,Jaffna,Jaffna,category-sorted-bijection-v1,provider-map-v1
P070002,P04286,Painters,Painters,Badulla,Colombo,category-sorted-bijection-v1,provider-map-v1
P070003,P04287,Painters,Painters,Badulla,Jaffna,category-sorted-bijection-v1,provider-map-v1
P070004,P04288,Painters,Painters,Galle,Colombo,category-sorted-bijection-v1,provider-map-v1
P070005,P04289,Painters,Painters,Ratnapura,Kandy,category-sorted-bijection-v1,provider-map-v1
P070006,P04290,Painters,Painters,Kurunegala,Galle,category-sorted-bijection-v1,provider-map-v1
P070007,P04291,Painters,Painters,Anuradhapura,Kandy,category-sorted-bijection-v1,provider-map-v1
P070008,P04292,Painters,Painters,Kurunegala,Jaffna,category-sorted-bijection-v1,provider-map-v1
P070009,P04293,Painters,Painters,Matara,Kandy,category-sorted-bijection-v1,provider-map-v1
P070010,P04294,Painters,Painters,Ratnapura,Kandy,category-sorted-bijection-v1,provider-map-v1
P070011,P04295,Painters,Painters,Kandy,Gampaha,category-sorted-bijection-v1,provider-map-v1
P070012,P04296,Painters,Painters,Jaffna,Jaffna,category-sorted-bijection-v1,provider-map-v1
P070013,P04297,Painters,Painters,Colombo,Kurunegala,category-sorted-bijection-v1,provider-map-v1
P070014,P04298,Painters,Painters,Badulla,Colombo,category-sorted-bijection-v1,provider-map-v1
P070015,P04299,Painters,Painters,Colombo,Gampaha,category-sorted-bijection-v1,provider-map-v1
P070016,P04300,Painters,Painters,Kurunegala,Kalutara,category-sorted-bijection-v1,provider-map-v1
P070017,P04301,Painters,Painters,Colombo,Kandy,category-sorted-bijection-v1,provider-map-v1
P070018,P04302,Painters,Painters,Nuwara Eliya,Anuradhapura,category-sorted-bijection-v1,provider-map-v1
P070019,P04303,Painters,Painters,Galle,Kandy,category-sorted-bijection-v1,provider-map-v1
P070020,P04304,Painters,Painters,Kurunegala,Kurunegala,category-sorted-bijection-v1,provider-map-v1
P070021,P04305,Painters,Painters,Matara,Galle,category-sorted-bijection-v1,provider-map-v1
P070022,P04306,Painters,Painters,Galle,Kalutara,category-sorted-bijection-v1,provider-map-v1
P070023,P04307,Painters,Painters,Kalutara,Kalutara,category-sorted-bijection-v1,provider-map-v1
P070024,P04308,Painters,Painters,Matara,Batticaloa,category-sorted-bijection-v1,provider-map-v1
P070025,P04309,Painters,Painters,Galle,Anuradhapura,category-sorted-bijection-v1,provider-map-v1
P070026,P04310,Painters,Painters,Gampaha,Batticaloa,category-sorted-bijection-v1,provider-map-v1
P070027,P04311,Painters,Painters,Nuwara Eliya,Kalutara,category-sorted-bijection-v1,provider-map-v1
P070028,P04312,Painters,Painters,Jaffna,Anuradhapura,category-sorted-bijection-v1,provider-map-v1
P070029,P04313,Painters,Painters,Kalutara,Gampaha,category-sorted-bijection-v1,provider-map-v1
P070030,P04314,Painters,Painters,Matale,Kurunegala,category-sorted-bijection-v1,provider-map-v1
P070031,P04315,Painters,Painters,Matale,Batticaloa,category-sorted-bijection-v1,provider-map-v1
P070032,P04316,Painters,Painters,Kurunegala,Batticaloa,category-sorted-bijection-v1,provider-map-v1
P070033,P04317,Painters,Painters,Colombo,Kandy,category-sorted-bijection-v1,provider-map-v1
P070034,P04318,Painters,Painters,Gampaha,Kandy,category-sorted-bijection-v1,provider-map-v1
P070035,P04319,Painters,Painters,Ratnapura,Jaffna,category-sorted-bijection-v1,provider-map-v1
P070036,P04320,Painters,Painters,Matale,Colombo,category-sorted-bijection-v1,provider-map-v1
P070037,P04321,Painters,Painters,Batticaloa,Kandy,category-sorted-bijection-v1,provider-map-v1
P070038,P04322,Painters,Painters,Colombo,Batticaloa,category-sorted-bijection-v1,provider-map-v1
P070039,P04323,Painters,Painters,Kalutara,Batticaloa,category-sorted-bijection-v1,provider-map-v1
P070040,P04324,Painters,Painters,Colombo,Kalutara,category-sorted-bijection-v1,provider-map-v1
P070041,P04325,Painters,Painters,Galle,Anuradhapura,category-sorted-bijection-v1,provider-map-v1
P070042,P04326,Painters,Painters,Batticaloa,Anuradhapura,category-sorted-bijection-v1,provider-map-v1
P070043,P04327,Painters,Painters,Batticaloa,Jaffna,category-sorted-bijection-v1,provider-map-v1
P070044,P04328,Painters,Painters,Anuradhapura,Galle,category-sorted-bijection-v1,provider-map-v1
P070045,P04329,Painters,Painters,Kandy,Gampaha,category-sorted-bijection-v1,provider-map-v1
P070046,P04330,Painters,Painters,Colombo,Anuradhapura,category-sorted-bijection-v1,provider-map-v1
P070047,P04331,Painters,Painters,Kalutara,Gampaha,category-sorted-bijection-v1,provider-map-v1
P070048,P04332,Painters,Painters,Kurunegala,Colombo,category-sorted-bijection-v1,provider-map-v1
P070049,P04333,Painters,Painters,Anuradhapura,Kandy,category-sorted-bijection-v1,provider-map-v1
P070050,P04334,Painters,Painters,Jaffna,Matara,category-sorted-bijection-v1,provider-map-v1
P070051,P04335,Painters,Painters,Matara,Colombo,category-sorted-bijection-v1,provider-map-v1
P070052,P04336,Painters,Painters,Kurunegala,Colombo,category-sorted-bijection-v1,provider-map-v1
P070053,P04337,Painters,Painters,Jaffna,Kandy,category-sorted-bijection-v1,provider-map-v1
P070054,P04338,Painters,Painters,Kandy,Matara,category-sorted-bijection-v1,provider-map-v1
P070055,P04339,Painters,Painters,Galle,Galle,category-sorted-bijection-v1,provider-map-v1
P070056,P04340,Painters,Painters,Matale,Colombo,category-sorted-bijection-v1,provider-map-v1
P070057,P04341,Painters,Painters,Jaffna,Colombo,category-sorted-bijection-v1,provider-map-v1
P070058,P04342,Painters,Painters,Jaffna,Batticaloa,category-sorted-bijection-v1,provider-map-v1
P070059,P04343,Painters,Painters,Matara,Galle,category-sorted-bijection-v1,provider-map-v1
P070060,P04344,Painters,Painters,Badulla,Jaffna,category-sorted-bijection-v1,provider-map-v1
P070061,P04345,Painters,Painters,Kurunegala,Kandy,category-sorted-bijection-v1,provider-map-v1
P070062,P04346,Painters,Painters,Colombo,Matara,category-sorted-bijection-v1,provider-map-v1
P070063,P04347,Painters,Painters,Kandy,Kalutara,category-sorted-bijection-v1,provider-map-v1
P070064,P04348,Painters,Painters,Batticaloa,Jaffna,category-sorted-bijection-v1,provider-map-v1
P070065,P04349,Painters,Painters,Badulla,Jaffna,category-sorted-bijection-v1,provider-map-v1
P070066,P04350,Painters,Painters,Galle,Matara,category-sorted-bijection-v1,provider-map-v1
P070067,P04351,Painters,Painters,Matara,Colombo,category-sorted-bijection-v1,provider-map-v1
P070068,P04352,Painters,Painters,Colombo,Kurunegala,category-sorted-bijection-v1,provider-map-v1
P070069,P04353,Painters,Painters,Kandy,Colombo,category-sorted-bijection-v1,provider-map-v1
P070070,P04354,Painters,Painters,Badulla,Kalutara,category-sorted-bijection-v1,provider-map-v1
P070071,P04355,Painters,Painters,Kurunegala,Jaffna,category-sorted-bijection-v1,provider-map-v1
P070072,P04356,Painters,Painters,Ratnapura,Kandy,category-sorted-bijection-v1,provider-map-v1
P070073,P04357,Painters,Painters,Nuwara Eliya,Galle,category-sorted-bijection-v1,provider-map-v1
P070074,P04358,Painters,Painters,Kurunegala,Anuradhapura,category-sorted-bijection-v1,provider-map-v1
P070075,P04359,Painters,Painters,Kalutara,Anuradhapura,category-sorted-bijection-v1,provider-map-v1
P070076,P04360,Painters,Painters,Jaffna,Galle,category-sorted-bijection-v1,provider-map-v1
P070077,P04361,Painters,Painters,Badulla,Kalutara,category-sorted-bijection-v1,provider-map-v1
P070078,P04362,Painters,Painters,Kandy,Jaffna,category-sorted-bijection-v1,provider-map-v1
P070079,P04363,Painters,Painters,Kurunegala,Jaffna,category-sorted-bijection-v1,provider-map-v1
P070080,P04364,Painters,Painters,Galle,Anuradhapura,category-sorted-bijection-v1,provider-map-v1
P070081,P04365,Painters,Painters,Galle,Gampaha,category-sorted-bijection-v1,provider-map-v1
P070082,P04366,Painters,Painters,Galle,Galle,category-sorted-bijection-v1,provider-map-v1
P070083,P04367,Painters,Painters,Matale,Matara,category-sorted-bijection-v1,provider-map-v1
P070084,P04368,Painters,Painters,Ratnapura,Colombo,category-sorted-bijection-v1,provider-map-v1
P070085,P04369,Painters,Painters,Colombo,Gampaha,category-sorted-bijection-v1,provider-map-v1
P070086,P04370,Painters,Painters,Nuwara Eliya,Jaffna,category-sorted-bijection-v1,provider-map-v1
P070087,P04371,Painters,Painters,Badulla,Kalutara,category-sorted-bijection-v1,provider-map-v1
P070088,P04372,Painters,Painters,Jaffna,Colombo,category-sorted-bijection-v1,provider-map-v1
P070089,P04373,Painters,Painters,Ratnapura,Matara,category-sorted-bijection-v1,provider-map-v1
P070090,P04374,Painters,Painters,Kalutara,Anuradhapura,category-sorted-bijection-v1,provider-map-v1
P070091,P04375,Painters,Painters,Nuwara Eliya,Colombo,category-sorted-bijection-v1,provider-map-v1
P070092,P04376,Painters,Painters,Kurunegala,Gampaha,category-sorted-bijection-v1,provider-map-v1
P070093,P04377,Painters,Painters,Matale,Jaffna,category-sorted-bijection-v1,provider-map-v1
P070094,P04378,Painters,Painters,Matara,Anuradhapura,category-sorted-bijection-v1,provider-map-v1
P070095,P04379,Painters,Painters,Nuwara Eliya,Kalutara,category-sorted-bijection-v1,provider-map-v1
P070096,P04380,Painters,Painters,Batticaloa,Galle,category-sorted-bijection-v1,provider-map-v1
P070097,P04381,Painters,Painters,Colombo,Kurunegala,category-sorted-bijection-v1,provider-map-v1
P070098,P04382,Painters,Painters,Ratnapura,Jaffna,category-sorted-bijection-v1,provider-map-v1
P070099,P04383,Painters,Painters,Anuradhapura,Kurunegala,category-sorted-bijection-v1,provider-map-v1
P070100,P04384,Painters,Painters,Jaffna,Galle,category-sorted-bijection-v1,provider-map-v1
P070101,P04385,Painters,Painters,Jaffna,Kurunegala,category-sorted-bijection-v1,provider-map-v1
P070102,P04386,Painters,Painters,Kandy,Anuradhapura,category-sorted-bijection-v1,provider-map-v1
P070103,P04387,Painters,Painters,Galle,Galle,category-sorted-bijection-v1,provider-map-v1
P070104,P04388,Painters,Painters,Nuwara Eliya,Anuradhapura,category-sorted-bijection-v1,provider-map-v1
P070105,P04389,Painters,Painters,Kalutara,Kalutara,category-sorted-bijection-v1,provider-map-v1
P070106,P04390,Painters,Painters,Gampaha,Anuradhapura,category-sorted-bijection-v1,provider-map-v1
P070107,P04391,Painters,Painters,Kalutara,Anuradhapura,category-sorted-bijection-v1,provider-map-v1
P070108,P04392,Painters,Painters,Gampaha,Jaffna,category-sorted-bijection-v1,provider-map-v1
P070109,P04393,Painters,Painters,Badulla,Kalutara,category-sorted-bijection-v1,provider-map-v1
P070110,P04394,Painters,Painters,Kalutara,Galle,category-sorted-bijection-v1,provider-map-v1
P070111,P04395,Painters,Painters,Kurunegala,Kalutara,category-sorted-bijection-v1,provider-map-v1
P070112,P04396,Painters,Painters,Jaffna,Matara,category-sorted-bijection-v1,provider-map-v1
P070113,P04397,Painters,Painters,Anuradhapura,Kurunegala,category-sorted-bijection-v1,provider-map-v1
P070114,P04398,Painters,Painters,Ratnapura,Jaffna,category-sorted-bijection-v1,provider-map-v1
P070115,P04399,Painters,Painters,Gampaha,Colombo,category-sorted-bijection-v1,provider-map-v1
P070116,P04400,Painters,Painters,Gampaha,Jaffna,category-sorted-bijection-v1,provider-map-v1
P070117,P04401,Painters,Painters,Badulla,Colombo,category-sorted-bijection-v1,provider-map-v1
P070118,P04402,Painters,Painters,Matale,Kalutara,category-sorted-bijection-v1,provider-map-v1
P070119,P04403,Painters,Painters,Gampaha,Jaffna,category-sorted-bijection-v1,provider-map-v1
P070120,P04404,Painters,Painters,Gampaha,Batticaloa,category-sorted-bijection-v1,provider-map-v1
P070121,P04405,Painters,Painters,Nuwara Eliya,Galle,category-sorted-bijection-v1,provider-map-v1
P070122,P04406,Painters,Painters,Jaffna,Kurunegala,category-sorted-bijection-v1,provider-map-v1
P070123,P04407,Painters,Painters,Batticaloa,Colombo,category-sorted-bijection-v1,provider-map-v1
P070124,P04408,Painters,Painters,Anuradhapura,Matara,category-sorted-bijection-v1,provider-map-v1
P070125,P04409,Painters,Painters,Galle,Colombo,category-sorted-bijection-v1,provider-map-v1
P070126,P04410,Painters,Painters,Nuwara Eliya,Jaffna,category-sorted-bijection-v1,provider-map-v1
P070127,P04411,Painters,Painters,Matara,Anuradhapura,category-sorted-bijection-v1,provider-map-v1
P070128,P04412,Painters,Painters,Batticaloa,Kandy,category-sorted-bijection-v1,provider-map-v1
P070129,P04413,Painters,Painters,Matara,Batticaloa,category-sorted-bijection-v1,provider-map-v1
P070130,P04414,Painters,Painters,Matale,Kandy,category-sorted-bijection-v1,provider-map-v1
P070131,P04415,Painters,Painters,Batticaloa,Kalutara,category-sorted-bijection-v1,provider-map-v1
P070132,P04416,Painters,Painters,Kalutara,Batticaloa,category-sorted-bijection-v1,provider-map-v1
P070133,P04417,Painters,Painters,Galle,Jaffna,category-sorted-bijection-v1,provider-map-v1
P070134,P04418,Painters,Painters,Kurunegala,Matara,category-sorted-bijection-v1,provider-map-v1
P070135,P04419,Painters,Painters,Anuradhapura,Matara,category-sorted-bijection-v1,provider-map-v1
P070136,P04420,Painters,Painters,Kurunegala,Colombo,category-sorted-bijection-v1,provider-map-v1
P070137,P04421,Painters,Painters,Nuwara Eliya,Kandy,category-sorted-bijection-v1,provider-map-v1
P070138,P04422,Painters,Painters,Galle,Colombo,category-sorted-bijection-v1,provider-map-v1
P070139,P04423,Painters,Painters,Kalutara,Kandy,category-sorted-bijection-v1,provider-map-v1
P070140,P04424,Painters,Painters,Kandy,Gampaha,category-sorted-bijection-v1,provider-map-v1
P070141,P04425,Painters,Painters,Batticaloa,Kandy,category-sorted-bijection-v1,provider-map-v1
P070142,P04426,Painters,Painters,Kandy,Kandy,category-sorted-bijection-v1,provider-map-v1
P070143,P04427,Painters,Painters,Matara,Batticaloa,category-sorted-bijection-v1,provider-map-v1
P070144,P04428,Painters,Painters,Gampaha,Matara,category-sorted-bijection-v1,provider-map-v1
P070145,P04429,Painters,Painters,Matara,Jaffna,category-sorted-bijection-v1,provider-map-v1
P070146,P04430,Painters,Painters,Gampaha,Kandy,category-sorted-bijection-v1,provider-map-v1
P070147,P04431,Painters,Painters,Ratnapura,Jaffna,category-sorted-bijection-v1,provider-map-v1
P070148,P04432,Painters,Painters,Batticaloa,Batticaloa,category-sorted-bijection-v1,provider-map-v1
P070149,P04433,Painters,Painters,Matale,Batticaloa,category-sorted-bijection-v1,provider-map-v1
P070150,P04434,Painters,Painters,Kalutara,Kandy,category-sorted-bijection-v1,provider-map-v1
P070151,P04435,Painters,Painters,Galle,Jaffna,category-sorted-bijection-v1,provider-map-v1
P070152,P04436,Painters,Painters,Kalutara,Gampaha,category-sorted-bijection-v1,provider-map-v1
P070153,P04437,Painters,Painters,Galle,Kandy,category-sorted-bijection-v1,provider-map-v1
P070154,P04438,Painters,Painters,Kandy,Colombo,category-sorted-bijection-v1,provider-map-v1
P070155,P04439,Painters,Painters,Colombo,Gampaha,category-sorted-bijection-v1,provider-map-v1
P070156,P04440,Painters,Painters,Nuwara Eliya,Galle,category-sorted-bijection-v1,provider-map-v1
P070157,P04441,Painters,Painters,Kandy,Gampaha,category-sorted-bijection-v1,provider-map-v1
P070158,P04442,Painters,Painters,Galle,Colombo,category-sorted-bijection-v1,provider-map-v1
P070159,P04443,Painters,Painters,Kalutara,Batticaloa,category-sorted-bijection-v1,provider-map-v1
P070160,P04444,Painters,Painters,Anuradhapura,Kalutara,category-sorted-bijection-v1,provider-map-v1
P070161,P04445,Painters,Painters,Ratnapura,Kandy,category-sorted-bijection-v1,provider-map-v1
P070162,P04446,Painters,Painters,Jaffna,Colombo,category-sorted-bijection-v1,provider-map-v1
P070163,P04447,Painters,Painters,Batticaloa,Kurunegala,category-sorted-bijection-v1,provider-map-v1
P070164,P04448,Painters,Painters,Gampaha,Kalutara,category-sorted-bijection-v1,provider-map-v1
P070165,P04449,Painters,Painters,Gampaha,Anuradhapura,category-sorted-bijection-v1,provider-map-v1
P070166,P04450,Painters,Painters,Matale,Galle,category-sorted-bijection-v1,provider-map-v1
P070167,P04451,Painters,Painters,Matale,Jaffna,category-sorted-bijection-v1,provider-map-v1
P070168,P04452,Painters,Painters,Gampaha,Kurunegala,category-sorted-bijection-v1,provider-map-v1
P070169,P04453,Painters,Painters,Gampaha,Kandy,category-sorted-bijection-v1,provider-map-v1
P070170,P04454,Painters,Painters,Jaffna,Galle,category-sorted-bijection-v1,provider-map-v1
P070171,P04455,Painters,Painters,Gampaha,Galle,category-sorted-bijection-v1,provider-map-v1
P070172,P04456,Painters,Painters,Nuwara Eliya,Jaffna,category-sorted-bijection-v1,provider-map-v1
P070173,P04457,Painters,Painters,Ratnapura,Colombo,category-sorted-bijection-v1,provider-map-v1
P070174,P04458,Painters,Painters,Kandy,Galle,category-sorted-bijection-v1,provider-map-v1
P070175,P04459,Painters,Painters,Ratnapura,Kurunegala,category-sorted-bijection-v1,provider-map-v1
P070176,P04460,Painters,Painters,Matale,Anuradhapura,category-sorted-bijection-v1,provider-map-v1
P070177,P04461,Painters,Painters,Kandy,Galle,category-sorted-bijection-v1,provider-map-v1
P070178,P04462,Painters,Painters,Anuradhapura,Kandy,category-sorted-bijection-v1,provider-map-v1
P070179,P04463,Painters,Painters,Matale,Kalutara,category-sorted-bijection-v1,provider-map-v1
P070180,P04464,Painters,Painters,Kurunegala,Colombo,category-sorted-bijection-v1,provider-map-v1
P070181,P04465,Painters,Painters,Matale,Matara,category-sorted-bijection-v1,provider-map-v1
P070182,P04466,Painters,Painters,Kandy,Galle,category-sorted-bijection-v1,provider-map-v1
P070183,P04467,Painters,Painters,Anuradhapura,Gampaha,category-sorted-bijection-v1,provider-map-v1
P070184,P04468,Painters,Painters,Anuradhapura,Kandy,category-sorted-bijection-v1,provider-map-v1
P070185,P04469,Painters,Painters,Kurunegala,Colombo,category-sorted-bijection-v1,provider-map-v1
P070186,P04470,Painters,Painters,Matale,Galle,category-sorted-bijection-v1,provider-map-v1
P070187,P04471,Painters,Painters,Badulla,Galle,category-sorted-bijection-v1,provider-map-v1
P070188,P04472,Painters,Painters,Badulla,Batticaloa,category-sorted-bijection-v1,provider-map-v1
P070189,P04473,Painters,Painters,Gampaha,Kandy,category-sorted-bijection-v1,provider-map-v1
P070190,P04474,Painters,Painters,Nuwara Eliya,Galle,category-sorted-bijection-v1,provider-map-v1
P070191,P04475,Painters,Painters,Colombo,Colombo,category-sorted-bijection-v1,provider-map-v1
P070192,P04476,Painters,Painters,Matale,Kurunegala,category-sorted-bijection-v1,provider-map-v1
P070193,P04477,Painters,Painters,Ratnapura,Kandy,category-sorted-bijection-v1,provider-map-v1
P070194,P04478,Painters,Painters,Colombo,Jaffna,category-sorted-bijection-v1,provider-map-v1
P070195,P04479,Painters,Painters,Badulla,Colombo,category-sorted-bijection-v1,provider-map-v1
P070196,P04480,Painters,Painters,Kurunegala,Anuradhapura,category-sorted-bijection-v1,provider-map-v1
P070197,P04481,Painters,Painters,Nuwara Eliya,Matara,category-sorted-bijection-v1,provider-map-v1
P070198,P04482,Painters,Painters,Badulla,Galle,category-sorted-bijection-v1,provider-map-v1
P070199,P04483,Painters,Painters,Colombo,Gampaha,category-sorted-bijection-v1,provider-map-v1
P070200,P04484,Painters,Painters,Colombo,Colombo,category-sorted-bijection-v1,provider-map-v1
P070201,P04485,Painters,Painters,Galle,Jaffna,category-sorted-bijection-v1,provider-map-v1
P070202,P04486,Painters,Painters,Badulla,Kurunegala,category-sorted-bijection-v1,provider-map-v1
P070203,P04487,Painters,Painters,Matara,Batticaloa,category-sorted-bijection-v1,provider-map-v1
P070204,P04488,Painters,Painters,Batticaloa,Galle,category-sorted-bijection-v1,provider-map-v1
P070205,P04489,Painters,Painters,Kandy,Kandy,category-sorted-bijection-v1,provider-map-v1
P070206,P04490,Painters,Painters,Kalutara,Galle,category-sorted-bijection-v1,provider-map-v1
P070207,P04491,Painters,Painters,Anuradhapura,Matara,category-sorted-bijection-v1,provider-map-v1
P070208,P04492,Painters,Painters,Nuwara Eliya,Jaffna,category-sorted-bijection-v1,provider-map-v1
P070209,P04493,Painters,Painters,Jaffna,Jaffna,category-sorted-bijection-v1,provider-map-v1
P070210,P04494,Painters,Painters,Matara,Batticaloa,category-sorted-bijection-v1,provider-map-v1
P070211,P04495,Painters,Painters,Gampaha,Kurunegala,category-sorted-bijection-v1,provider-map-v1
P070212,P04496,Painters,Painters,Gampaha,Colombo,category-sorted-bijection-v1,provider-map-v1
P070213,P04497,Painters,Painters,Gampaha,Kalutara,category-sorted-bijection-v1,provider-map-v1
P070214,P04498,Painters,Painters,Matale,Matara,category-sorted-bijection-v1,provider-map-v1
P070215,P04499,Painters,Painters,Batticaloa,Anuradhapura,category-sorted-bijection-v1,provider-map-v1
P070216,P04500,Painters,Painters,Jaffna,Batticaloa,category-sorted-bijection-v1,provider-map-v1
P070217,P04501,Painters,Painters,Matale,Gampaha,category-sorted-bijection-v1,provider-map-v1
P070218,P04502,Painters,Painters,Gampaha,Anuradhapura,category-sorted-bijection-v1,provider-map-v1
P070219,P04503,Painters,Painters,Kalutara,Kandy,category-sorted-bijection-v1,provider-map-v1
P070220,P04504,Painters,Painters,Nuwara Eliya,Kandy,category-sorted-bijection-v1,provider-map-v1
P070221,P04505,Painters,Painters,Nuwara Eliya,Gampaha,category-sorted-bijection-v1,provider-map-v1
P070222,P04506,Painters,Painters,Ratnapura,Kalutara,category-sorted-bijection-v1,provider-map-v1
P070223,P04507,Painters,Painters,Kalutara,Anuradhapura,category-sorted-bijection-v1,provider-map-v1
P070224,P04508,Painters,Painters,Nuwara Eliya,Matara,category-sorted-bijection-v1,provider-map-v1
P070225,P04509,Painters,Painters,Matara,Kalutara,category-sorted-bijection-v1,provider-map-v1
P070226,P04510,Painters,Painters,Colombo,Jaffna,category-sorted-bijection-v1,provider-map-v1
P070227,P04511,Painters,Painters,Ratnapura,Kurunegala,category-sorted-bijection-v1,provider-map-v1
P070228,P04512,Painters,Painters,Anuradhapura,Galle,category-sorted-bijection-v1,provider-map-v1
P070229,P04513,Painters,Painters,Ratnapura,Batticaloa,category-sorted-bijection-v1,provider-map-v1
P070230,P04514,Painters,Painters,Galle,Kalutara,category-sorted-bijection-v1,provider-map-v1
P070231,P04515,Painters,Painters,Nuwara Eliya,Matara,category-sorted-bijection-v1,provider-map-v1
P070232,P04516,Painters,Painters,Nuwara Eliya,Batticaloa,category-sorted-bijection-v1,provider-map-v1
P070233,P04517,Painters,Painters,Galle,Colombo,category-sorted-bijection-v1,provider-map-v1
P070234,P04518,Painters,Painters,Jaffna,Jaffna,category-sorted-bijection-v1,provider-map-v1
P070235,P04519,Painters,Painters,Matara,Kurunegala,category-sorted-bijection-v1,provider-map-v1
P070236,P04520,Painters,Painters,Kandy,Batticaloa,category-sorted-bijection-v1,provider-map-v1
P070237,P04521,Painters,Painters,Kurunegala,Jaffna,category-sorted-bijection-v1,provider-map-v1
P070238,P04522,Painters,Painters,Badulla,Kandy,category-sorted-bijection-v1,provider-map-v1
P070239,P04523,Painters,Painters,Matale,Batticaloa,category-sorted-bijection-v1,provider-map-v1
P070240,P04524,Painters,Painters,Kalutara,Anuradhapura,category-sorted-bijection-v1,provider-map-v1
P070241,P04525,Painters,Painters,Batticaloa,Gampaha,category-sorted-bijection-v1,provider-map-v1
P070242,P04526,Painters,Painters,Kandy,Galle,category-sorted-bijection-v1,provider-map-v1
P070243,P04527,Painters,Painters,Matale,Kalutara,category-sorted-bijection-v1,provider-map-v1
P070244,P04528,Painters,Painters,Kurunegala,Batticaloa,category-sorted-bijection-v1,provider-map-v1
P070245,P04529,Painters,Painters,Matara,Matara,category-sorted-bijection-v1,provider-map-v1
P070246,P04530,Painters,Painters,Nuwara Eliya,Gampaha,category-sorted-bijection-v1,provider-map-v1
P070247,P04531,Painters,Painters,Anuradhapura,Gampaha,category-sorted-bijection-v1,provider-map-v1
P070248,P04532,Painters,Painters,Matale,Colombo,category-sorted-bijection-v1,provider-map-v1
P070249,P04533,Painters,Painters,Badulla,Kandy,category-sorted-bijection-v1,provider-map-v1
P070250,P04534,Painters,Painters,Kalutara,Kalutara,category-sorted-bijection-v1,provider-map-v1
P070251,P04535,Painters,Painters,Kurunegala,Batticaloa,category-sorted-bijection-v1,provider-map-v1
P070252,P04536,Painters,Painters,Batticaloa,Galle,category-sorted-bijection-v1,provider-map-v1
P070253,P04537,Painters,Painters,Matara,Matara,category-sorted-bijection-v1,provider-map-v1
P070254,P04538,Painters,Painters,Galle,Gampaha,category-sorted-bijection-v1,provider-map-v1
P070255,P04539,Painters,Painters,Matale,Galle,category-sorted-bijection-v1,provider-map-v1
P070256,P04540,Painters,Painters,Badulla,Kurunegala,category-sorted-bijection-v1,provider-map-v1
P070257,P04541,Painters,Painters,Kalutara,Jaffna,category-sorted-bijection-v1,provider-map-v1
P070258,P04542,Painters,Painters,Matara,Batticaloa,category-sorted-bijection-v1,provider-map-v1
P070259,P04543,Painters,Painters,Badulla,Kandy,category-sorted-bijection-v1,provider-map-v1
P070260,P04544,Painters,Painters,Matara,Jaffna,category-sorted-bijection-v1,provider-map-v1
P070261,P04545,Painters,Painters,Batticaloa,Anuradhapura,category-sorted-bijection-v1,provider-map-v1
P070262,P04546,Painters,Painters,Anuradhapura,Gampaha,category-sorted-bijection-v1,provider-map-v1
P070263,P04547,Painters,Painters,Gampaha,Kurunegala,category-sorted-bijection-v1,provider-map-v1
P070264,P04548,Painters,Painters,Batticaloa,Gampaha,category-sorted-bijection-v1,provider-map-v1
P070265,P04549,Painters,Painters,Nuwara Eliya,Kurunegala,category-sorted-bijection-v1,provider-map-v1
P070266,P04550,Painters,Painters,Batticaloa,Jaffna,category-sorted-bijection-v1,provider-map-v1
P070267,P04551,Painters,Painters,Galle,Kandy,category-sorted-bijection-v1,provider-map-v1
P070268,P04552,Painters,Painters,Batticaloa,Kalutara,category-sorted-bijection-v1,provider-map-v1
P070269,P04553,Painters,Painters,Galle,Colombo,category-sorted-bijection-v1,provider-map-v1
P070270,P04554,Painters,Painters,Badulla,Colombo,category-sorted-bijection-v1,provider-map-v1
P070271,P04555,Painters,Painters,Ratnapura,Gampaha,category-sorted-bijection-v1,provider-map-v1
P070272,P04556,Painters,Painters,Gampaha,Matara,category-sorted-bijection-v1,provider-map-v1
P070273,P04557,Painters,Painters,Batticaloa,Jaffna,category-sorted-bijection-v1,provider-map-v1
P070274,P04558,Painters,Painters,Galle,Matara,category-sorted-bijection-v1,provider-map-v1
P070275,P04559,Painters,Painters,Kandy,Gampaha,category-sorted-bijection-v1,provider-map-v1
P070276,P04560,Painters,Painters,Kalutara,Matara,category-sorted-bijection-v1,provider-map-v1
P070277,P04561,Painters,Painters,Kurunegala,Colombo,category-sorted-bijection-v1,provider-map-v1
P070278,P04562,Painters,Painters,Nuwara Eliya,Kalutara,category-sorted-bijection-v1,provider-map-v1
P070279,P04563,Painters,Painters,Gampaha,Gampaha,category-sorted-bijection-v1,provider-map-v1
P070280,P04564,Painters,Painters,Badulla,Matara,category-sorted-bijection-v1,provider-map-v1
P070281,P04565,Painters,Painters,Nuwara Eliya,Matara,category-sorted-bijection-v1,provider-map-v1
P070282,P04566,Painters,Painters,Kalutara,Batticaloa,category-sorted-bijection-v1,provider-map-v1
P070283,P04567,Painters,Painters,Kandy,Matara,category-sorted-bijection-v1,provider-map-v1
P070284,P04568,Painters,Painters,Galle,Batticaloa,category-sorted-bijection-v1,provider-map-v1
P070285,P04569,Painters,Painters,Gampaha,Anuradhapura,category-sorted-bijection-v1,provider-map-v1
P070286,P04570,Painters,Painters,Matara,Jaffna,category-sorted-bijection-v1,provider-map-v1
P070287,P04571,Painters,Painters,Ratnapura,Colombo,category-sorted-bijection-v1,provider-map-v1
P070288,P04572,Painters,Painters,Anuradhapura,Gampaha,category-sorted-bijection-v1,provider-map-v1
P070289,P04573,Painters,Painters,Matale,Colombo,category-sorted-bijection-v1,provider-map-v1
P070290,P04574,Painters,Painters,Colombo,Colombo,category-sorted-bijection-v1,provider-map-v1
P070291,P04575,Painters,Painters,Anuradhapura,Kandy,category-sorted-bijection-v1,provider-map-v1
P070292,P04576,Painters,Painters,Anuradhapura,Kalutara,category-sorted-bijection-v1,provider-map-v1
P070293,P04577,Painters,Painters,Nuwara Eliya,Galle,category-sorted-bijection-v1,provider-map-v1
P070294,P04578,Painters,Painters,Kurunegala,Gampaha,category-sorted-bijection-v1,provider-map-v1
P070295,P04579,Painters,Painters,Matara,Jaffna,category-sorted-bijection-v1,provider-map-v1
P070296,P04580,Painters,Painters,Gampaha,Gampaha,category-sorted-bijection-v1,provider-map-v1
P070297,P04581,Painters,Painters,Matara,Jaffna,category-sorted-bijection-v1,provider-map-v1
P070298,P04582,Painters,Painters,Kalutara,Kandy,category-sorted-bijection-v1,provider-map-v1
P070299,P04583,Painters,Painters,Badulla,Kalutara,category-sorted-bijection-v1,provider-map-v1
P070300,P04584,Painters,Painters,Gampaha,Matara,category-sorted-bijection-v1,provider-map-v1
P070301,P04585,Painters,Painters,Kalutara,Jaffna,category-sorted-bijection-v1,provider-map-v1
P070302,P04586,Painters,Painters,Colombo,Anuradhapura,category-sorted-bijection-v1,provider-map-v1
P070303,P04587,Painters,Painters,Ratnapura,Galle,category-sorted-bijection-v1,provider-map-v1
P070304,P04588,Painters,Painters,Batticaloa,Matara,category-sorted-bijection-v1,provider-map-v1
P070305,P04589,Painters,Painters,Galle,Colombo,category-sorted-bijection-v1,provider-map-v1
P070306,P04590,Painters,Painters,Matara,Jaffna,category-sorted-bijection-v1,provider-map-v1
P070307,P04591,Painters,Painters,Matara,Kandy,category-sorted-bijection-v1,provider-map-v1
P070308,P04592,Painters,Painters,Matale,Kalutara,category-sorted-bijection-v1,provider-map-v1
P070309,P04593,Painters,Painters,Kurunegala,Colombo,category-sorted-bijection-v1,provider-map-v1
P070310,P04594,Painters,Painters,Ratnapura,Gampaha,category-sorted-bijection-v1,provider-map-v1
P070311,P04595,Painters,Painters,Ratnapura,Kurunegala,category-sorted-bijection-v1,provider-map-v1
P070312,P04596,Painters,Painters,Nuwara Eliya,Anuradhapura,category-sorted-bijection-v1,provider-map-v1
P070313,P04597,Painters,Painters,Nuwara Eliya,Kalutara,category-sorted-bijection-v1,provider-map-v1
P070314,P04598,Painters,Painters,Batticaloa,Anuradhapura,category-sorted-bijection-v1,provider-map-v1
P070315,P04599,Painters,Painters,Jaffna,Colombo,category-sorted-bijection-v1,provider-map-v1
P070316,P04600,Painters,Painters,Kurunegala,Galle,category-sorted-bijection-v1,provider-map-v1
P070317,P04601,Painters,Painters,Gampaha,Batticaloa,category-sorted-bijection-v1,provider-map-v1
P070318,P04602,Painters,Painters,Kalutara,Jaffna,category-sorted-bijection-v1,provider-map-v1
P070319,P04603,Painters,Painters,Kalutara,Gampaha,category-sorted-bijection-v1,provider-map-v1
P070320,P04604,Painters,Painters,Jaffna,Kandy,category-sorted-bijection-v1,provider-map-v1
P070321,P04605,Painters,Painters,Kurunegala,Jaffna,category-sorted-bijection-v1,provider-map-v1
P070322,P04606,Painters,Painters,Galle,Galle,category-sorted-bijection-v1,provider-map-v1
P070323,P04607,Painters,Painters,Ratnapura,Kurunegala,category-sorted-bijection-v1,provider-map-v1
P070324,P04608,Painters,Painters,Jaffna,Kandy,category-sorted-bijection-v1,provider-map-v1
P070325,P04609,Painters,Painters,Matale,Anuradhapura,category-sorted-bijection-v1,provider-map-v1
P070326,P04610,Painters,Painters,Batticaloa,Galle,category-sorted-bijection-v1,provider-map-v1
P070327,P04611,Painters,Painters,Nuwara Eliya,Kalutara,category-sorted-bijection-v1,provider-map-v1
P070328,P04612,Painters,Painters,Anuradhapura,Gampaha,category-sorted-bijection-v1,provider-map-v1
P070329,P04613,Painters,Painters,Colombo,Colombo,category-sorted-bijection-v1,provider-map-v1
P070330,P04614,Painters,Painters,Badulla,Kandy,category-sorted-bijection-v1,provider-map-v1
P070331,P04615,Painters,Painters,Nuwara Eliya,Jaffna,category-sorted-bijection-v1,provider-map-v1
P070332,P04616,Painters,Painters,Ratnapura,Galle,category-sorted-bijection-v1,provider-map-v1
P070333,P04617,Painters,Painters,Kalutara,Kalutara,category-sorted-bijection-v1,provider-map-v1
P070334,P04618,Painters,Painters,Kandy,Kalutara,category-sorted-bijection-v1,provider-map-v1
P070335,P04619,Painters,Painters,Kurunegala,Galle,category-sorted-bijection-v1,provider-map-v1
P070336,P04620,Painters,Painters,Kurunegala,Kalutara,category-sorted-bijection-v1,provider-map-v1
P070337,P04621,Painters,Painters,Kalutara,Kalutara,category-sorted-bijection-v1,provider-map-v1
P070338,P04622,Painters,Painters,Galle,Gampaha,category-sorted-bijection-v1,provider-map-v1
P070339,P04623,Painters,Painters,Kandy,Galle,category-sorted-bijection-v1,provider-map-v1
P070340,P04624,Painters,Painters,Colombo,Matara,category-sorted-bijection-v1,provider-map-v1
P070341,P04625,Painters,Painters,Galle,Galle,category-sorted-bijection-v1,provider-map-v1
P070342,P04626,Painters,Painters,Jaffna,Matara,category-sorted-bijection-v1,provider-map-v1
P070343,P04627,Painters,Painters,Badulla,Kalutara,category-sorted-bijection-v1,provider-map-v1
P070344,P04628,Painters,Painters,Batticaloa,Jaffna,category-sorted-bijection-v1,provider-map-v1
P070345,P04629,Painters,Painters,Ratnapura,Anuradhapura,category-sorted-bijection-v1,provider-map-v1
P070346,P04630,Painters,Painters,Ratnapura,Galle,category-sorted-bijection-v1,provider-map-v1
P070347,P04631,Painters,Painters,Jaffna,Kalutara,category-sorted-bijection-v1,provider-map-v1
P070348,P04632,Painters,Painters,Jaffna,Kandy,category-sorted-bijection-v1,provider-map-v1
P070349,P04633,Painters,Painters,Matara,Anuradhapura,category-sorted-bijection-v1,provider-map-v1
P070350,P04634,Painters,Painters,Gampaha,Colombo,category-sorted-bijection-v1,provider-map-v1
P070351,P04635,Painters,Painters,Matale,Kandy,category-sorted-bijection-v1,provider-map-v1
P070352,P04636,Painters,Painters,Batticaloa,Gampaha,category-sorted-bijection-v1,provider-map-v1
P070353,P04637,Painters,Painters,Kandy,Colombo,category-sorted-bijection-v1,provider-map-v1
P070354,P04638,Painters,Painters,Gampaha,Jaffna,category-sorted-bijection-v1,provider-map-v1
P070355,P04639,Painters,Painters,Badulla,Matara,category-sorted-bijection-v1,provider-map-v1
P070356,P04640,Painters,Painters,Galle,Kandy,category-sorted-bijection-v1,provider-map-v1
P070357,P04641,Painters,Painters,Kandy,Colombo,category-sorted-bijection-v1,provider-map-v1
P080001,P04999,A/C,A/C,Kurunegala,Jaffna,category-sorted-bijection-v1,provider-map-v1
P080002,P05000,A/C,A/C,Batticaloa,Jaffna,category-sorted-bijection-v1,provider-map-v1
P080003,P05001,A/C,A/C,Ratnapura,Jaffna,category-sorted-bijection-v1,provider-map-v1
P080004,P05002,A/C,A/C,Gampaha,Galle,category-sorted-bijection-v1,provider-map-v1
P080005,P05003,A/C,A/C,Ratnapura,Galle,category-sorted-bijection-v1,provider-map-v1
P080006,P05004,A/C,A/C,Matale,Colombo,category-sorted-bijection-v1,provider-map-v1
P080007,P05005,A/C,A/C,Badulla,Kandy,category-sorted-bijection-v1,provider-map-v1
P080008,P05006,A/C,A/C,Jaffna,Gampaha,category-sorted-bijection-v1,provider-map-v1
P080009,P05007,A/C,A/C,Matale,Batticaloa,category-sorted-bijection-v1,provider-map-v1
P080010,P05008,A/C,A/C,Kurunegala,Kalutara,category-sorted-bijection-v1,provider-map-v1
P080011,P05009,A/C,A/C,Jaffna,Gampaha,category-sorted-bijection-v1,provider-map-v1
P080012,P05010,A/C,A/C,Nuwara Eliya,Matara,category-sorted-bijection-v1,provider-map-v1
P080013,P05011,A/C,A/C,Kalutara,Matara,category-sorted-bijection-v1,provider-map-v1
P080014,P05012,A/C,A/C,Badulla,Kandy,category-sorted-bijection-v1,provider-map-v1
P080015,P05013,A/C,A/C,Kurunegala,Kalutara,category-sorted-bijection-v1,provider-map-v1
P080016,P05014,A/C,A/C,Kalutara,Kurunegala,category-sorted-bijection-v1,provider-map-v1
P080017,P05015,A/C,A/C,Gampaha,Galle,category-sorted-bijection-v1,provider-map-v1
P080018,P05016,A/C,A/C,Galle,Batticaloa,category-sorted-bijection-v1,provider-map-v1
P080019,P05017,A/C,A/C,Kalutara,Kandy,category-sorted-bijection-v1,provider-map-v1
P080020,P05018,A/C,A/C,Colombo,Batticaloa,category-sorted-bijection-v1,provider-map-v1
P080021,P05019,A/C,A/C,Badulla,Jaffna,category-sorted-bijection-v1,provider-map-v1
P080022,P05020,A/C,A/C,Batticaloa,Galle,category-sorted-bijection-v1,provider-map-v1
P080023,P05021,A/C,A/C,Kandy,Kalutara,category-sorted-bijection-v1,provider-map-v1
P080024,P05022,A/C,A/C,Matale,Galle,category-sorted-bijection-v1,provider-map-v1
P080025,P05023,A/C,A/C,Jaffna,Kurunegala,category-sorted-bijection-v1,provider-map-v1
P080026,P05024,A/C,A/C,Ratnapura,Kalutara,category-sorted-bijection-v1,provider-map-v1
P080027,P05025,A/C,A/C,Batticaloa,Kandy,category-sorted-bijection-v1,provider-map-v1
P080028,P05026,A/C,A/C,Batticaloa,Batticaloa,category-sorted-bijection-v1,provider-map-v1
P080029,P05027,A/C,A/C,Kurunegala,Kandy,category-sorted-bijection-v1,provider-map-v1
P080030,P05028,A/C,A/C,Matale,Jaffna,category-sorted-bijection-v1,provider-map-v1
P080031,P05029,A/C,A/C,Gampaha,Batticaloa,category-sorted-bijection-v1,provider-map-v1
P080032,P05030,A/C,A/C,Jaffna,Kandy,category-sorted-bijection-v1,provider-map-v1
P080033,P05031,A/C,A/C,Batticaloa,Gampaha,category-sorted-bijection-v1,provider-map-v1
P080034,P05032,A/C,A/C,Kandy,Colombo,category-sorted-bijection-v1,provider-map-v1
P080035,P05033,A/C,A/C,Batticaloa,Batticaloa,category-sorted-bijection-v1,provider-map-v1
P080036,P05034,A/C,A/C,Kalutara,Batticaloa,category-sorted-bijection-v1,provider-map-v1
P080037,P05035,A/C,A/C,Anuradhapura,Jaffna,category-sorted-bijection-v1,provider-map-v1
P080038,P05036,A/C,A/C,Badulla,Anuradhapura,category-sorted-bijection-v1,provider-map-v1
P080039,P05037,A/C,A/C,Gampaha,Kalutara,category-sorted-bijection-v1,provider-map-v1
P080040,P05038,A/C,A/C,Matale,Anuradhapura,category-sorted-bijection-v1,provider-map-v1
P080041,P05039,A/C,A/C,Colombo,Anuradhapura,category-sorted-bijection-v1,provider-map-v1
P080042,P05040,A/C,A/C,Kalutara,Galle,category-sorted-bijection-v1,provider-map-v1
P080043,P05041,A/C,A/C,Kalutara,Galle,category-sorted-bijection-v1,provider-map-v1
P080044,P05042,A/C,A/C,Gampaha,Anuradhapura,category-sorted-bijection-v1,provider-map-v1
P080045,P05043,A/C,A/C,Galle,Gampaha,category-sorted-bijection-v1,provider-map-v1
P080046,P05044,A/C,A/C,Jaffna,Jaffna,category-sorted-bijection-v1,provider-map-v1
P080047,P05045,A/C,A/C,Anuradhapura,Kalutara,category-sorted-bijection-v1,provider-map-v1
P080048,P05046,A/C,A/C,Batticaloa,Batticaloa,category-sorted-bijection-v1,provider-map-v1
P080049,P05047,A/C,A/C,Kandy,Anuradhapura,category-sorted-bijection-v1,provider-map-v1
P080050,P05048,A/C,A/C,Anuradhapura,Matara,category-sorted-bijection-v1,provider-map-v1
P080051,P05049,A/C,A/C,Jaffna,Anuradhapura,category-sorted-bijection-v1,provider-map-v1
P080052,P05050,A/C,A/C,Matara,Batticaloa,category-sorted-bijection-v1,provider-map-v1
P080053,P05051,A/C,A/C,Galle,Gampaha,category-sorted-bijection-v1,provider-map-v1
P080054,P05052,A/C,A/C,Ratnapura,Jaffna,category-sorted-bijection-v1,provider-map-v1
P080055,P05053,A/C,A/C,Batticaloa,Galle,category-sorted-bijection-v1,provider-map-v1
P080056,P05054,A/C,A/C,Anuradhapura,Matara,category-sorted-bijection-v1,provider-map-v1
P080057,P05055,A/C,A/C,Kandy,Colombo,category-sorted-bijection-v1,provider-map-v1
P080058,P05056,A/C,A/C,Anuradhapura,Gampaha,category-sorted-bijection-v1,provider-map-v1
P080059,P05057,A/C,A/C,Matara,Kalutara,category-sorted-bijection-v1,provider-map-v1
P080060,P05058,A/C,A/C,Matale,Kalutara,category-sorted-bijection-v1,provider-map-v1
P080061,P05059,A/C,A/C,Badulla,Matara,category-sorted-bijection-v1,provider-map-v1
P080062,P05060,A/C,A/C,Matale,Batticaloa,category-sorted-bijection-v1,provider-map-v1
P080063,P05061,A/C,A/C,Galle,Matara,category-sorted-bijection-v1,provider-map-v1
P080064,P05062,A/C,A/C,Kalutara,Jaffna,category-sorted-bijection-v1,provider-map-v1
P080065,P05063,A/C,A/C,Anuradhapura,Batticaloa,category-sorted-bijection-v1,provider-map-v1
P080066,P05064,A/C,A/C,Kandy,Anuradhapura,category-sorted-bijection-v1,provider-map-v1
P080067,P05065,A/C,A/C,Matale,Kalutara,category-sorted-bijection-v1,provider-map-v1
P080068,P05066,A/C,A/C,Badulla,Colombo,category-sorted-bijection-v1,provider-map-v1
P080069,P05067,A/C,A/C,Gampaha,Batticaloa,category-sorted-bijection-v1,provider-map-v1
P080070,P05068,A/C,A/C,Colombo,Kandy,category-sorted-bijection-v1,provider-map-v1
P080071,P05069,A/C,A/C,Kurunegala,Kurunegala,category-sorted-bijection-v1,provider-map-v1
P080072,P05070,A/C,A/C,Ratnapura,Batticaloa,category-sorted-bijection-v1,provider-map-v1
P080073,P05071,A/C,A/C,Nuwara Eliya,Kandy,category-sorted-bijection-v1,provider-map-v1
P080074,P05072,A/C,A/C,Kalutara,Matara,category-sorted-bijection-v1,provider-map-v1
P080075,P05073,A/C,A/C,Gampaha,Galle,category-sorted-bijection-v1,provider-map-v1
P080076,P05074,A/C,A/C,Badulla,Anuradhapura,category-sorted-bijection-v1,provider-map-v1
P080077,P05075,A/C,A/C,Ratnapura,Kalutara,category-sorted-bijection-v1,provider-map-v1
P080078,P05076,A/C,A/C,Badulla,Galle,category-sorted-bijection-v1,provider-map-v1
P080079,P05077,A/C,A/C,Kandy,Batticaloa,category-sorted-bijection-v1,provider-map-v1
P080080,P05078,A/C,A/C,Matale,Batticaloa,category-sorted-bijection-v1,provider-map-v1
P080081,P05079,A/C,A/C,Kurunegala,Colombo,category-sorted-bijection-v1,provider-map-v1
P080082,P05080,A/C,A/C,Jaffna,Kurunegala,category-sorted-bijection-v1,provider-map-v1
P080083,P05081,A/C,A/C,Galle,Batticaloa,category-sorted-bijection-v1,provider-map-v1
P080084,P05082,A/C,A/C,Kalutara,Anuradhapura,category-sorted-bijection-v1,provider-map-v1
P080085,P05083,A/C,A/C,Badulla,Matara,category-sorted-bijection-v1,provider-map-v1
P080086,P05084,A/C,A/C,Galle,Anuradhapura,category-sorted-bijection-v1,provider-map-v1
P080087,P05085,A/C,A/C,Nuwara Eliya,Kalutara,category-sorted-bijection-v1,provider-map-v1
P080088,P05086,A/C,A/C,Colombo,Matara,category-sorted-bijection-v1,provider-map-v1
P080089,P05087,A/C,A/C,Batticaloa,Anuradhapura,category-sorted-bijection-v1,provider-map-v1
P080090,P05088,A/C,A/C,Galle,Gampaha,category-sorted-bijection-v1,provider-map-v1
P080091,P05089,A/C,A/C,Gampaha,Kalutara,category-sorted-bijection-v1,provider-map-v1
P080092,P05090,A/C,A/C,Batticaloa,Gampaha,category-sorted-bijection-v1,provider-map-v1
P080093,P05091,A/C,A/C,Kalutara,Kandy,category-sorted-bijection-v1,provider-map-v1
P080094,P05092,A/C,A/C,Badulla,Kalutara,category-sorted-bijection-v1,provider-map-v1
P080095,P05093,A/C,A/C,Kandy,Matara,category-sorted-bijection-v1,provider-map-v1
P080096,P05094,A/C,A/C,Matale,Kalutara,category-sorted-bijection-v1,provider-map-v1
P080097,P05095,A/C,A/C,Ratnapura,Jaffna,category-sorted-bijection-v1,provider-map-v1
P080098,P05096,A/C,A/C,Kurunegala,Matara,category-sorted-bijection-v1,provider-map-v1
P080099,P05097,A/C,A/C,Nuwara Eliya,Kurunegala,category-sorted-bijection-v1,provider-map-v1
P080100,P05098,A/C,A/C,Kalutara,Kurunegala,category-sorted-bijection-v1,provider-map-v1
P080101,P05099,A/C,A/C,Badulla,Kandy,category-sorted-bijection-v1,provider-map-v1
P080102,P05100,A/C,A/C,Kalutara,Matara,category-sorted-bijection-v1,provider-map-v1
P080103,P05101,A/C,A/C,Kandy,Batticaloa,category-sorted-bijection-v1,provider-map-v1
P080104,P05102,A/C,A/C,Galle,Galle,category-sorted-bijection-v1,provider-map-v1
P080105,P05103,A/C,A/C,Kandy,Jaffna,category-sorted-bijection-v1,provider-map-v1
P080106,P05104,A/C,A/C,Gampaha,Kalutara,category-sorted-bijection-v1,provider-map-v1
P080107,P05105,A/C,A/C,Gampaha,Anuradhapura,category-sorted-bijection-v1,provider-map-v1
P080108,P05106,A/C,A/C,Nuwara Eliya,Batticaloa,category-sorted-bijection-v1,provider-map-v1
P080109,P05107,A/C,A/C,Matara,Gampaha,category-sorted-bijection-v1,provider-map-v1
P080110,P05108,A/C,A/C,Anuradhapura,Galle,category-sorted-bijection-v1,provider-map-v1
P080111,P05109,A/C,A/C,Matale,Gampaha,category-sorted-bijection-v1,provider-map-v1
P080112,P05110,A/C,A/C,Batticaloa,Kandy,category-sorted-bijection-v1,provider-map-v1
P080113,P05111,A/C,A/C,Anuradhapura,Kandy,category-sorted-bijection-v1,provider-map-v1
P080114,P05112,A/C,A/C,Anuradhapura,Matara,category-sorted-bijection-v1,provider-map-v1
P080115,P05113,A/C,A/C,Galle,Kandy,category-sorted-bijection-v1,provider-map-v1
P080116,P05114,A/C,A/C,Batticaloa,Colombo,category-sorted-bijection-v1,provider-map-v1
P080117,P05115,A/C,A/C,Galle,Colombo,category-sorted-bijection-v1,provider-map-v1
P080118,P05116,A/C,A/C,Kalutara,Colombo,category-sorted-bijection-v1,provider-map-v1
P080119,P05117,A/C,A/C,Badulla,Kalutara,category-sorted-bijection-v1,provider-map-v1
P080120,P05118,A/C,A/C,Kalutara,Jaffna,category-sorted-bijection-v1,provider-map-v1
P080121,P05119,A/C,A/C,Kurunegala,Gampaha,category-sorted-bijection-v1,provider-map-v1
P080122,P05120,A/C,A/C,Gampaha,Colombo,category-sorted-bijection-v1,provider-map-v1
P080123,P05121,A/C,A/C,Batticaloa,Batticaloa,category-sorted-bijection-v1,provider-map-v1
P080124,P05122,A/C,A/C,Anuradhapura,Batticaloa,category-sorted-bijection-v1,provider-map-v1
P080125,P05123,A/C,A/C,Kandy,Colombo,category-sorted-bijection-v1,provider-map-v1
P080126,P05124,A/C,A/C,Batticaloa,Kurunegala,category-sorted-bijection-v1,provider-map-v1
P080127,P05125,A/C,A/C,Kalutara,Anuradhapura,category-sorted-bijection-v1,provider-map-v1
P080128,P05126,A/C,A/C,Batticaloa,Kurunegala,category-sorted-bijection-v1,provider-map-v1
P080129,P05127,A/C,A/C,Ratnapura,Batticaloa,category-sorted-bijection-v1,provider-map-v1
P080130,P05128,A/C,A/C,Nuwara Eliya,Galle,category-sorted-bijection-v1,provider-map-v1
P080131,P05129,A/C,A/C,Nuwara Eliya,Anuradhapura,category-sorted-bijection-v1,provider-map-v1
P080132,P05130,A/C,A/C,Gampaha,Galle,category-sorted-bijection-v1,provider-map-v1
P080133,P05131,A/C,A/C,Anuradhapura,Batticaloa,category-sorted-bijection-v1,provider-map-v1
P080134,P05132,A/C,A/C,Batticaloa,Matara,category-sorted-bijection-v1,provider-map-v1
P080135,P05133,A/C,A/C,Matale,Batticaloa,category-sorted-bijection-v1,provider-map-v1
P080136,P05134,A/C,A/C,Kurunegala,Kandy,category-sorted-bijection-v1,provider-map-v1
P080137,P05135,A/C,A/C,Badulla,Galle,category-sorted-bijection-v1,provider-map-v1
P080138,P05136,A/C,A/C,Kurunegala,Kandy,category-sorted-bijection-v1,provider-map-v1
P080139,P05137,A/C,A/C,Nuwara Eliya,Kandy,category-sorted-bijection-v1,provider-map-v1
P080140,P05138,A/C,A/C,Batticaloa,Colombo,category-sorted-bijection-v1,provider-map-v1
P080141,P05139,A/C,A/C,Nuwara Eliya,Batticaloa,category-sorted-bijection-v1,provider-map-v1
P080142,P05140,A/C,A/C,Batticaloa,Batticaloa,category-sorted-bijection-v1,provider-map-v1
P080143,P05141,A/C,A/C,Kandy,Batticaloa,category-sorted-bijection-v1,provider-map-v1
P080144,P05142,A/C,A/C,Colombo,Jaffna,category-sorted-bijection-v1,provider-map-v1
P080145,P05143,A/C,A/C,Anuradhapura,Gampaha,category-sorted-bijection-v1,provider-map-v1
P080146,P05144,A/C,A/C,Matale,Jaffna,category-sorted-bijection-v1,provider-map-v1
P080147,P05145,A/C,A/C,Gampaha,Matara,category-sorted-bijection-v1,provider-map-v1
P080148,P05146,A/C,A/C,Kandy,Anuradhapura,category-sorted-bijection-v1,provider-map-v1
P080149,P05147,A/C,A/C,Colombo,Batticaloa,category-sorted-bijection-v1,provider-map-v1
P080150,P05148,A/C,A/C,Batticaloa,Matara,category-sorted-bijection-v1,provider-map-v1
P080151,P05149,A/C,A/C,Matale,Batticaloa,category-sorted-bijection-v1,provider-map-v1
P080152,P05150,A/C,A/C,Galle,Gampaha,category-sorted-bijection-v1,provider-map-v1
P080153,P05151,A/C,A/C,Jaffna,Colombo,category-sorted-bijection-v1,provider-map-v1
P080154,P05152,A/C,A/C,Gampaha,Batticaloa,category-sorted-bijection-v1,provider-map-v1
P080155,P05153,A/C,A/C,Kurunegala,Matara,category-sorted-bijection-v1,provider-map-v1
P080156,P05154,A/C,A/C,Kurunegala,Kurunegala,category-sorted-bijection-v1,provider-map-v1
P080157,P05155,A/C,A/C,Matara,Kurunegala,category-sorted-bijection-v1,provider-map-v1
P080158,P05156,A/C,A/C,Kalutara,Jaffna,category-sorted-bijection-v1,provider-map-v1
P080159,P05157,A/C,A/C,Kalutara,Galle,category-sorted-bijection-v1,provider-map-v1
P080160,P05158,A/C,A/C,Jaffna,Kandy,category-sorted-bijection-v1,provider-map-v1
P080161,P05159,A/C,A/C,Matara,Kandy,category-sorted-bijection-v1,provider-map-v1
P080162,P05160,A/C,A/C,Gampaha,Kandy,category-sorted-bijection-v1,provider-map-v1
P080163,P05161,A/C,A/C,Matara,Galle,category-sorted-bijection-v1,provider-map-v1
P080164,P05162,A/C,A/C,Batticaloa,Jaffna,category-sorted-bijection-v1,provider-map-v1
P080165,P05163,A/C,A/C,Matara,Galle,category-sorted-bijection-v1,provider-map-v1
P080166,P05164,A/C,A/C,Gampaha,Kurunegala,category-sorted-bijection-v1,provider-map-v1
P080167,P05165,A/C,A/C,Ratnapura,Colombo,category-sorted-bijection-v1,provider-map-v1
P080168,P05166,A/C,A/C,Badulla,Kurunegala,category-sorted-bijection-v1,provider-map-v1
P080169,P05167,A/C,A/C,Galle,Kandy,category-sorted-bijection-v1,provider-map-v1
P080170,P05168,A/C,A/C,Kurunegala,Kandy,category-sorted-bijection-v1,provider-map-v1
P080171,P05169,A/C,A/C,Matale,Colombo,category-sorted-bijection-v1,provider-map-v1
P080172,P05170,A/C,A/C,Ratnapura,Colombo,category-sorted-bijection-v1,provider-map-v1
P080173,P05171,A/C,A/C,Kurunegala,Batticaloa,category-sorted-bijection-v1,provider-map-v1
P080174,P05172,A/C,A/C,Kandy,Colombo,category-sorted-bijection-v1,provider-map-v1
P080175,P05173,A/C,A/C,Matale,Kalutara,category-sorted-bijection-v1,provider-map-v1
P080176,P05174,A/C,A/C,Matara,Jaffna,category-sorted-bijection-v1,provider-map-v1
P080177,P05175,A/C,A/C,Gampaha,Colombo,category-sorted-bijection-v1,provider-map-v1
P080178,P05176,A/C,A/C,Kurunegala,Kandy,category-sorted-bijection-v1,provider-map-v1
P080179,P05177,A/C,A/C,Kurunegala,Kurunegala,category-sorted-bijection-v1,provider-map-v1
P080180,P05178,A/C,A/C,Matara,Matara,category-sorted-bijection-v1,provider-map-v1
P080181,P05179,A/C,A/C,Kurunegala,Kurunegala,category-sorted-bijection-v1,provider-map-v1
P080182,P05180,A/C,A/C,Anuradhapura,Gampaha,category-sorted-bijection-v1,provider-map-v1
P080183,P05181,A/C,A/C,Kalutara,Anuradhapura,category-sorted-bijection-v1,provider-map-v1
P080184,P05182,A/C,A/C,Galle,Galle,category-sorted-bijection-v1,provider-map-v1
P080185,P05183,A/C,A/C,Kurunegala,Kurunegala,category-sorted-bijection-v1,provider-map-v1
P080186,P05184,A/C,A/C,Batticaloa,Batticaloa,category-sorted-bijection-v1,provider-map-v1
P080187,P05185,A/C,A/C,Kalutara,Kurunegala,category-sorted-bijection-v1,provider-map-v1
P080188,P05186,A/C,A/C,Jaffna,Matara,category-sorted-bijection-v1,provider-map-v1
P080189,P05187,A/C,A/C,Galle,Galle,category-sorted-bijection-v1,provider-map-v1
P080190,P05188,A/C,A/C,Anuradhapura,Kandy,category-sorted-bijection-v1,provider-map-v1
P080191,P05189,A/C,A/C,Colombo,Kurunegala,category-sorted-bijection-v1,provider-map-v1
P080192,P05190,A/C,A/C,Nuwara Eliya,Jaffna,category-sorted-bijection-v1,provider-map-v1
P080193,P05191,A/C,A/C,Ratnapura,Kurunegala,category-sorted-bijection-v1,provider-map-v1
P080194,P05192,A/C,A/C,Kurunegala,Kalutara,category-sorted-bijection-v1,provider-map-v1
P080195,P05193,A/C,A/C,Nuwara Eliya,Kalutara,category-sorted-bijection-v1,provider-map-v1
P080196,P05194,A/C,A/C,Matale,Kandy,category-sorted-bijection-v1,provider-map-v1
P080197,P05195,A/C,A/C,Anuradhapura,Anuradhapura,category-sorted-bijection-v1,provider-map-v1
P080198,P05196,A/C,A/C,Kandy,Colombo,category-sorted-bijection-v1,provider-map-v1
P080199,P05197,A/C,A/C,Ratnapura,Jaffna,category-sorted-bijection-v1,provider-map-v1
P080200,P05198,A/C,A/C,Ratnapura,Colombo,category-sorted-bijection-v1,provider-map-v1
P080201,P05199,A/C,A/C,Galle,Kandy,category-sorted-bijection-v1,provider-map-v1
P080202,P05200,A/C,A/C,Kandy,Kalutara,category-sorted-bijection-v1,provider-map-v1
P080203,P05201,A/C,A/C,Jaffna,Anuradhapura,category-sorted-bijection-v1,provider-map-v1
P080204,P05202,A/C,A/C,Matale,Anuradhapura,category-sorted-bijection-v1,provider-map-v1
P080205,P05203,A/C,A/C,Nuwara Eliya,Galle,category-sorted-bijection-v1,provider-map-v1
P080206,P05204,A/C,A/C,Anuradhapura,Batticaloa,category-sorted-bijection-v1,provider-map-v1
P080207,P05205,A/C,A/C,Matale,Kandy,category-sorted-bijection-v1,provider-map-v1
P080208,P05206,A/C,A/C,Kurunegala,Kandy,category-sorted-bijection-v1,provider-map-v1
P080209,P05207,A/C,A/C,Jaffna,Colombo,category-sorted-bijection-v1,provider-map-v1
P080210,P05208,A/C,A/C,Galle,Kurunegala,category-sorted-bijection-v1,provider-map-v1
P080211,P05209,A/C,A/C,Badulla,Matara,category-sorted-bijection-v1,provider-map-v1
P080212,P05210,A/C,A/C,Matara,Kalutara,category-sorted-bijection-v1,provider-map-v1
P080213,P05211,A/C,A/C,Kandy,Anuradhapura,category-sorted-bijection-v1,provider-map-v1
P080214,P05212,A/C,A/C,Anuradhapura,Kurunegala,category-sorted-bijection-v1,provider-map-v1
P080215,P05213,A/C,A/C,Anuradhapura,Jaffna,category-sorted-bijection-v1,provider-map-v1
P080216,P05214,A/C,A/C,Kalutara,Batticaloa,category-sorted-bijection-v1,provider-map-v1
P080217,P05215,A/C,A/C,Kurunegala,Kurunegala,category-sorted-bijection-v1,provider-map-v1
P080218,P05216,A/C,A/C,Kalutara,Kandy,category-sorted-bijection-v1,provider-map-v1
P080219,P05217,A/C,A/C,Anuradhapura,Kandy,category-sorted-bijection-v1,provider-map-v1
P080220,P05218,A/C,A/C,Matale,Colombo,category-sorted-bijection-v1,provider-map-v1
P080221,P05219,A/C,A/C,Anuradhapura,Colombo,category-sorted-bijection-v1,provider-map-v1
P080222,P05220,A/C,A/C,Kurunegala,Kurunegala,category-sorted-bijection-v1,provider-map-v1
P080223,P05221,A/C,A/C,Kalutara,Anuradhapura,category-sorted-bijection-v1,provider-map-v1
P080224,P05222,A/C,A/C,Jaffna,Jaffna,category-sorted-bijection-v1,provider-map-v1
P080225,P05223,A/C,A/C,Colombo,Kurunegala,category-sorted-bijection-v1,provider-map-v1
P080226,P05224,A/C,A/C,Matara,Galle,category-sorted-bijection-v1,provider-map-v1
P080227,P05225,A/C,A/C,Kandy,Colombo,category-sorted-bijection-v1,provider-map-v1
P080228,P05226,A/C,A/C,Matale,Colombo,category-sorted-bijection-v1,provider-map-v1
P080229,P05227,A/C,A/C,Matara,Kurunegala,category-sorted-bijection-v1,provider-map-v1
P080230,P05228,A/C,A/C,Colombo,Kandy,category-sorted-bijection-v1,provider-map-v1
P080231,P05229,A/C,A/C,Kurunegala,Matara,category-sorted-bijection-v1,provider-map-v1
P080232,P05230,A/C,A/C,Batticaloa,Anuradhapura,category-sorted-bijection-v1,provider-map-v1
P080233,P05231,A/C,A/C,Kalutara,Kandy,category-sorted-bijection-v1,provider-map-v1
P080234,P05232,A/C,A/C,Batticaloa,Batticaloa,category-sorted-bijection-v1,provider-map-v1
P080235,P05233,A/C,A/C,Kalutara,Kandy,category-sorted-bijection-v1,provider-map-v1
P080236,P05234,A/C,A/C,Matale,Anuradhapura,category-sorted-bijection-v1,provider-map-v1
P080237,P05235,A/C,A/C,Anuradhapura,Gampaha,category-sorted-bijection-v1,provider-map-v1
P080238,P05236,A/C,A/C,Matale,Kurunegala,category-sorted-bijection-v1,provider-map-v1
P080239,P05237,A/C,A/C,Gampaha,Gampaha,category-sorted-bijection-v1,provider-map-v1
P080240,P05238,A/C,A/C,Gampaha,Anuradhapura,category-sorted-bijection-v1,provider-map-v1
P080241,P05239,A/C,A/C,Matale,Anuradhapura,category-sorted-bijection-v1,provider-map-v1
P080242,P05240,A/C,A/C,Batticaloa,Matara,category-sorted-bijection-v1,provider-map-v1
P080243,P05241,A/C,A/C,Kurunegala,Galle,category-sorted-bijection-v1,provider-map-v1
P080244,P05242,A/C,A/C,Badulla,Batticaloa,category-sorted-bijection-v1,provider-map-v1
P080245,P05243,A/C,A/C,Anuradhapura,Anuradhapura,category-sorted-bijection-v1,provider-map-v1
P080246,P05244,A/C,A/C,Kandy,Galle,category-sorted-bijection-v1,provider-map-v1
P080247,P05245,A/C,A/C,Kandy,Anuradhapura,category-sorted-bijection-v1,provider-map-v1
P080248,P05246,A/C,A/C,Kandy,Jaffna,category-sorted-bijection-v1,provider-map-v1
P080249,P05247,A/C,A/C,Colombo,Jaffna,category-sorted-bijection-v1,provider-map-v1
P080250,P05248,A/C,A/C,Anuradhapura,Galle,category-sorted-bijection-v1,provider-map-v1
P080251,P05249,A/C,A/C,Kandy,Batticaloa,category-sorted-bijection-v1,provider-map-v1
P080252,P05250,A/C,A/C,Kurunegala,Anuradhapura,category-sorted-bijection-v1,provider-map-v1
P080253,P05251,A/C,A/C,Kurunegala,Colombo,category-sorted-bijection-v1,provider-map-v1
P080254,P05252,A/C,A/C,Jaffna,Gampaha,category-sorted-bijection-v1,provider-map-v1
P080255,P05253,A/C,A/C,Galle,Gampaha,category-sorted-bijection-v1,provider-map-v1
P080256,P05254,A/C,A/C,Galle,Anuradhapura,category-sorted-bijection-v1,provider-map-v1
P080257,P05255,A/C,A/C,Batticaloa,Kalutara,category-sorted-bijection-v1,provider-map-v1
P080258,P05256,A/C,A/C,Colombo,Kalutara,category-sorted-bijection-v1,provider-map-v1
P080259,P05257,A/C,A/C,Kandy,Batticaloa,category-sorted-bijection-v1,provider-map-v1
P080260,P05258,A/C,A/C,Ratnapura,Galle,category-sorted-bijection-v1,provider-map-v1
P080261,P05259,A/C,A/C,Matara,Galle,category-sorted-bijection-v1,provider-map-v1
P080262,P05260,A/C,A/C,Nuwara Eliya,Galle,category-sorted-bijection-v1,provider-map-v1
P080263,P05261,A/C,A/C,Matara,Jaffna,category-sorted-bijection-v1,provider-map-v1
P080264,P05262,A/C,A/C,Anuradhapura,Kalutara,category-sorted-bijection-v1,provider-map-v1
P080265,P05263,A/C,A/C,Batticaloa,Anuradhapura,category-sorted-bijection-v1,provider-map-v1
P080266,P05264,A/C,A/C,Nuwara Eliya,Batticaloa,category-sorted-bijection-v1,provider-map-v1
P080267,P05265,A/C,A/C,Matara,Batticaloa,category-sorted-bijection-v1,provider-map-v1
P080268,P05266,A/C,A/C,Ratnapura,Kurunegala,category-sorted-bijection-v1,provider-map-v1
P080269,P05267,A/C,A/C,Kurunegala,Gampaha,category-sorted-bijection-v1,provider-map-v1
P080270,P05268,A/C,A/C,Matara,Colombo,category-sorted-bijection-v1,provider-map-v1
P080271,P05269,A/C,A/C,Gampaha,Jaffna,category-sorted-bijection-v1,provider-map-v1
P080272,P05270,A/C,A/C,Kalutara,Batticaloa,category-sorted-bijection-v1,provider-map-v1
P080273,P05271,A/C,A/C,Gampaha,Colombo,category-sorted-bijection-v1,provider-map-v1
P080274,P05272,A/C,A/C,Gampaha,Kalutara,category-sorted-bijection-v1,provider-map-v1
P080275,P05273,A/C,A/C,Galle,Kandy,category-sorted-bijection-v1,provider-map-v1
P080276,P05274,A/C,A/C,Colombo,Kandy,category-sorted-bijection-v1,provider-map-v1
P080277,P05275,A/C,A/C,Kandy,Gampaha,category-sorted-bijection-v1,provider-map-v1
P080278,P05276,A/C,A/C,Badulla,Kalutara,category-sorted-bijection-v1,provider-map-v1
P080279,P05277,A/C,A/C,Nuwara Eliya,Colombo,category-sorted-bijection-v1,provider-map-v1
P080280,P05278,A/C,A/C,Nuwara Eliya,Matara,category-sorted-bijection-v1,provider-map-v1
P080281,P05279,A/C,A/C,Galle,Anuradhapura,category-sorted-bijection-v1,provider-map-v1
P080282,P05280,A/C,A/C,Kandy,Kalutara,category-sorted-bijection-v1,provider-map-v1
P080283,P05281,A/C,A/C,Kurunegala,Galle,category-sorted-bijection-v1,provider-map-v1
P080284,P05282,A/C,A/C,Matale,Matara,category-sorted-bijection-v1,provider-map-v1
P080285,P05283,A/C,A/C,Matara,Gampaha,category-sorted-bijection-v1,provider-map-v1
P080286,P05284,A/C,A/C,Anuradhapura,Matara,category-sorted-bijection-v1,provider-map-v1
P080287,P05285,A/C,A/C,Colombo,Matara,category-sorted-bijection-v1,provider-map-v1
P080288,P05286,A/C,A/C,Kurunegala,Kurunegala,category-sorted-bijection-v1,provider-map-v1
P080289,P05287,A/C,A/C,Ratnapura,Jaffna,category-sorted-bijection-v1,provider-map-v1
P080290,P05288,A/C,A/C,Jaffna,Galle,category-sorted-bijection-v1,provider-map-v1
P080291,P05289,A/C,A/C,Ratnapura,Jaffna,category-sorted-bijection-v1,provider-map-v1
P080292,P05290,A/C,A/C,Ratnapura,Kurunegala,category-sorted-bijection-v1,provider-map-v1
P080293,P05291,A/C,A/C,Jaffna,Colombo,category-sorted-bijection-v1,provider-map-v1
P080294,P05292,A/C,A/C,Batticaloa,Anuradhapura,category-sorted-bijection-v1,provider-map-v1
P080295,P05293,A/C,A/C,Kalutara,Colombo,category-sorted-bijection-v1,provider-map-v1
P080296,P05294,A/C,A/C,Matara,Matara,category-sorted-bijection-v1,provider-map-v1
P080297,P05295,A/C,A/C,Kurunegala,Gampaha,category-sorted-bijection-v1,provider-map-v1
P080298,P05296,A/C,A/C,Colombo,Colombo,category-sorted-bijection-v1,provider-map-v1
P080299,P05297,A/C,A/C,Jaffna,Gampaha,category-sorted-bijection-v1,provider-map-v1
P080300,P05298,A/C,A/C,Matale,Galle,category-sorted-bijection-v1,provider-map-v1
P080301,P05299,A/C,A/C,Colombo,Batticaloa,category-sorted-bijection-v1,provider-map-v1
P080302,P05300,A/C,A/C,Anuradhapura,Colombo,category-sorted-bijection-v1,provider-map-v1
P080303,P05301,A/C,A/C,Matara,Galle,category-sorted-bijection-v1,provider-map-v1
P080304,P05302,A/C,A/C,Kurunegala,Kalutara,category-sorted-bijection-v1,provider-map-v1
P080305,P05303,A/C,A/C,Batticaloa,Galle,category-sorted-bijection-v1,provider-map-v1
P080306,P05304,A/C,A/C,Ratnapura,Batticaloa,category-sorted-bijection-v1,provider-map-v1
P080307,P05305,A/C,A/C,Batticaloa,Kandy,category-sorted-bijection-v1,provider-map-v1
P080308,P05306,A/C,A/C,Colombo,Kandy,category-sorted-bijection-v1,provider-map-v1
P080309,P05307,A/C,A/C,Galle,Kalutara,category-sorted-bijection-v1,provider-map-v1
P080310,P05308,A/C,A/C,Galle,Batticaloa,category-sorted-bijection-v1,provider-map-v1
P080311,P05309,A/C,A/C,Kalutara,Kurunegala,category-sorted-bijection-v1,provider-map-v1
P080312,P05310,A/C,A/C,Jaffna,Kalutara,category-sorted-bijection-v1,provider-map-v1
P080313,P05311,A/C,A/C,Batticaloa,Galle,category-sorted-bijection-v1,provider-map-v1
P080314,P05312,A/C,A/C,Batticaloa,Gampaha,category-sorted-bijection-v1,provider-map-v1
P080315,P05313,A/C,A/C,Kalutara,Batticaloa,category-sorted-bijection-v1,provider-map-v1
P080316,P05314,A/C,A/C,Ratnapura,Kalutara,category-sorted-bijection-v1,provider-map-v1
P080317,P05315,A/C,A/C,Jaffna,Kandy,category-sorted-bijection-v1,provider-map-v1
P080318,P05316,A/C,A/C,Kandy,Matara,category-sorted-bijection-v1,provider-map-v1
P080319,P05317,A/C,A/C,Jaffna,Anuradhapura,category-sorted-bijection-v1,provider-map-v1
P080320,P05318,A/C,A/C,Jaffna,Matara,category-sorted-bijection-v1,provider-map-v1
P080321,P05319,A/C,A/C,Colombo,Anuradhapura,category-sorted-bijection-v1,provider-map-v1
P080322,P05320,A/C,A/C,Matara,Gampaha,category-sorted-bijection-v1,provider-map-v1
P080323,P05321,A/C,A/C,Matale,Kalutara,category-sorted-bijection-v1,provider-map-v1
P080324,P05322,A/C,A/C,Jaffna,Batticaloa,category-sorted-bijection-v1,provider-map-v1
P080325,P05323,A/C,A/C,Matara,Batticaloa,category-sorted-bijection-v1,provider-map-v1
P080326,P05324,A/C,A/C,Ratnapura,Kandy,category-sorted-bijection-v1,provider-map-v1
P080327,P05325,A/C,A/C,Kandy,Gampaha,category-sorted-bijection-v1,provider-map-v1
P080328,P05326,A/C,A/C,Gampaha,Colombo,category-sorted-bijection-v1,provider-map-v1
P080329,P05327,A/C,A/C,Nuwara Eliya,Anuradhapura,category-sorted-bijection-v1,provider-map-v1
P080330,P05328,A/C,A/C,Batticaloa,Galle,category-sorted-bijection-v1,provider-map-v1
P080331,P05329,A/C,A/C,Galle,Batticaloa,category-sorted-bijection-v1,provider-map-v1
P080332,P05330,A/C,A/C,Jaffna,Kalutara,category-sorted-bijection-v1,provider-map-v1
P080333,P05331,A/C,A/C,Badulla,Batticaloa,category-sorted-bijection-v1,provider-map-v1
P080334,P05332,A/C,A/C,Galle,Gampaha,category-sorted-bijection-v1,provider-map-v1
P080335,P05333,A/C,A/C,Matara,Batticaloa,category-sorted-bijection-v1,provider-map-v1
P080336,P05334,A/C,A/C,Anuradhapura,Gampaha,category-sorted-bijection-v1,provider-map-v1
P080337,P05335,A/C,A/C,Badulla,Kalutara,category-sorted-bijection-v1,provider-map-v1
P080338,P05336,A/C,A/C,Kandy,Galle,category-sorted-bijection-v1,provider-map-v1
P080339,P05337,A/C,A/C,Matara,Colombo,category-sorted-bijection-v1,provider-map-v1
P080340,P05338,A/C,A/C,Galle,Kandy,category-sorted-bijection-v1,provider-map-v1
P080341,P05339,A/C,A/C,Colombo,Gampaha,category-sorted-bijection-v1,provider-map-v1
P080342,P05340,A/C,A/C,Batticaloa,Anuradhapura,category-sorted-bijection-v1,provider-map-v1
P080343,P05341,A/C,A/C,Matale,Kandy,category-sorted-bijection-v1,provider-map-v1
P080344,P05342,A/C,A/C,Galle,Batticaloa,category-sorted-bijection-v1,provider-map-v1
P080345,P05343,A/C,A/C,Matara,Batticaloa,category-sorted-bijection-v1,provider-map-v1
P080346,P05344,A/C,A/C,Batticaloa,Anuradhapura,category-sorted-bijection-v1,provider-map-v1
P080347,P05345,A/C,A/C,Matale,Gampaha,category-sorted-bijection-v1,provider-map-v1
P080348,P05346,A/C,A/C,Colombo,Batticaloa,category-sorted-bijection-v1,provider-map-v1
P080349,P05347,A/C,A/C,Kurunegala,Galle,category-sorted-bijection-v1,provider-map-v1
P080350,P05348,A/C,A/C,Badulla,Batticaloa,category-sorted-bijection-v1,provider-map-v1
P080351,P05349,A/C,A/C,Matara,Anuradhapura,category-sorted-bijection-v1,provider-map-v1
P080352,P05350,A/C,A/C,Matale,Anuradhapura,category-sorted-bijection-v1,provider-map-v1
P080353,P05351,A/C,A/C,Batticaloa,Anuradhapura,category-sorted-bijection-v1,provider-map-v1
P080354,P05352,A/C,A/C,Batticaloa,Kandy,category-sorted-bijection-v1,provider-map-v1
P080355,P05353,A/C,A/C,Badulla,Matara,category-sorted-bijection-v1,provider-map-v1
P080356,P05354,A/C,A/C,Galle,Batticaloa,category-sorted-bijection-v1,provider-map-v1
P080357,P05355,A/C,A/C,Kalutara,Kurunegala,category-sorted-bijection-v1,provider-map-v1
P090001,P05713,Cleaners,Cleaners,Galle,Batticaloa,category-sorted-bijection-v1,provider-map-v1
P090002,P05714,Cleaners,Cleaners,Anuradhapura,Anuradhapura,category-sorted-bijection-v1,provider-map-v1
P090003,P05715,Cleaners,Cleaners,Galle,Matara,category-sorted-bijection-v1,provider-map-v1
P090004,P05716,Cleaners,Cleaners,Anuradhapura,Kalutara,category-sorted-bijection-v1,provider-map-v1
P090005,P05717,Cleaners,Cleaners,Colombo,Galle,category-sorted-bijection-v1,provider-map-v1
P090006,P05718,Cleaners,Cleaners,Matara,Kurunegala,category-sorted-bijection-v1,provider-map-v1
P090007,P05719,Cleaners,Cleaners,Kurunegala,Anuradhapura,category-sorted-bijection-v1,provider-map-v1
P090008,P05720,Cleaners,Cleaners,Matale,Anuradhapura,category-sorted-bijection-v1,provider-map-v1
P090009,P05721,Cleaners,Cleaners,Kurunegala,Gampaha,category-sorted-bijection-v1,provider-map-v1
P090010,P05722,Cleaners,Cleaners,Matale,Colombo,category-sorted-bijection-v1,provider-map-v1
P090011,P05723,Cleaners,Cleaners,Ratnapura,Kurunegala,category-sorted-bijection-v1,provider-map-v1
P090012,P05724,Cleaners,Cleaners,Jaffna,Colombo,category-sorted-bijection-v1,provider-map-v1
P090013,P05725,Cleaners,Cleaners,Matara,Matara,category-sorted-bijection-v1,provider-map-v1
P090014,P05726,Cleaners,Cleaners,Matara,Anuradhapura,category-sorted-bijection-v1,provider-map-v1
P090015,P05727,Cleaners,Cleaners,Kurunegala,Kalutara,category-sorted-bijection-v1,provider-map-v1
P090016,P05728,Cleaners,Cleaners,Kandy,Kurunegala,category-sorted-bijection-v1,provider-map-v1
P090017,P05729,Cleaners,Cleaners,Ratnapura,Batticaloa,category-sorted-bijection-v1,provider-map-v1
P090018,P05730,Cleaners,Cleaners,Kalutara,Gampaha,category-sorted-bijection-v1,provider-map-v1
P090019,P05731,Cleaners,Cleaners,Gampaha,Jaffna,category-sorted-bijection-v1,provider-map-v1
P090020,P05732,Cleaners,Cleaners,Badulla,Gampaha,category-sorted-bijection-v1,provider-map-v1
P090021,P05733,Cleaners,Cleaners,Kurunegala,Batticaloa,category-sorted-bijection-v1,provider-map-v1
P090022,P05734,Cleaners,Cleaners,Kandy,Matara,category-sorted-bijection-v1,provider-map-v1
P090023,P05735,Cleaners,Cleaners,Nuwara Eliya,Jaffna,category-sorted-bijection-v1,provider-map-v1
P090024,P05736,Cleaners,Cleaners,Ratnapura,Kurunegala,category-sorted-bijection-v1,provider-map-v1
P090025,P05737,Cleaners,Cleaners,Gampaha,Kurunegala,category-sorted-bijection-v1,provider-map-v1
P090026,P05738,Cleaners,Cleaners,Colombo,Anuradhapura,category-sorted-bijection-v1,provider-map-v1
P090027,P05739,Cleaners,Cleaners,Jaffna,Kandy,category-sorted-bijection-v1,provider-map-v1
P090028,P05740,Cleaners,Cleaners,Kandy,Kandy,category-sorted-bijection-v1,provider-map-v1
P090029,P05741,Cleaners,Cleaners,Nuwara Eliya,Matara,category-sorted-bijection-v1,provider-map-v1
P090030,P05742,Cleaners,Cleaners,Anuradhapura,Kandy,category-sorted-bijection-v1,provider-map-v1
P090031,P05743,Cleaners,Cleaners,Kandy,Batticaloa,category-sorted-bijection-v1,provider-map-v1
P090032,P05744,Cleaners,Cleaners,Jaffna,Gampaha,category-sorted-bijection-v1,provider-map-v1
P090033,P05745,Cleaners,Cleaners,Nuwara Eliya,Colombo,category-sorted-bijection-v1,provider-map-v1
P090034,P05746,Cleaners,Cleaners,Kurunegala,Galle,category-sorted-bijection-v1,provider-map-v1
P090035,P05747,Cleaners,Cleaners,Kurunegala,Galle,category-sorted-bijection-v1,provider-map-v1
P090036,P05748,Cleaners,Cleaners,Kurunegala,Kandy,category-sorted-bijection-v1,provider-map-v1
P090037,P05749,Cleaners,Cleaners,Batticaloa,Anuradhapura,category-sorted-bijection-v1,provider-map-v1
P090038,P05750,Cleaners,Cleaners,Jaffna,Anuradhapura,category-sorted-bijection-v1,provider-map-v1
P090039,P05751,Cleaners,Cleaners,Kurunegala,Kurunegala,category-sorted-bijection-v1,provider-map-v1
P090040,P05752,Cleaners,Cleaners,Batticaloa,Kalutara,category-sorted-bijection-v1,provider-map-v1
P090041,P05753,Cleaners,Cleaners,Anuradhapura,Galle,category-sorted-bijection-v1,provider-map-v1
P090042,P05754,Cleaners,Cleaners,Anuradhapura,Kandy,category-sorted-bijection-v1,provider-map-v1
P090043,P05755,Cleaners,Cleaners,Matale,Matara,category-sorted-bijection-v1,provider-map-v1
P090044,P05756,Cleaners,Cleaners,Colombo,Galle,category-sorted-bijection-v1,provider-map-v1
P090045,P05757,Cleaners,Cleaners,Gampaha,Kurunegala,category-sorted-bijection-v1,provider-map-v1
P090046,P05758,Cleaners,Cleaners,Matale,Kurunegala,category-sorted-bijection-v1,provider-map-v1
P090047,P05759,Cleaners,Cleaners,Badulla,Anuradhapura,category-sorted-bijection-v1,provider-map-v1
P090048,P05760,Cleaners,Cleaners,Matale,Galle,category-sorted-bijection-v1,provider-map-v1
P090049,P05761,Cleaners,Cleaners,Badulla,Kalutara,category-sorted-bijection-v1,provider-map-v1
P090050,P05762,Cleaners,Cleaners,Gampaha,Matara,category-sorted-bijection-v1,provider-map-v1
P090051,P05763,Cleaners,Cleaners,Batticaloa,Anuradhapura,category-sorted-bijection-v1,provider-map-v1
P090052,P05764,Cleaners,Cleaners,Ratnapura,Galle,category-sorted-bijection-v1,provider-map-v1
P090053,P05765,Cleaners,Cleaners,Jaffna,Gampaha,category-sorted-bijection-v1,provider-map-v1
P090054,P05766,Cleaners,Cleaners,Kurunegala,Matara,category-sorted-bijection-v1,provider-map-v1
P090055,P05767,Cleaners,Cleaners,Jaffna,Matara,category-sorted-bijection-v1,provider-map-v1
P090056,P05768,Cleaners,Cleaners,Jaffna,Matara,category-sorted-bijection-v1,provider-map-v1
P090057,P05769,Cleaners,Cleaners,Matale,Anuradhapura,category-sorted-bijection-v1,provider-map-v1
P090058,P05770,Cleaners,Cleaners,Badulla,Kandy,category-sorted-bijection-v1,provider-map-v1
P090059,P05771,Cleaners,Cleaners,Anuradhapura,Matara,category-sorted-bijection-v1,provider-map-v1
P090060,P05772,Cleaners,Cleaners,Matale,Anuradhapura,category-sorted-bijection-v1,provider-map-v1
P090061,P05773,Cleaners,Cleaners,Ratnapura,Galle,category-sorted-bijection-v1,provider-map-v1
P090062,P05774,Cleaners,Cleaners,Badulla,Colombo,category-sorted-bijection-v1,provider-map-v1
P090063,P05775,Cleaners,Cleaners,Kandy,Jaffna,category-sorted-bijection-v1,provider-map-v1
P090064,P05776,Cleaners,Cleaners,Ratnapura,Batticaloa,category-sorted-bijection-v1,provider-map-v1
P090065,P05777,Cleaners,Cleaners,Gampaha,Kandy,category-sorted-bijection-v1,provider-map-v1
P090066,P05778,Cleaners,Cleaners,Jaffna,Kurunegala,category-sorted-bijection-v1,provider-map-v1
P090067,P05779,Cleaners,Cleaners,Galle,Anuradhapura,category-sorted-bijection-v1,provider-map-v1
P090068,P05780,Cleaners,Cleaners,Kurunegala,Kandy,category-sorted-bijection-v1,provider-map-v1
P090069,P05781,Cleaners,Cleaners,Galle,Matara,category-sorted-bijection-v1,provider-map-v1
P090070,P05782,Cleaners,Cleaners,Colombo,Anuradhapura,category-sorted-bijection-v1,provider-map-v1
P090071,P05783,Cleaners,Cleaners,Kalutara,Jaffna,category-sorted-bijection-v1,provider-map-v1
P090072,P05784,Cleaners,Cleaners,Kandy,Colombo,category-sorted-bijection-v1,provider-map-v1
P090073,P05785,Cleaners,Cleaners,Nuwara Eliya,Batticaloa,category-sorted-bijection-v1,provider-map-v1
P090074,P05786,Cleaners,Cleaners,Matale,Galle,category-sorted-bijection-v1,provider-map-v1
P090075,P05787,Cleaners,Cleaners,Ratnapura,Batticaloa,category-sorted-bijection-v1,provider-map-v1
P090076,P05788,Cleaners,Cleaners,Anuradhapura,Batticaloa,category-sorted-bijection-v1,provider-map-v1
P090077,P05789,Cleaners,Cleaners,Jaffna,Colombo,category-sorted-bijection-v1,provider-map-v1
P090078,P05790,Cleaners,Cleaners,Kalutara,Kalutara,category-sorted-bijection-v1,provider-map-v1
P090079,P05791,Cleaners,Cleaners,Matale,Matara,category-sorted-bijection-v1,provider-map-v1
P090080,P05792,Cleaners,Cleaners,Jaffna,Gampaha,category-sorted-bijection-v1,provider-map-v1
P090081,P05793,Cleaners,Cleaners,Galle,Batticaloa,category-sorted-bijection-v1,provider-map-v1
P090082,P05794,Cleaners,Cleaners,Kurunegala,Gampaha,category-sorted-bijection-v1,provider-map-v1
P090083,P05795,Cleaners,Cleaners,Badulla,Kalutara,category-sorted-bijection-v1,provider-map-v1
P090084,P05796,Cleaners,Cleaners,Anuradhapura,Jaffna,category-sorted-bijection-v1,provider-map-v1
P090085,P05797,Cleaners,Cleaners,Anuradhapura,Kandy,category-sorted-bijection-v1,provider-map-v1
P090086,P05798,Cleaners,Cleaners,Kandy,Gampaha,category-sorted-bijection-v1,provider-map-v1
P090087,P05799,Cleaners,Cleaners,Batticaloa,Matara,category-sorted-bijection-v1,provider-map-v1
P090088,P05800,Cleaners,Cleaners,Nuwara Eliya,Gampaha,category-sorted-bijection-v1,provider-map-v1
P090089,P05801,Cleaners,Cleaners,Colombo,Anuradhapura,category-sorted-bijection-v1,provider-map-v1
P090090,P05802,Cleaners,Cleaners,Galle,Anuradhapura,category-sorted-bijection-v1,provider-map-v1
P090091,P05803,Cleaners,Cleaners,Batticaloa,Kalutara,category-sorted-bijection-v1,provider-map-v1
P090092,P05804,Cleaners,Cleaners,Nuwara Eliya,Kandy,category-sorted-bijection-v1,provider-map-v1
P090093,P05805,Cleaners,Cleaners,Jaffna,Galle,category-sorted-bijection-v1,provider-map-v1
P090094,P05806,Cleaners,Cleaners,Matale,Kalutara,category-sorted-bijection-v1,provider-map-v1
P090095,P05807,Cleaners,Cleaners,Ratnapura,Colombo,category-sorted-bijection-v1,provider-map-v1
P090096,P05808,Cleaners,Cleaners,Anuradhapura,Kalutara,category-sorted-bijection-v1,provider-map-v1
P090097,P05809,Cleaners,Cleaners,Galle,Gampaha,category-sorted-bijection-v1,provider-map-v1
P090098,P05810,Cleaners,Cleaners,Matale,Kalutara,category-sorted-bijection-v1,provider-map-v1
P090099,P05811,Cleaners,Cleaners,Ratnapura,Jaffna,category-sorted-bijection-v1,provider-map-v1
P090100,P05812,Cleaners,Cleaners,Gampaha,Kurunegala,category-sorted-bijection-v1,provider-map-v1
P090101,P05813,Cleaners,Cleaners,Kandy,Matara,category-sorted-bijection-v1,provider-map-v1
P090102,P05814,Cleaners,Cleaners,Anuradhapura,Batticaloa,category-sorted-bijection-v1,provider-map-v1
P090103,P05815,Cleaners,Cleaners,Colombo,Kurunegala,category-sorted-bijection-v1,provider-map-v1
P090104,P05816,Cleaners,Cleaners,Galle,Kurunegala,category-sorted-bijection-v1,provider-map-v1
P090105,P05817,Cleaners,Cleaners,Anuradhapura,Kalutara,category-sorted-bijection-v1,provider-map-v1
P090106,P05818,Cleaners,Cleaners,Matara,Batticaloa,category-sorted-bijection-v1,provider-map-v1
P090107,P05819,Cleaners,Cleaners,Kandy,Batticaloa,category-sorted-bijection-v1,provider-map-v1
P090108,P05820,Cleaners,Cleaners,Kalutara,Gampaha,category-sorted-bijection-v1,provider-map-v1
P090109,P05821,Cleaners,Cleaners,Batticaloa,Jaffna,category-sorted-bijection-v1,provider-map-v1
P090110,P05822,Cleaners,Cleaners,Matara,Galle,category-sorted-bijection-v1,provider-map-v1
P090111,P05823,Cleaners,Cleaners,Colombo,Kalutara,category-sorted-bijection-v1,provider-map-v1
P090112,P05824,Cleaners,Cleaners,Colombo,Matara,category-sorted-bijection-v1,provider-map-v1
P090113,P05825,Cleaners,Cleaners,Kalutara,Kurunegala,category-sorted-bijection-v1,provider-map-v1
P090114,P05826,Cleaners,Cleaners,Matale,Colombo,category-sorted-bijection-v1,provider-map-v1
P090115,P05827,Cleaners,Cleaners,Batticaloa,Kandy,category-sorted-bijection-v1,provider-map-v1
P090116,P05828,Cleaners,Cleaners,Batticaloa,Kalutara,category-sorted-bijection-v1,provider-map-v1
P090117,P05829,Cleaners,Cleaners,Batticaloa,Kandy,category-sorted-bijection-v1,provider-map-v1
P090118,P05830,Cleaners,Cleaners,Batticaloa,Jaffna,category-sorted-bijection-v1,provider-map-v1
P090119,P05831,Cleaners,Cleaners,Jaffna,Galle,category-sorted-bijection-v1,provider-map-v1
P090120,P05832,Cleaners,Cleaners,Matara,Kalutara,category-sorted-bijection-v1,provider-map-v1
P090121,P05833,Cleaners,Cleaners,Colombo,Anuradhapura,category-sorted-bijection-v1,provider-map-v1
P090122,P05834,Cleaners,Cleaners,Kurunegala,Colombo,category-sorted-bijection-v1,provider-map-v1
P090123,P05835,Cleaners,Cleaners,Matale,Kurunegala,category-sorted-bijection-v1,provider-map-v1
P090124,P05836,Cleaners,Cleaners,Jaffna,Colombo,category-sorted-bijection-v1,provider-map-v1
P090125,P05837,Cleaners,Cleaners,Badulla,Colombo,category-sorted-bijection-v1,provider-map-v1
P090126,P05838,Cleaners,Cleaners,Badulla,Kandy,category-sorted-bijection-v1,provider-map-v1
P090127,P05839,Cleaners,Cleaners,Badulla,Jaffna,category-sorted-bijection-v1,provider-map-v1
P090128,P05840,Cleaners,Cleaners,Colombo,Jaffna,category-sorted-bijection-v1,provider-map-v1
P090129,P05841,Cleaners,Cleaners,Batticaloa,Galle,category-sorted-bijection-v1,provider-map-v1
P090130,P05842,Cleaners,Cleaners,Kalutara,Matara,category-sorted-bijection-v1,provider-map-v1
P090131,P05843,Cleaners,Cleaners,Matale,Gampaha,category-sorted-bijection-v1,provider-map-v1
P090132,P05844,Cleaners,Cleaners,Badulla,Jaffna,category-sorted-bijection-v1,provider-map-v1
P090133,P05845,Cleaners,Cleaners,Matara,Matara,category-sorted-bijection-v1,provider-map-v1
P090134,P05846,Cleaners,Cleaners,Jaffna,Galle,category-sorted-bijection-v1,provider-map-v1
P090135,P05847,Cleaners,Cleaners,Galle,Gampaha,category-sorted-bijection-v1,provider-map-v1
P090136,P05848,Cleaners,Cleaners,Colombo,Batticaloa,category-sorted-bijection-v1,provider-map-v1
P090137,P05849,Cleaners,Cleaners,Galle,Jaffna,category-sorted-bijection-v1,provider-map-v1
P090138,P05850,Cleaners,Cleaners,Batticaloa,Matara,category-sorted-bijection-v1,provider-map-v1
P090139,P05851,Cleaners,Cleaners,Kurunegala,Kalutara,category-sorted-bijection-v1,provider-map-v1
P090140,P05852,Cleaners,Cleaners,Jaffna,Kandy,category-sorted-bijection-v1,provider-map-v1
P090141,P05853,Cleaners,Cleaners,Ratnapura,Kandy,category-sorted-bijection-v1,provider-map-v1
P090142,P05854,Cleaners,Cleaners,Matale,Gampaha,category-sorted-bijection-v1,provider-map-v1
P090143,P05855,Cleaners,Cleaners,Gampaha,Kurunegala,category-sorted-bijection-v1,provider-map-v1
P090144,P05856,Cleaners,Cleaners,Nuwara Eliya,Anuradhapura,category-sorted-bijection-v1,provider-map-v1
P090145,P05857,Cleaners,Cleaners,Galle,Batticaloa,category-sorted-bijection-v1,provider-map-v1
P090146,P05858,Cleaners,Cleaners,Jaffna,Colombo,category-sorted-bijection-v1,provider-map-v1
P090147,P05859,Cleaners,Cleaners,Galle,Jaffna,category-sorted-bijection-v1,provider-map-v1
P090148,P05860,Cleaners,Cleaners,Badulla,Anuradhapura,category-sorted-bijection-v1,provider-map-v1
P090149,P05861,Cleaners,Cleaners,Kurunegala,Batticaloa,category-sorted-bijection-v1,provider-map-v1
P090150,P05862,Cleaners,Cleaners,Kandy,Gampaha,category-sorted-bijection-v1,provider-map-v1
P090151,P05863,Cleaners,Cleaners,Galle,Colombo,category-sorted-bijection-v1,provider-map-v1
P090152,P05864,Cleaners,Cleaners,Jaffna,Jaffna,category-sorted-bijection-v1,provider-map-v1
P090153,P05865,Cleaners,Cleaners,Matale,Kandy,category-sorted-bijection-v1,provider-map-v1
P090154,P05866,Cleaners,Cleaners,Jaffna,Jaffna,category-sorted-bijection-v1,provider-map-v1
P090155,P05867,Cleaners,Cleaners,Jaffna,Batticaloa,category-sorted-bijection-v1,provider-map-v1
P090156,P05868,Cleaners,Cleaners,Jaffna,Jaffna,category-sorted-bijection-v1,provider-map-v1
P090157,P05869,Cleaners,Cleaners,Nuwara Eliya,Gampaha,category-sorted-bijection-v1,provider-map-v1
P090158,P05870,Cleaners,Cleaners,Badulla,Gampaha,category-sorted-bijection-v1,provider-map-v1
P090159,P05871,Cleaners,Cleaners,Kalutara,Gampaha,category-sorted-bijection-v1,provider-map-v1
P090160,P05872,Cleaners,Cleaners,Matale,Kurunegala,category-sorted-bijection-v1,provider-map-v1
P090161,P05873,Cleaners,Cleaners,Jaffna,Matara,category-sorted-bijection-v1,provider-map-v1
P090162,P05874,Cleaners,Cleaners,Kandy,Kurunegala,category-sorted-bijection-v1,provider-map-v1
P090163,P05875,Cleaners,Cleaners,Kalutara,Kandy,category-sorted-bijection-v1,provider-map-v1
P090164,P05876,Cleaners,Cleaners,Gampaha,Kalutara,category-sorted-bijection-v1,provider-map-v1
P090165,P05877,Cleaners,Cleaners,Galle,Gampaha,category-sorted-bijection-v1,provider-map-v1
P090166,P05878,Cleaners,Cleaners,Kurunegala,Batticaloa,category-sorted-bijection-v1,provider-map-v1
P090167,P05879,Cleaners,Cleaners,Ratnapura,Jaffna,category-sorted-bijection-v1,provider-map-v1
P090168,P05880,Cleaners,Cleaners,Kandy,Matara,category-sorted-bijection-v1,provider-map-v1
P090169,P05881,Cleaners,Cleaners,Colombo,Gampaha,category-sorted-bijection-v1,provider-map-v1
P090170,P05882,Cleaners,Cleaners,Galle,Kurunegala,category-sorted-bijection-v1,provider-map-v1
P090171,P05883,Cleaners,Cleaners,Colombo,Galle,category-sorted-bijection-v1,provider-map-v1
P090172,P05884,Cleaners,Cleaners,Badulla,Kurunegala,category-sorted-bijection-v1,provider-map-v1
P090173,P05885,Cleaners,Cleaners,Kandy,Gampaha,category-sorted-bijection-v1,provider-map-v1
P090174,P05886,Cleaners,Cleaners,Kalutara,Colombo,category-sorted-bijection-v1,provider-map-v1
P090175,P05887,Cleaners,Cleaners,Batticaloa,Matara,category-sorted-bijection-v1,provider-map-v1
P090176,P05888,Cleaners,Cleaners,Galle,Kandy,category-sorted-bijection-v1,provider-map-v1
P090177,P05889,Cleaners,Cleaners,Batticaloa,Kalutara,category-sorted-bijection-v1,provider-map-v1
P090178,P05890,Cleaners,Cleaners,Anuradhapura,Jaffna,category-sorted-bijection-v1,provider-map-v1
P090179,P05891,Cleaners,Cleaners,Kurunegala,Jaffna,category-sorted-bijection-v1,provider-map-v1
P090180,P05892,Cleaners,Cleaners,Matara,Gampaha,category-sorted-bijection-v1,provider-map-v1
P090181,P05893,Cleaners,Cleaners,Kurunegala,Kalutara,category-sorted-bijection-v1,provider-map-v1
P090182,P05894,Cleaners,Cleaners,Kalutara,Gampaha,category-sorted-bijection-v1,provider-map-v1
P090183,P05895,Cleaners,Cleaners,Jaffna,Anuradhapura,category-sorted-bijection-v1,provider-map-v1
P090184,P05896,Cleaners,Cleaners,Anuradhapura,Jaffna,category-sorted-bijection-v1,provider-map-v1
P090185,P05897,Cleaners,Cleaners,Kandy,Batticaloa,category-sorted-bijection-v1,provider-map-v1
P090186,P05898,Cleaners,Cleaners,Kandy,Matara,category-sorted-bijection-v1,provider-map-v1
P090187,P05899,Cleaners,Cleaners,Kandy,Kurunegala,category-sorted-bijection-v1,provider-map-v1
P090188,P05900,Cleaners,Cleaners,Anuradhapura,Matara,category-sorted-bijection-v1,provider-map-v1
P090189,P05901,Cleaners,Cleaners,Kalutara,Jaffna,category-sorted-bijection-v1,provider-map-v1
P090190,P05902,Cleaners,Cleaners,Galle,Gampaha,category-sorted-bijection-v1,provider-map-v1
P090191,P05903,Cleaners,Cleaners,Matale,Anuradhapura,category-sorted-bijection-v1,provider-map-v1
P090192,P05904,Cleaners,Cleaners,Kandy,Colombo,category-sorted-bijection-v1,provider-map-v1
P090193,P05905,Cleaners,Cleaners,Kalutara,Anuradhapura,category-sorted-bijection-v1,provider-map-v1
P090194,P05906,Cleaners,Cleaners,Badulla,Kurunegala,category-sorted-bijection-v1,provider-map-v1
P090195,P05907,Cleaners,Cleaners,Matale,Anuradhapura,category-sorted-bijection-v1,provider-map-v1
P090196,P05908,Cleaners,Cleaners,Kurunegala,Batticaloa,category-sorted-bijection-v1,provider-map-v1
P090197,P05909,Cleaners,Cleaners,Batticaloa,Gampaha,category-sorted-bijection-v1,provider-map-v1
P090198,P05910,Cleaners,Cleaners,Badulla,Gampaha,category-sorted-bijection-v1,provider-map-v1
P090199,P05911,Cleaners,Cleaners,Kandy,Batticaloa,category-sorted-bijection-v1,provider-map-v1
P090200,P05912,Cleaners,Cleaners,Galle,Kandy,category-sorted-bijection-v1,provider-map-v1
P090201,P05913,Cleaners,Cleaners,Matale,Kurunegala,category-sorted-bijection-v1,provider-map-v1
P090202,P05914,Cleaners,Cleaners,Kalutara,Kalutara,category-sorted-bijection-v1,provider-map-v1
P090203,P05915,Cleaners,Cleaners,Matara,Jaffna,category-sorted-bijection-v1,provider-map-v1
P090204,P05916,Cleaners,Cleaners,Jaffna,Batticaloa,category-sorted-bijection-v1,provider-map-v1
P090205,P05917,Cleaners,Cleaners,Badulla,Anuradhapura,category-sorted-bijection-v1,provider-map-v1
P090206,P05918,Cleaners,Cleaners,Jaffna,Kalutara,category-sorted-bijection-v1,provider-map-v1
P090207,P05919,Cleaners,Cleaners,Matara,Gampaha,category-sorted-bijection-v1,provider-map-v1
P090208,P05920,Cleaners,Cleaners,Kandy,Jaffna,category-sorted-bijection-v1,provider-map-v1
P090209,P05921,Cleaners,Cleaners,Anuradhapura,Colombo,category-sorted-bijection-v1,provider-map-v1
P090210,P05922,Cleaners,Cleaners,Batticaloa,Jaffna,category-sorted-bijection-v1,provider-map-v1
P090211,P05923,Cleaners,Cleaners,Matara,Galle,category-sorted-bijection-v1,provider-map-v1
P090212,P05924,Cleaners,Cleaners,Badulla,Jaffna,category-sorted-bijection-v1,provider-map-v1
P090213,P05925,Cleaners,Cleaners,Matara,Kandy,category-sorted-bijection-v1,provider-map-v1
P090214,P05926,Cleaners,Cleaners,Matale,Batticaloa,category-sorted-bijection-v1,provider-map-v1
P090215,P05927,Cleaners,Cleaners,Anuradhapura,Matara,category-sorted-bijection-v1,provider-map-v1
P090216,P05928,Cleaners,Cleaners,Gampaha,Matara,category-sorted-bijection-v1,provider-map-v1
P090217,P05929,Cleaners,Cleaners,Matale,Colombo,category-sorted-bijection-v1,provider-map-v1
P090218,P05930,Cleaners,Cleaners,Gampaha,Anuradhapura,category-sorted-bijection-v1,provider-map-v1
P090219,P05931,Cleaners,Cleaners,Badulla,Anuradhapura,category-sorted-bijection-v1,provider-map-v1
P090220,P05932,Cleaners,Cleaners,Galle,Kandy,category-sorted-bijection-v1,provider-map-v1
P090221,P05933,Cleaners,Cleaners,Badulla,Anuradhapura,category-sorted-bijection-v1,provider-map-v1
P090222,P05934,Cleaners,Cleaners,Kandy,Kalutara,category-sorted-bijection-v1,provider-map-v1
P090223,P05935,Cleaners,Cleaners,Galle,Matara,category-sorted-bijection-v1,provider-map-v1
P090224,P05936,Cleaners,Cleaners,Nuwara Eliya,Batticaloa,category-sorted-bijection-v1,provider-map-v1
P090225,P05937,Cleaners,Cleaners,Galle,Galle,category-sorted-bijection-v1,provider-map-v1
P090226,P05938,Cleaners,Cleaners,Gampaha,Batticaloa,category-sorted-bijection-v1,provider-map-v1
P090227,P05939,Cleaners,Cleaners,Galle,Kurunegala,category-sorted-bijection-v1,provider-map-v1
P090228,P05940,Cleaners,Cleaners,Anuradhapura,Anuradhapura,category-sorted-bijection-v1,provider-map-v1
P090229,P05941,Cleaners,Cleaners,Anuradhapura,Kandy,category-sorted-bijection-v1,provider-map-v1
P090230,P05942,Cleaners,Cleaners,Jaffna,Colombo,category-sorted-bijection-v1,provider-map-v1
P090231,P05943,Cleaners,Cleaners,Kandy,Colombo,category-sorted-bijection-v1,provider-map-v1
P090232,P05944,Cleaners,Cleaners,Colombo,Kalutara,category-sorted-bijection-v1,provider-map-v1
P090233,P05945,Cleaners,Cleaners,Anuradhapura,Colombo,category-sorted-bijection-v1,provider-map-v1
P090234,P05946,Cleaners,Cleaners,Kalutara,Kalutara,category-sorted-bijection-v1,provider-map-v1
P090235,P05947,Cleaners,Cleaners,Kurunegala,Kurunegala,category-sorted-bijection-v1,provider-map-v1
P090236,P05948,Cleaners,Cleaners,Anuradhapura,Kalutara,category-sorted-bijection-v1,provider-map-v1
P090237,P05949,Cleaners,Cleaners,Kurunegala,Kurunegala,category-sorted-bijection-v1,provider-map-v1
P090238,P05950,Cleaners,Cleaners,Gampaha,Galle,category-sorted-bijection-v1,provider-map-v1
P090239,P05951,Cleaners,Cleaners,Colombo,Colombo,category-sorted-bijection-v1,provider-map-v1
P090240,P05952,Cleaners,Cleaners,Kalutara,Matara,category-sorted-bijection-v1,provider-map-v1
P090241,P05953,Cleaners,Cleaners,Kandy,Kandy,category-sorted-bijection-v1,provider-map-v1
P090242,P05954,Cleaners,Cleaners,Colombo,Jaffna,category-sorted-bijection-v1,provider-map-v1
P090243,P05955,Cleaners,Cleaners,Matara,Kalutara,category-sorted-bijection-v1,provider-map-v1
P090244,P05956,Cleaners,Cleaners,Colombo,Kalutara,category-sorted-bijection-v1,provider-map-v1
P090245,P05957,Cleaners,Cleaners,Kurunegala,Gampaha,category-sorted-bijection-v1,provider-map-v1
P090246,P05958,Cleaners,Cleaners,Anuradhapura,Matara,category-sorted-bijection-v1,provider-map-v1
P090247,P05959,Cleaners,Cleaners,Kandy,Colombo,category-sorted-bijection-v1,provider-map-v1
P090248,P05960,Cleaners,Cleaners,Nuwara Eliya,Jaffna,category-sorted-bijection-v1,provider-map-v1
P090249,P05961,Cleaners,Cleaners,Kalutara,Galle,category-sorted-bijection-v1,provider-map-v1
P090250,P05962,Cleaners,Cleaners,Kandy,Matara,category-sorted-bijection-v1,provider-map-v1
P090251,P05963,Cleaners,Cleaners,Nuwara Eliya,Jaffna,category-sorted-bijection-v1,provider-map-v1
P090252,P05964,Cleaners,Cleaners,Gampaha,Kalutara,category-sorted-bijection-v1,provider-map-v1
P090253,P05965,Cleaners,Cleaners,Matara,Kalutara,category-sorted-bijection-v1,provider-map-v1
P090254,P05966,Cleaners,Cleaners,Badulla,Anuradhapura,category-sorted-bijection-v1,provider-map-v1
P090255,P05967,Cleaners,Cleaners,Galle,Batticaloa,category-sorted-bijection-v1,provider-map-v1
P090256,P05968,Cleaners,Cleaners,Batticaloa,Kurunegala,category-sorted-bijection-v1,provider-map-v1
P090257,P05969,Cleaners,Cleaners,Batticaloa,Colombo,category-sorted-bijection-v1,provider-map-v1
P090258,P05970,Cleaners,Cleaners,Kurunegala,Galle,category-sorted-bijection-v1,provider-map-v1
P090259,P05971,Cleaners,Cleaners,Galle,Matara,category-sorted-bijection-v1,provider-map-v1
P090260,P05972,Cleaners,Cleaners,Colombo,Kandy,category-sorted-bijection-v1,provider-map-v1
P090261,P05973,Cleaners,Cleaners,Anuradhapura,Colombo,category-sorted-bijection-v1,provider-map-v1
P090262,P05974,Cleaners,Cleaners,Ratnapura,Matara,category-sorted-bijection-v1,provider-map-v1
P090263,P05975,Cleaners,Cleaners,Galle,Gampaha,category-sorted-bijection-v1,provider-map-v1
P090264,P05976,Cleaners,Cleaners,Jaffna,Galle,category-sorted-bijection-v1,provider-map-v1
P090265,P05977,Cleaners,Cleaners,Badulla,Kalutara,category-sorted-bijection-v1,provider-map-v1
P090266,P05978,Cleaners,Cleaners,Jaffna,Kurunegala,category-sorted-bijection-v1,provider-map-v1
P090267,P05979,Cleaners,Cleaners,Matale,Kalutara,category-sorted-bijection-v1,provider-map-v1
P090268,P05980,Cleaners,Cleaners,Galle,Kurunegala,category-sorted-bijection-v1,provider-map-v1
P090269,P05981,Cleaners,Cleaners,Kandy,Kurunegala,category-sorted-bijection-v1,provider-map-v1
P090270,P05982,Cleaners,Cleaners,Nuwara Eliya,Colombo,category-sorted-bijection-v1,provider-map-v1
P090271,P05983,Cleaners,Cleaners,Jaffna,Batticaloa,category-sorted-bijection-v1,provider-map-v1
P090272,P05984,Cleaners,Cleaners,Galle,Kalutara,category-sorted-bijection-v1,provider-map-v1
P090273,P05985,Cleaners,Cleaners,Batticaloa,Matara,category-sorted-bijection-v1,provider-map-v1
P090274,P05986,Cleaners,Cleaners,Galle,Kurunegala,category-sorted-bijection-v1,provider-map-v1
P090275,P05987,Cleaners,Cleaners,Colombo,Jaffna,category-sorted-bijection-v1,provider-map-v1
P090276,P05988,Cleaners,Cleaners,Batticaloa,Kandy,category-sorted-bijection-v1,provider-map-v1
P090277,P05989,Cleaners,Cleaners,Gampaha,Kalutara,category-sorted-bijection-v1,provider-map-v1
P090278,P05990,Cleaners,Cleaners,Galle,Colombo,category-sorted-bijection-v1,provider-map-v1
P090279,P05991,Cleaners,Cleaners,Galle,Gampaha,category-sorted-bijection-v1,provider-map-v1
P090280,P05992,Cleaners,Cleaners,Badulla,Kandy,category-sorted-bijection-v1,provider-map-v1
P090281,P05993,Cleaners,Cleaners,Nuwara Eliya,Batticaloa,category-sorted-bijection-v1,provider-map-v1
P090282,P05994,Cleaners,Cleaners,Matale,Galle,category-sorted-bijection-v1,provider-map-v1
P090283,P05995,Cleaners,Cleaners,Kurunegala,Gampaha,category-sorted-bijection-v1,provider-map-v1
P090284,P05996,Cleaners,Cleaners,Colombo,Kandy,category-sorted-bijection-v1,provider-map-v1
P090285,P05997,Cleaners,Cleaners,Anuradhapura,Jaffna,category-sorted-bijection-v1,provider-map-v1
P090286,P05998,Cleaners,Cleaners,Batticaloa,Colombo,category-sorted-bijection-v1,provider-map-v1
P090287,P05999,Cleaners,Cleaners,Kurunegala,Kandy,category-sorted-bijection-v1,provider-map-v1
P090288,P06000,Cleaners,Cleaners,Batticaloa,Batticaloa,category-sorted-bijection-v1,provider-map-v1
P090289,P06001,Cleaners,Cleaners,Matale,Matara,category-sorted-bijection-v1,provider-map-v1
P090290,P06002,Cleaners,Cleaners,Kurunegala,Gampaha,category-sorted-bijection-v1,provider-map-v1
P090291,P06003,Cleaners,Cleaners,Ratnapura,Colombo,category-sorted-bijection-v1,provider-map-v1
P090292,P06004,Cleaners,Cleaners,Gampaha,Colombo,category-sorted-bijection-v1,provider-map-v1
P090293,P06005,Cleaners,Cleaners,Gampaha,Kandy,category-sorted-bijection-v1,provider-map-v1
P090294,P06006,Cleaners,Cleaners,Colombo,Jaffna,category-sorted-bijection-v1,provider-map-v1
P090295,P06007,Cleaners,Cleaners,Batticaloa,Jaffna,category-sorted-bijection-v1,provider-map-v1
P090296,P06008,Cleaners,Cleaners,Kurunegala,Kandy,category-sorted-bijection-v1,provider-map-v1
P090297,P06009,Cleaners,Cleaners,Colombo,Galle,category-sorted-bijection-v1,provider-map-v1
P090298,P06010,Cleaners,Cleaners,Jaffna,Jaffna,category-sorted-bijection-v1,provider-map-v1
P090299,P06011,Cleaners,Cleaners,Kalutara,Galle,category-sorted-bijection-v1,provider-map-v1
P090300,P06012,Cleaners,Cleaners,Ratnapura,Anuradhapura,category-sorted-bijection-v1,provider-map-v1
P090301,P06013,Cleaners,Cleaners,Galle,Anuradhapura,category-sorted-bijection-v1,provider-map-v1
P090302,P06014,Cleaners,Cleaners,Gampaha,Matara,category-sorted-bijection-v1,provider-map-v1
P090303,P06015,Cleaners,Cleaners,Kalutara,Anuradhapura,category-sorted-bijection-v1,provider-map-v1
P090304,P06016,Cleaners,Cleaners,Matara,Kandy,category-sorted-bijection-v1,provider-map-v1
P090305,P06017,Cleaners,Cleaners,Kalutara,Gampaha,category-sorted-bijection-v1,provider-map-v1
P090306,P06018,Cleaners,Cleaners,Colombo,Galle,category-sorted-bijection-v1,provider-map-v1
P090307,P06019,Cleaners,Cleaners,Anuradhapura,Kalutara,category-sorted-bijection-v1,provider-map-v1
P090308,P06020,Cleaners,Cleaners,Anuradhapura,Galle,category-sorted-bijection-v1,provider-map-v1
P090309,P06021,Cleaners,Cleaners,Gampaha,Colombo,category-sorted-bijection-v1,provider-map-v1
P090310,P06022,Cleaners,Cleaners,Ratnapura,Jaffna,category-sorted-bijection-v1,provider-map-v1
P090311,P06023,Cleaners,Cleaners,Ratnapura,Gampaha,category-sorted-bijection-v1,provider-map-v1
P090312,P06024,Cleaners,Cleaners,Nuwara Eliya,Anuradhapura,category-sorted-bijection-v1,provider-map-v1
P090313,P06025,Cleaners,Cleaners,Kalutara,Kalutara,category-sorted-bijection-v1,provider-map-v1
P090314,P06026,Cleaners,Cleaners,Galle,Kurunegala,category-sorted-bijection-v1,provider-map-v1
P090315,P06027,Cleaners,Cleaners,Anuradhapura,Gampaha,category-sorted-bijection-v1,provider-map-v1
P090316,P06028,Cleaners,Cleaners,Kalutara,Kandy,category-sorted-bijection-v1,provider-map-v1
P090317,P06029,Cleaners,Cleaners,Kurunegala,Jaffna,category-sorted-bijection-v1,provider-map-v1
P090318,P06030,Cleaners,Cleaners,Batticaloa,Anuradhapura,category-sorted-bijection-v1,provider-map-v1
P090319,P06031,Cleaners,Cleaners,Jaffna,Gampaha,category-sorted-bijection-v1,provider-map-v1
P090320,P06032,Cleaners,Cleaners,Badulla,Kurunegala,category-sorted-bijection-v1,provider-map-v1
P090321,P06033,Cleaners,Cleaners,Batticaloa,Colombo,category-sorted-bijection-v1,provider-map-v1
P090322,P06034,Cleaners,Cleaners,Badulla,Gampaha,category-sorted-bijection-v1,provider-map-v1
P090323,P06035,Cleaners,Cleaners,Nuwara Eliya,Kalutara,category-sorted-bijection-v1,provider-map-v1
P090324,P06036,Cleaners,Cleaners,Nuwara Eliya,Colombo,category-sorted-bijection-v1,provider-map-v1
P090325,P06037,Cleaners,Cleaners,Matara,Kandy,category-sorted-bijection-v1,provider-map-v1
P090326,P06038,Cleaners,Cleaners,Ratnapura,Anuradhapura,category-sorted-bijection-v1,provider-map-v1
P090327,P06039,Cleaners,Cleaners,Kandy,Anuradhapura,category-sorted-bijection-v1,provider-map-v1
P090328,P06040,Cleaners,Cleaners,Colombo,Anuradhapura,category-sorted-bijection-v1,provider-map-v1
P090329,P06041,Cleaners,Cleaners,Batticaloa,Anuradhapura,category-sorted-bijection-v1,provider-map-v1
P090330,P06042,Cleaners,Cleaners,Matara,Kandy,category-sorted-bijection-v1,provider-map-v1
P090331,P06043,Cleaners,Cleaners,Anuradhapura,Kandy,category-sorted-bijection-v1,provider-map-v1
P090332,P06044,Cleaners,Cleaners,Matale,Kalutara,category-sorted-bijection-v1,provider-map-v1
P090333,P06045,Cleaners,Cleaners,Matara,Colombo,category-sorted-bijection-v1,provider-map-v1
P090334,P06046,Cleaners,Cleaners,Jaffna,Kandy,category-sorted-bijection-v1,provider-map-v1
P090335,P06047,Cleaners,Cleaners,Ratnapura,Galle,category-sorted-bijection-v1,provider-map-v1
P090336,P06048,Cleaners,Cleaners,Matale,Anuradhapura,category-sorted-bijection-v1,provider-map-v1
P090337,P06049,Cleaners,Cleaners,Kalutara,Anuradhapura,category-sorted-bijection-v1,provider-map-v1
P090338,P06050,Cleaners,Cleaners,Batticaloa,Kalutara,category-sorted-bijection-v1,provider-map-v1
P090339,P06051,Cleaners,Cleaners,Ratnapura,Gampaha,category-sorted-bijection-v1,provider-map-v1
P090340,P06052,Cleaners,Cleaners,Gampaha,Anuradhapura,category-sorted-bijection-v1,provider-map-v1
P090341,P06053,Cleaners,Cleaners,Anuradhapura,Kalutara,category-sorted-bijection-v1,provider-map-v1
P090342,P06054,Cleaners,Cleaners,Galle,Kurunegala,category-sorted-bijection-v1,provider-map-v1
P090343,P06055,Cleaners,Cleaners,Nuwara Eliya,Gampaha,category-sorted-bijection-v1,provider-map-v1
P090344,P06056,Cleaners,Cleaners,Kandy,Galle,category-sorted-bijection-v1,provider-map-v1
P090345,P06057,Cleaners,Cleaners,Jaffna,Gampaha,category-sorted-bijection-v1,provider-map-v1
P090346,P06058,Cleaners,Cleaners,Ratnapura,Jaffna,category-sorted-bijection-v1,provider-map-v1
P090347,P06059,Cleaners,Cleaners,Matale,Matara,category-sorted-bijection-v1,provider-map-v1
P090348,P06060,Cleaners,Cleaners,Galle,Matara,category-sorted-bijection-v1,provider-map-v1
P090349,P06061,Cleaners,Cleaners,Kandy,Matara,category-sorted-bijection-v1,provider-map-v1
P090350,P06062,Cleaners,Cleaners,Nuwara Eliya,Kalutara,category-sorted-bijection-v1,provider-map-v1
P090351,P06063,Cleaners,Cleaners,Anuradhapura,Galle,category-sorted-bijection-v1,provider-map-v1
P090352,P06064,Cleaners,Cleaners,Gampaha,Galle,category-sorted-bijection-v1,provider-map-v1
P090353,P06065,Cleaners,Cleaners,Badulla,Kurunegala,category-sorted-bijection-v1,provider-map-v1
P090354,P06066,Cleaners,Cleaners,Matale,Gampaha,category-sorted-bijection-v1,provider-map-v1
P090355,P06067,Cleaners,Cleaners,Gampaha,Batticaloa,category-sorted-bijection-v1,provider-map-v1
P090356,P06068,Cleaners,Cleaners,Kalutara,Matara,category-sorted-bijection-v1,provider-map-v1
P090357,P06069,Cleaners,Cleaners,Kalutara,Gampaha,category-sorted-bijection-v1,provider-map-v1
P100001,P06427,Vehicle Repairs,Vehicle Repairs,Nuwara Eliya,Kurunegala,category-sorted-bijection-v1,provider-map-v1
P100002,P06428,Vehicle Repairs,Vehicle Repairs,Kalutara,Gampaha,category-sorted-bijection-v1,provider-map-v1
P100003,P06429,Vehicle Repairs,Vehicle Repairs,Nuwara Eliya,Colombo,category-sorted-bijection-v1,provider-map-v1
P100004,P06430,Vehicle Repairs,Vehicle Repairs,Ratnapura,Batticaloa,category-sorted-bijection-v1,provider-map-v1
P100005,P06431,Vehicle Repairs,Vehicle Repairs,Kalutara,Batticaloa,category-sorted-bijection-v1,provider-map-v1
P100006,P06432,Vehicle Repairs,Vehicle Repairs,Galle,Jaffna,category-sorted-bijection-v1,provider-map-v1
P100007,P06433,Vehicle Repairs,Vehicle Repairs,Matara,Colombo,category-sorted-bijection-v1,provider-map-v1
P100008,P06434,Vehicle Repairs,Vehicle Repairs,Anuradhapura,Jaffna,category-sorted-bijection-v1,provider-map-v1
P100009,P06435,Vehicle Repairs,Vehicle Repairs,Galle,Batticaloa,category-sorted-bijection-v1,provider-map-v1
P100010,P06436,Vehicle Repairs,Vehicle Repairs,Kurunegala,Kandy,category-sorted-bijection-v1,provider-map-v1
P100011,P06437,Vehicle Repairs,Vehicle Repairs,Ratnapura,Kalutara,category-sorted-bijection-v1,provider-map-v1
P100012,P06438,Vehicle Repairs,Vehicle Repairs,Matale,Kurunegala,category-sorted-bijection-v1,provider-map-v1
P100013,P06439,Vehicle Repairs,Vehicle Repairs,Kurunegala,Gampaha,category-sorted-bijection-v1,provider-map-v1
P100014,P06440,Vehicle Repairs,Vehicle Repairs,Kandy,Galle,category-sorted-bijection-v1,provider-map-v1
P100015,P06441,Vehicle Repairs,Vehicle Repairs,Ratnapura,Batticaloa,category-sorted-bijection-v1,provider-map-v1
P100016,P06442,Vehicle Repairs,Vehicle Repairs,Kandy,Matara,category-sorted-bijection-v1,provider-map-v1
P100017,P06443,Vehicle Repairs,Vehicle Repairs,Kandy,Colombo,category-sorted-bijection-v1,provider-map-v1
P100018,P06444,Vehicle Repairs,Vehicle Repairs,Anuradhapura,Galle,category-sorted-bijection-v1,provider-map-v1
P100019,P06445,Vehicle Repairs,Vehicle Repairs,Kandy,Kalutara,category-sorted-bijection-v1,provider-map-v1
P100020,P06446,Vehicle Repairs,Vehicle Repairs,Colombo,Kalutara,category-sorted-bijection-v1,provider-map-v1
P100021,P06447,Vehicle Repairs,Vehicle Repairs,Kurunegala,Matara,category-sorted-bijection-v1,provider-map-v1
P100022,P06448,Vehicle Repairs,Vehicle Repairs,Anuradhapura,Batticaloa,category-sorted-bijection-v1,provider-map-v1
P100023,P06449,Vehicle Repairs,Vehicle Repairs,Matale,Batticaloa,category-sorted-bijection-v1,provider-map-v1
P100024,P06450,Vehicle Repairs,Vehicle Repairs,Matale,Jaffna,category-sorted-bijection-v1,provider-map-v1
P100025,P06451,Vehicle Repairs,Vehicle Repairs,Matara,Matara,category-sorted-bijection-v1,provider-map-v1
P100026,P06452,Vehicle Repairs,Vehicle Repairs,Colombo,Galle,category-sorted-bijection-v1,provider-map-v1
P100027,P06453,Vehicle Repairs,Vehicle Repairs,Batticaloa,Kurunegala,category-sorted-bijection-v1,provider-map-v1
P100028,P06454,Vehicle Repairs,Vehicle Repairs,Ratnapura,Kandy,category-sorted-bijection-v1,provider-map-v1
P100029,P06455,Vehicle Repairs,Vehicle Repairs,Nuwara Eliya,Jaffna,category-sorted-bijection-v1,provider-map-v1
P100030,P06456,Vehicle Repairs,Vehicle Repairs,Ratnapura,Kurunegala,category-sorted-bijection-v1,provider-map-v1
P100031,P06457,Vehicle Repairs,Vehicle Repairs,Kalutara,Batticaloa,category-sorted-bijection-v1,provider-map-v1
P100032,P06458,Vehicle Repairs,Vehicle Repairs,Badulla,Batticaloa,category-sorted-bijection-v1,provider-map-v1
P100033,P06459,Vehicle Repairs,Vehicle Repairs,Matale,Gampaha,category-sorted-bijection-v1,provider-map-v1
P100034,P06460,Vehicle Repairs,Vehicle Repairs,Jaffna,Batticaloa,category-sorted-bijection-v1,provider-map-v1
P100035,P06461,Vehicle Repairs,Vehicle Repairs,Jaffna,Anuradhapura,category-sorted-bijection-v1,provider-map-v1
P100036,P06462,Vehicle Repairs,Vehicle Repairs,Jaffna,Kalutara,category-sorted-bijection-v1,provider-map-v1
P100037,P06463,Vehicle Repairs,Vehicle Repairs,Kandy,Kandy,category-sorted-bijection-v1,provider-map-v1
P100038,P06464,Vehicle Repairs,Vehicle Repairs,Jaffna,Batticaloa,category-sorted-bijection-v1,provider-map-v1
P100039,P06465,Vehicle Repairs,Vehicle Repairs,Badulla,Kurunegala,category-sorted-bijection-v1,provider-map-v1
P100040,P06466,Vehicle Repairs,Vehicle Repairs,Matara,Anuradhapura,category-sorted-bijection-v1,provider-map-v1
P100041,P06467,Vehicle Repairs,Vehicle Repairs,Matara,Jaffna,category-sorted-bijection-v1,provider-map-v1
P100042,P06468,Vehicle Repairs,Vehicle Repairs,Anuradhapura,Kandy,category-sorted-bijection-v1,provider-map-v1
P100043,P06469,Vehicle Repairs,Vehicle Repairs,Kurunegala,Anuradhapura,category-sorted-bijection-v1,provider-map-v1
P100044,P06470,Vehicle Repairs,Vehicle Repairs,Kalutara,Kurunegala,category-sorted-bijection-v1,provider-map-v1
P100045,P06471,Vehicle Repairs,Vehicle Repairs,Gampaha,Gampaha,category-sorted-bijection-v1,provider-map-v1
P100046,P06472,Vehicle Repairs,Vehicle Repairs,Batticaloa,Batticaloa,category-sorted-bijection-v1,provider-map-v1
P100047,P06473,Vehicle Repairs,Vehicle Repairs,Batticaloa,Matara,category-sorted-bijection-v1,provider-map-v1
P100048,P06474,Vehicle Repairs,Vehicle Repairs,Badulla,Matara,category-sorted-bijection-v1,provider-map-v1
P100049,P06475,Vehicle Repairs,Vehicle Repairs,Anuradhapura,Kurunegala,category-sorted-bijection-v1,provider-map-v1
P100050,P06476,Vehicle Repairs,Vehicle Repairs,Kalutara,Kurunegala,category-sorted-bijection-v1,provider-map-v1
P100051,P06477,Vehicle Repairs,Vehicle Repairs,Jaffna,Batticaloa,category-sorted-bijection-v1,provider-map-v1
P100052,P06478,Vehicle Repairs,Vehicle Repairs,Batticaloa,Colombo,category-sorted-bijection-v1,provider-map-v1
P100053,P06479,Vehicle Repairs,Vehicle Repairs,Kurunegala,Colombo,category-sorted-bijection-v1,provider-map-v1
P100054,P06480,Vehicle Repairs,Vehicle Repairs,Matara,Kurunegala,category-sorted-bijection-v1,provider-map-v1
P100055,P06481,Vehicle Repairs,Vehicle Repairs,Batticaloa,Gampaha,category-sorted-bijection-v1,provider-map-v1
P100056,P06482,Vehicle Repairs,Vehicle Repairs,Kandy,Colombo,category-sorted-bijection-v1,provider-map-v1
P100057,P06483,Vehicle Repairs,Vehicle Repairs,Colombo,Galle,category-sorted-bijection-v1,provider-map-v1
P100058,P06484,Vehicle Repairs,Vehicle Repairs,Batticaloa,Kandy,category-sorted-bijection-v1,provider-map-v1
P100059,P06485,Vehicle Repairs,Vehicle Repairs,Kalutara,Kurunegala,category-sorted-bijection-v1,provider-map-v1
P100060,P06486,Vehicle Repairs,Vehicle Repairs,Nuwara Eliya,Batticaloa,category-sorted-bijection-v1,provider-map-v1
P100061,P06487,Vehicle Repairs,Vehicle Repairs,Matara,Anuradhapura,category-sorted-bijection-v1,provider-map-v1
P100062,P06488,Vehicle Repairs,Vehicle Repairs,Matale,Galle,category-sorted-bijection-v1,provider-map-v1
P100063,P06489,Vehicle Repairs,Vehicle Repairs,Matale,Galle,category-sorted-bijection-v1,provider-map-v1
P100064,P06490,Vehicle Repairs,Vehicle Repairs,Anuradhapura,Galle,category-sorted-bijection-v1,provider-map-v1
P100065,P06491,Vehicle Repairs,Vehicle Repairs,Gampaha,Jaffna,category-sorted-bijection-v1,provider-map-v1
P100066,P06492,Vehicle Repairs,Vehicle Repairs,Kandy,Matara,category-sorted-bijection-v1,provider-map-v1
P100067,P06493,Vehicle Repairs,Vehicle Repairs,Gampaha,Matara,category-sorted-bijection-v1,provider-map-v1
P100068,P06494,Vehicle Repairs,Vehicle Repairs,Kandy,Kalutara,category-sorted-bijection-v1,provider-map-v1
P100069,P06495,Vehicle Repairs,Vehicle Repairs,Nuwara Eliya,Kalutara,category-sorted-bijection-v1,provider-map-v1
P100070,P06496,Vehicle Repairs,Vehicle Repairs,Anuradhapura,Colombo,category-sorted-bijection-v1,provider-map-v1
P100071,P06497,Vehicle Repairs,Vehicle Repairs,Colombo,Jaffna,category-sorted-bijection-v1,provider-map-v1
P100072,P06498,Vehicle Repairs,Vehicle Repairs,Anuradhapura,Colombo,category-sorted-bijection-v1,provider-map-v1
P100073,P06499,Vehicle Repairs,Vehicle Repairs,Kalutara,Kurunegala,category-sorted-bijection-v1,provider-map-v1
P100074,P06500,Vehicle Repairs,Vehicle Repairs,Gampaha,Kurunegala,category-sorted-bijection-v1,provider-map-v1
P100075,P06501,Vehicle Repairs,Vehicle Repairs,Galle,Galle,category-sorted-bijection-v1,provider-map-v1
P100076,P06502,Vehicle Repairs,Vehicle Repairs,Kurunegala,Jaffna,category-sorted-bijection-v1,provider-map-v1
P100077,P06503,Vehicle Repairs,Vehicle Repairs,Badulla,Anuradhapura,category-sorted-bijection-v1,provider-map-v1
P100078,P06504,Vehicle Repairs,Vehicle Repairs,Anuradhapura,Kandy,category-sorted-bijection-v1,provider-map-v1
P100079,P06505,Vehicle Repairs,Vehicle Repairs,Badulla,Gampaha,category-sorted-bijection-v1,provider-map-v1
P100080,P06506,Vehicle Repairs,Vehicle Repairs,Matale,Kalutara,category-sorted-bijection-v1,provider-map-v1
P100081,P06507,Vehicle Repairs,Vehicle Repairs,Kandy,Matara,category-sorted-bijection-v1,provider-map-v1
P100082,P06508,Vehicle Repairs,Vehicle Repairs,Kalutara,Jaffna,category-sorted-bijection-v1,provider-map-v1
P100083,P06509,Vehicle Repairs,Vehicle Repairs,Kurunegala,Gampaha,category-sorted-bijection-v1,provider-map-v1
P100084,P06510,Vehicle Repairs,Vehicle Repairs,Matale,Kalutara,category-sorted-bijection-v1,provider-map-v1
P100085,P06511,Vehicle Repairs,Vehicle Repairs,Anuradhapura,Matara,category-sorted-bijection-v1,provider-map-v1
P100086,P06512,Vehicle Repairs,Vehicle Repairs,Matale,Kalutara,category-sorted-bijection-v1,provider-map-v1
P100087,P06513,Vehicle Repairs,Vehicle Repairs,Matale,Kurunegala,category-sorted-bijection-v1,provider-map-v1
P100088,P06514,Vehicle Repairs,Vehicle Repairs,Matara,Kurunegala,category-sorted-bijection-v1,provider-map-v1
P100089,P06515,Vehicle Repairs,Vehicle Repairs,Colombo,Kalutara,category-sorted-bijection-v1,provider-map-v1
P100090,P06516,Vehicle Repairs,Vehicle Repairs,Anuradhapura,Anuradhapura,category-sorted-bijection-v1,provider-map-v1
P100091,P06517,Vehicle Repairs,Vehicle Repairs,Badulla,Kandy,category-sorted-bijection-v1,provider-map-v1
P100092,P06518,Vehicle Repairs,Vehicle Repairs,Colombo,Colombo,category-sorted-bijection-v1,provider-map-v1
P100093,P06519,Vehicle Repairs,Vehicle Repairs,Galle,Colombo,category-sorted-bijection-v1,provider-map-v1
P100094,P06520,Vehicle Repairs,Vehicle Repairs,Jaffna,Anuradhapura,category-sorted-bijection-v1,provider-map-v1
P100095,P06521,Vehicle Repairs,Vehicle Repairs,Nuwara Eliya,Matara,category-sorted-bijection-v1,provider-map-v1
P100096,P06522,Vehicle Repairs,Vehicle Repairs,Matara,Colombo,category-sorted-bijection-v1,provider-map-v1
P100097,P06523,Vehicle Repairs,Vehicle Repairs,Anuradhapura,Colombo,category-sorted-bijection-v1,provider-map-v1
P100098,P06524,Vehicle Repairs,Vehicle Repairs,Gampaha,Jaffna,category-sorted-bijection-v1,provider-map-v1
P100099,P06525,Vehicle Repairs,Vehicle Repairs,Nuwara Eliya,Jaffna,category-sorted-bijection-v1,provider-map-v1
P100100,P06526,Vehicle Repairs,Vehicle Repairs,Galle,Batticaloa,category-sorted-bijection-v1,provider-map-v1
P100101,P06527,Vehicle Repairs,Vehicle Repairs,Kalutara,Colombo,category-sorted-bijection-v1,provider-map-v1
P100102,P06528,Vehicle Repairs,Vehicle Repairs,Kandy,Batticaloa,category-sorted-bijection-v1,provider-map-v1
P100103,P06529,Vehicle Repairs,Vehicle Repairs,Batticaloa,Gampaha,category-sorted-bijection-v1,provider-map-v1
P100104,P06530,Vehicle Repairs,Vehicle Repairs,Galle,Matara,category-sorted-bijection-v1,provider-map-v1
P100105,P06531,Vehicle Repairs,Vehicle Repairs,Kurunegala,Galle,category-sorted-bijection-v1,provider-map-v1
P100106,P06532,Vehicle Repairs,Vehicle Repairs,Badulla,Gampaha,category-sorted-bijection-v1,provider-map-v1
P100107,P06533,Vehicle Repairs,Vehicle Repairs,Kandy,Jaffna,category-sorted-bijection-v1,provider-map-v1
P100108,P06534,Vehicle Repairs,Vehicle Repairs,Nuwara Eliya,Matara,category-sorted-bijection-v1,provider-map-v1
P100109,P06535,Vehicle Repairs,Vehicle Repairs,Kandy,Jaffna,category-sorted-bijection-v1,provider-map-v1
P100110,P06536,Vehicle Repairs,Vehicle Repairs,Colombo,Gampaha,category-sorted-bijection-v1,provider-map-v1
P100111,P06537,Vehicle Repairs,Vehicle Repairs,Batticaloa,Kandy,category-sorted-bijection-v1,provider-map-v1
P100112,P06538,Vehicle Repairs,Vehicle Repairs,Kandy,Kurunegala,category-sorted-bijection-v1,provider-map-v1
P100113,P06539,Vehicle Repairs,Vehicle Repairs,Anuradhapura,Colombo,category-sorted-bijection-v1,provider-map-v1
P100114,P06540,Vehicle Repairs,Vehicle Repairs,Matara,Kurunegala,category-sorted-bijection-v1,provider-map-v1
P100115,P06541,Vehicle Repairs,Vehicle Repairs,Gampaha,Gampaha,category-sorted-bijection-v1,provider-map-v1
P100116,P06542,Vehicle Repairs,Vehicle Repairs,Kandy,Gampaha,category-sorted-bijection-v1,provider-map-v1
P100117,P06543,Vehicle Repairs,Vehicle Repairs,Kandy,Kalutara,category-sorted-bijection-v1,provider-map-v1
P100118,P06544,Vehicle Repairs,Vehicle Repairs,Colombo,Kurunegala,category-sorted-bijection-v1,provider-map-v1
P100119,P06545,Vehicle Repairs,Vehicle Repairs,Galle,Kurunegala,category-sorted-bijection-v1,provider-map-v1
P100120,P06546,Vehicle Repairs,Vehicle Repairs,Galle,Galle,category-sorted-bijection-v1,provider-map-v1
P100121,P06547,Vehicle Repairs,Vehicle Repairs,Matale,Kurunegala,category-sorted-bijection-v1,provider-map-v1
P100122,P06548,Vehicle Repairs,Vehicle Repairs,Matara,Kurunegala,category-sorted-bijection-v1,provider-map-v1
P100123,P06549,Vehicle Repairs,Vehicle Repairs,Ratnapura,Matara,category-sorted-bijection-v1,provider-map-v1
P100124,P06550,Vehicle Repairs,Vehicle Repairs,Galle,Jaffna,category-sorted-bijection-v1,provider-map-v1
P100125,P06551,Vehicle Repairs,Vehicle Repairs,Kalutara,Jaffna,category-sorted-bijection-v1,provider-map-v1
P100126,P06552,Vehicle Repairs,Vehicle Repairs,Ratnapura,Gampaha,category-sorted-bijection-v1,provider-map-v1
P100127,P06553,Vehicle Repairs,Vehicle Repairs,Matara,Anuradhapura,category-sorted-bijection-v1,provider-map-v1
P100128,P06554,Vehicle Repairs,Vehicle Repairs,Ratnapura,Gampaha,category-sorted-bijection-v1,provider-map-v1
P100129,P06555,Vehicle Repairs,Vehicle Repairs,Ratnapura,Gampaha,category-sorted-bijection-v1,provider-map-v1
P100130,P06556,Vehicle Repairs,Vehicle Repairs,Colombo,Colombo,category-sorted-bijection-v1,provider-map-v1
P100131,P06557,Vehicle Repairs,Vehicle Repairs,Gampaha,Anuradhapura,category-sorted-bijection-v1,provider-map-v1
P100132,P06558,Vehicle Repairs,Vehicle Repairs,Galle,Kandy,category-sorted-bijection-v1,provider-map-v1
P100133,P06559,Vehicle Repairs,Vehicle Repairs,Jaffna,Gampaha,category-sorted-bijection-v1,provider-map-v1
P100134,P06560,Vehicle Repairs,Vehicle Repairs,Matale,Kandy,category-sorted-bijection-v1,provider-map-v1
P100135,P06561,Vehicle Repairs,Vehicle Repairs,Colombo,Gampaha,category-sorted-bijection-v1,provider-map-v1
P100136,P06562,Vehicle Repairs,Vehicle Repairs,Matara,Colombo,category-sorted-bijection-v1,provider-map-v1
P100137,P06563,Vehicle Repairs,Vehicle Repairs,Matale,Matara,category-sorted-bijection-v1,provider-map-v1
P100138,P06564,Vehicle Repairs,Vehicle Repairs,Gampaha,Kandy,category-sorted-bijection-v1,provider-map-v1
P100139,P06565,Vehicle Repairs,Vehicle Repairs,Jaffna,Kalutara,category-sorted-bijection-v1,provider-map-v1
P100140,P06566,Vehicle Repairs,Vehicle Repairs,Gampaha,Galle,category-sorted-bijection-v1,provider-map-v1
P100141,P06567,Vehicle Repairs,Vehicle Repairs,Kurunegala,Gampaha,category-sorted-bijection-v1,provider-map-v1
P100142,P06568,Vehicle Repairs,Vehicle Repairs,Kurunegala,Kalutara,category-sorted-bijection-v1,provider-map-v1
P100143,P06569,Vehicle Repairs,Vehicle Repairs,Galle,Kurunegala,category-sorted-bijection-v1,provider-map-v1
P100144,P06570,Vehicle Repairs,Vehicle Repairs,Ratnapura,Gampaha,category-sorted-bijection-v1,provider-map-v1
P100145,P06571,Vehicle Repairs,Vehicle Repairs,Ratnapura,Kalutara,category-sorted-bijection-v1,provider-map-v1
P100146,P06572,Vehicle Repairs,Vehicle Repairs,Badulla,Galle,category-sorted-bijection-v1,provider-map-v1
P100147,P06573,Vehicle Repairs,Vehicle Repairs,Nuwara Eliya,Batticaloa,category-sorted-bijection-v1,provider-map-v1
P100148,P06574,Vehicle Repairs,Vehicle Repairs,Kurunegala,Colombo,category-sorted-bijection-v1,provider-map-v1
P100149,P06575,Vehicle Repairs,Vehicle Repairs,Kalutara,Kandy,category-sorted-bijection-v1,provider-map-v1
P100150,P06576,Vehicle Repairs,Vehicle Repairs,Kandy,Colombo,category-sorted-bijection-v1,provider-map-v1
P100151,P06577,Vehicle Repairs,Vehicle Repairs,Kandy,Kurunegala,category-sorted-bijection-v1,provider-map-v1
P100152,P06578,Vehicle Repairs,Vehicle Repairs,Nuwara Eliya,Galle,category-sorted-bijection-v1,provider-map-v1
P100153,P06579,Vehicle Repairs,Vehicle Repairs,Anuradhapura,Colombo,category-sorted-bijection-v1,provider-map-v1
P100154,P06580,Vehicle Repairs,Vehicle Repairs,Kalutara,Galle,category-sorted-bijection-v1,provider-map-v1
P100155,P06581,Vehicle Repairs,Vehicle Repairs,Kalutara,Kandy,category-sorted-bijection-v1,provider-map-v1
P100156,P06582,Vehicle Repairs,Vehicle Repairs,Ratnapura,Kandy,category-sorted-bijection-v1,provider-map-v1
P100157,P06583,Vehicle Repairs,Vehicle Repairs,Batticaloa,Gampaha,category-sorted-bijection-v1,provider-map-v1
P100158,P06584,Vehicle Repairs,Vehicle Repairs,Jaffna,Matara,category-sorted-bijection-v1,provider-map-v1
P100159,P06585,Vehicle Repairs,Vehicle Repairs,Kalutara,Kandy,category-sorted-bijection-v1,provider-map-v1
P100160,P06586,Vehicle Repairs,Vehicle Repairs,Kandy,Kurunegala,category-sorted-bijection-v1,provider-map-v1
P100161,P06587,Vehicle Repairs,Vehicle Repairs,Nuwara Eliya,Matara,category-sorted-bijection-v1,provider-map-v1
P100162,P06588,Vehicle Repairs,Vehicle Repairs,Kurunegala,Kandy,category-sorted-bijection-v1,provider-map-v1
P100163,P06589,Vehicle Repairs,Vehicle Repairs,Badulla,Gampaha,category-sorted-bijection-v1,provider-map-v1
P100164,P06590,Vehicle Repairs,Vehicle Repairs,Gampaha,Matara,category-sorted-bijection-v1,provider-map-v1
P100165,P06591,Vehicle Repairs,Vehicle Repairs,Gampaha,Kurunegala,category-sorted-bijection-v1,provider-map-v1
P100166,P06592,Vehicle Repairs,Vehicle Repairs,Anuradhapura,Colombo,category-sorted-bijection-v1,provider-map-v1
P100167,P06593,Vehicle Repairs,Vehicle Repairs,Anuradhapura,Kalutara,category-sorted-bijection-v1,provider-map-v1
P100168,P06594,Vehicle Repairs,Vehicle Repairs,Kalutara,Kurunegala,category-sorted-bijection-v1,provider-map-v1
P100169,P06595,Vehicle Repairs,Vehicle Repairs,Ratnapura,Kandy,category-sorted-bijection-v1,provider-map-v1
P100170,P06596,Vehicle Repairs,Vehicle Repairs,Kurunegala,Kandy,category-sorted-bijection-v1,provider-map-v1
P100171,P06597,Vehicle Repairs,Vehicle Repairs,Colombo,Batticaloa,category-sorted-bijection-v1,provider-map-v1
P100172,P06598,Vehicle Repairs,Vehicle Repairs,Kurunegala,Colombo,category-sorted-bijection-v1,provider-map-v1
P100173,P06599,Vehicle Repairs,Vehicle Repairs,Badulla,Colombo,category-sorted-bijection-v1,provider-map-v1
P100174,P06600,Vehicle Repairs,Vehicle Repairs,Matara,Galle,category-sorted-bijection-v1,provider-map-v1
P100175,P06601,Vehicle Repairs,Vehicle Repairs,Gampaha,Kalutara,category-sorted-bijection-v1,provider-map-v1
P100176,P06602,Vehicle Repairs,Vehicle Repairs,Kurunegala,Matara,category-sorted-bijection-v1,provider-map-v1
P100177,P06603,Vehicle Repairs,Vehicle Repairs,Matale,Batticaloa,category-sorted-bijection-v1,provider-map-v1
P100178,P06604,Vehicle Repairs,Vehicle Repairs,Matara,Colombo,category-sorted-bijection-v1,provider-map-v1
P100179,P06605,Vehicle Repairs,Vehicle Repairs,Gampaha,Kalutara,category-sorted-bijection-v1,provider-map-v1
P100180,P06606,Vehicle Repairs,Vehicle Repairs,Batticaloa,Galle,category-sorted-bijection-v1,provider-map-v1
P100181,P06607,Vehicle Repairs,Vehicle Repairs,Nuwara Eliya,Batticaloa,category-sorted-bijection-v1,provider-map-v1
P100182,P06608,Vehicle Repairs,Vehicle Repairs,Matara,Kandy,category-sorted-bijection-v1,provider-map-v1
P100183,P06609,Vehicle Repairs,Vehicle Repairs,Nuwara Eliya,Kurunegala,category-sorted-bijection-v1,provider-map-v1
P100184,P06610,Vehicle Repairs,Vehicle Repairs,Colombo,Gampaha,category-sorted-bijection-v1,provider-map-v1
P100185,P06611,Vehicle Repairs,Vehicle Repairs,Ratnapura,Kandy,category-sorted-bijection-v1,provider-map-v1
P100186,P06612,Vehicle Repairs,Vehicle Repairs,Galle,Batticaloa,category-sorted-bijection-v1,provider-map-v1
P100187,P06613,Vehicle Repairs,Vehicle Repairs,Kandy,Matara,category-sorted-bijection-v1,provider-map-v1
P100188,P06614,Vehicle Repairs,Vehicle Repairs,Anuradhapura,Colombo,category-sorted-bijection-v1,provider-map-v1
P100189,P06615,Vehicle Repairs,Vehicle Repairs,Galle,Matara,category-sorted-bijection-v1,provider-map-v1
P100190,P06616,Vehicle Repairs,Vehicle Repairs,Kalutara,Galle,category-sorted-bijection-v1,provider-map-v1
P100191,P06617,Vehicle Repairs,Vehicle Repairs,Anuradhapura,Batticaloa,category-sorted-bijection-v1,provider-map-v1
P100192,P06618,Vehicle Repairs,Vehicle Repairs,Batticaloa,Colombo,category-sorted-bijection-v1,provider-map-v1
P100193,P06619,Vehicle Repairs,Vehicle Repairs,Nuwara Eliya,Batticaloa,category-sorted-bijection-v1,provider-map-v1
P100194,P06620,Vehicle Repairs,Vehicle Repairs,Kurunegala,Gampaha,category-sorted-bijection-v1,provider-map-v1
P100195,P06621,Vehicle Repairs,Vehicle Repairs,Colombo,Galle,category-sorted-bijection-v1,provider-map-v1
P100196,P06622,Vehicle Repairs,Vehicle Repairs,Kandy,Galle,category-sorted-bijection-v1,provider-map-v1
P100197,P06623,Vehicle Repairs,Vehicle Repairs,Kandy,Batticaloa,category-sorted-bijection-v1,provider-map-v1
P100198,P06624,Vehicle Repairs,Vehicle Repairs,Matara,Matara,category-sorted-bijection-v1,provider-map-v1
P100199,P06625,Vehicle Repairs,Vehicle Repairs,Colombo,Anuradhapura,category-sorted-bijection-v1,provider-map-v1
P100200,P06626,Vehicle Repairs,Vehicle Repairs,Anuradhapura,Galle,category-sorted-bijection-v1,provider-map-v1
P100201,P06627,Vehicle Repairs,Vehicle Repairs,Colombo,Colombo,category-sorted-bijection-v1,provider-map-v1
P100202,P06628,Vehicle Repairs,Vehicle Repairs,Gampaha,Kurunegala,category-sorted-bijection-v1,provider-map-v1
P100203,P06629,Vehicle Repairs,Vehicle Repairs,Colombo,Kandy,category-sorted-bijection-v1,provider-map-v1
P100204,P06630,Vehicle Repairs,Vehicle Repairs,Colombo,Kurunegala,category-sorted-bijection-v1,provider-map-v1
P100205,P06631,Vehicle Repairs,Vehicle Repairs,Galle,Batticaloa,category-sorted-bijection-v1,provider-map-v1
P100206,P06632,Vehicle Repairs,Vehicle Repairs,Colombo,Matara,category-sorted-bijection-v1,provider-map-v1
P100207,P06633,Vehicle Repairs,Vehicle Repairs,Jaffna,Kandy,category-sorted-bijection-v1,provider-map-v1
P100208,P06634,Vehicle Repairs,Vehicle Repairs,Gampaha,Kalutara,category-sorted-bijection-v1,provider-map-v1
P100209,P06635,Vehicle Repairs,Vehicle Repairs,Batticaloa,Anuradhapura,category-sorted-bijection-v1,provider-map-v1
P100210,P06636,Vehicle Repairs,Vehicle Repairs,Badulla,Kurunegala,category-sorted-bijection-v1,provider-map-v1
P100211,P06637,Vehicle Repairs,Vehicle Repairs,Jaffna,Gampaha,category-sorted-bijection-v1,provider-map-v1
P100212,P06638,Vehicle Repairs,Vehicle Repairs,Badulla,Kandy,category-sorted-bijection-v1,provider-map-v1
P100213,P06639,Vehicle Repairs,Vehicle Repairs,Nuwara Eliya,Matara,category-sorted-bijection-v1,provider-map-v1
P100214,P06640,Vehicle Repairs,Vehicle Repairs,Kurunegala,Jaffna,category-sorted-bijection-v1,provider-map-v1
P100215,P06641,Vehicle Repairs,Vehicle Repairs,Kandy,Matara,category-sorted-bijection-v1,provider-map-v1
P100216,P06642,Vehicle Repairs,Vehicle Repairs,Badulla,Kurunegala,category-sorted-bijection-v1,provider-map-v1
P100217,P06643,Vehicle Repairs,Vehicle Repairs,Badulla,Kurunegala,category-sorted-bijection-v1,provider-map-v1
P100218,P06644,Vehicle Repairs,Vehicle Repairs,Matale,Kandy,category-sorted-bijection-v1,provider-map-v1
P100219,P06645,Vehicle Repairs,Vehicle Repairs,Kalutara,Jaffna,category-sorted-bijection-v1,provider-map-v1
P100220,P06646,Vehicle Repairs,Vehicle Repairs,Galle,Kurunegala,category-sorted-bijection-v1,provider-map-v1
P100221,P06647,Vehicle Repairs,Vehicle Repairs,Kurunegala,Gampaha,category-sorted-bijection-v1,provider-map-v1
P100222,P06648,Vehicle Repairs,Vehicle Repairs,Galle,Colombo,category-sorted-bijection-v1,provider-map-v1
P100223,P06649,Vehicle Repairs,Vehicle Repairs,Batticaloa,Jaffna,category-sorted-bijection-v1,provider-map-v1
P100224,P06650,Vehicle Repairs,Vehicle Repairs,Matara,Matara,category-sorted-bijection-v1,provider-map-v1
P100225,P06651,Vehicle Repairs,Vehicle Repairs,Colombo,Galle,category-sorted-bijection-v1,provider-map-v1
P100226,P06652,Vehicle Repairs,Vehicle Repairs,Kalutara,Colombo,category-sorted-bijection-v1,provider-map-v1
P100227,P06653,Vehicle Repairs,Vehicle Repairs,Kurunegala,Anuradhapura,category-sorted-bijection-v1,provider-map-v1
P100228,P06654,Vehicle Repairs,Vehicle Repairs,Batticaloa,Matara,category-sorted-bijection-v1,provider-map-v1
P100229,P06655,Vehicle Repairs,Vehicle Repairs,Anuradhapura,Jaffna,category-sorted-bijection-v1,provider-map-v1
P100230,P06656,Vehicle Repairs,Vehicle Repairs,Gampaha,Galle,category-sorted-bijection-v1,provider-map-v1
P100231,P06657,Vehicle Repairs,Vehicle Repairs,Kurunegala,Colombo,category-sorted-bijection-v1,provider-map-v1
P100232,P06658,Vehicle Repairs,Vehicle Repairs,Kandy,Matara,category-sorted-bijection-v1,provider-map-v1
P100233,P06659,Vehicle Repairs,Vehicle Repairs,Gampaha,Matara,category-sorted-bijection-v1,provider-map-v1
P100234,P06660,Vehicle Repairs,Vehicle Repairs,Matale,Kalutara,category-sorted-bijection-v1,provider-map-v1
P100235,P06661,Vehicle Repairs,Vehicle Repairs,Badulla,Matara,category-sorted-bijection-v1,provider-map-v1
P100236,P06662,Vehicle Repairs,Vehicle Repairs,Kalutara,Colombo,category-sorted-bijection-v1,provider-map-v1
P100237,P06663,Vehicle Repairs,Vehicle Repairs,Matale,Jaffna,category-sorted-bijection-v1,provider-map-v1
P100238,P06664,Vehicle Repairs,Vehicle Repairs,Batticaloa,Gampaha,category-sorted-bijection-v1,provider-map-v1
P100239,P06665,Vehicle Repairs,Vehicle Repairs,Badulla,Matara,category-sorted-bijection-v1,provider-map-v1
P100240,P06666,Vehicle Repairs,Vehicle Repairs,Ratnapura,Matara,category-sorted-bijection-v1,provider-map-v1
P100241,P06667,Vehicle Repairs,Vehicle Repairs,Matale,Colombo,category-sorted-bijection-v1,provider-map-v1
P100242,P06668,Vehicle Repairs,Vehicle Repairs,Matale,Jaffna,category-sorted-bijection-v1,provider-map-v1
P100243,P06669,Vehicle Repairs,Vehicle Repairs,Anuradhapura,Batticaloa,category-sorted-bijection-v1,provider-map-v1
P100244,P06670,Vehicle Repairs,Vehicle Repairs,Gampaha,Gampaha,category-sorted-bijection-v1,provider-map-v1
P100245,P06671,Vehicle Repairs,Vehicle Repairs,Anuradhapura,Galle,category-sorted-bijection-v1,provider-map-v1
P100246,P06672,Vehicle Repairs,Vehicle Repairs,Matale,Kurunegala,category-sorted-bijection-v1,provider-map-v1
P100247,P06673,Vehicle Repairs,Vehicle Repairs,Colombo,Batticaloa,category-sorted-bijection-v1,provider-map-v1
P100248,P06674,Vehicle Repairs,Vehicle Repairs,Anuradhapura,Kandy,category-sorted-bijection-v1,provider-map-v1
P100249,P06675,Vehicle Repairs,Vehicle Repairs,Kalutara,Galle,category-sorted-bijection-v1,provider-map-v1
P100250,P06676,Vehicle Repairs,Vehicle Repairs,Badulla,Batticaloa,category-sorted-bijection-v1,provider-map-v1
P100251,P06677,Vehicle Repairs,Vehicle Repairs,Jaffna,Colombo,category-sorted-bijection-v1,provider-map-v1
P100252,P06678,Vehicle Repairs,Vehicle Repairs,Colombo,Kalutara,category-sorted-bijection-v1,provider-map-v1
P100253,P06679,Vehicle Repairs,Vehicle Repairs,Matara,Jaffna,category-sorted-bijection-v1,provider-map-v1
P100254,P06680,Vehicle Repairs,Vehicle Repairs,Kandy,Colombo,category-sorted-bijection-v1,provider-map-v1
P100255,P06681,Vehicle Repairs,Vehicle Repairs,Badulla,Kandy,category-sorted-bijection-v1,provider-map-v1
P100256,P06682,Vehicle Repairs,Vehicle Repairs,Kalutara,Kandy,category-sorted-bijection-v1,provider-map-v1
P100257,P06683,Vehicle Repairs,Vehicle Repairs,Gampaha,Anuradhapura,category-sorted-bijection-v1,provider-map-v1
P100258,P06684,Vehicle Repairs,Vehicle Repairs,Badulla,Galle,category-sorted-bijection-v1,provider-map-v1
P100259,P06685,Vehicle Repairs,Vehicle Repairs,Anuradhapura,Matara,category-sorted-bijection-v1,provider-map-v1
P100260,P06686,Vehicle Repairs,Vehicle Repairs,Badulla,Colombo,category-sorted-bijection-v1,provider-map-v1
P100261,P06687,Vehicle Repairs,Vehicle Repairs,Kurunegala,Colombo,category-sorted-bijection-v1,provider-map-v1
P100262,P06688,Vehicle Repairs,Vehicle Repairs,Anuradhapura,Kurunegala,category-sorted-bijection-v1,provider-map-v1
P100263,P06689,Vehicle Repairs,Vehicle Repairs,Kandy,Anuradhapura,category-sorted-bijection-v1,provider-map-v1
P100264,P06690,Vehicle Repairs,Vehicle Repairs,Jaffna,Kalutara,category-sorted-bijection-v1,provider-map-v1
P100265,P06691,Vehicle Repairs,Vehicle Repairs,Anuradhapura,Colombo,category-sorted-bijection-v1,provider-map-v1
P100266,P06692,Vehicle Repairs,Vehicle Repairs,Kurunegala,Matara,category-sorted-bijection-v1,provider-map-v1
P100267,P06693,Vehicle Repairs,Vehicle Repairs,Kurunegala,Kalutara,category-sorted-bijection-v1,provider-map-v1
P100268,P06694,Vehicle Repairs,Vehicle Repairs,Matara,Matara,category-sorted-bijection-v1,provider-map-v1
P100269,P06695,Vehicle Repairs,Vehicle Repairs,Anuradhapura,Kurunegala,category-sorted-bijection-v1,provider-map-v1
P100270,P06696,Vehicle Repairs,Vehicle Repairs,Kurunegala,Matara,category-sorted-bijection-v1,provider-map-v1
P100271,P06697,Vehicle Repairs,Vehicle Repairs,Matara,Kalutara,category-sorted-bijection-v1,provider-map-v1
P100272,P06698,Vehicle Repairs,Vehicle Repairs,Ratnapura,Colombo,category-sorted-bijection-v1,provider-map-v1
P100273,P06699,Vehicle Repairs,Vehicle Repairs,Matara,Kurunegala,category-sorted-bijection-v1,provider-map-v1
P100274,P06700,Vehicle Repairs,Vehicle Repairs,Kalutara,Kurunegala,category-sorted-bijection-v1,provider-map-v1
P100275,P06701,Vehicle Repairs,Vehicle Repairs,Kandy,Batticaloa,category-sorted-bijection-v1,provider-map-v1
P100276,P06702,Vehicle Repairs,Vehicle Repairs,Kurunegala,Galle,category-sorted-bijection-v1,provider-map-v1
P100277,P06703,Vehicle Repairs,Vehicle Repairs,Gampaha,Matara,category-sorted-bijection-v1,provider-map-v1
P100278,P06704,Vehicle Repairs,Vehicle Repairs,Nuwara Eliya,Galle,category-sorted-bijection-v1,provider-map-v1
P100279,P06705,Vehicle Repairs,Vehicle Repairs,Anuradhapura,Galle,category-sorted-bijection-v1,provider-map-v1
P100280,P06706,Vehicle Repairs,Vehicle Repairs,Matara,Kandy,category-sorted-bijection-v1,provider-map-v1
P100281,P06707,Vehicle Repairs,Vehicle Repairs,Ratnapura,Batticaloa,category-sorted-bijection-v1,provider-map-v1
P100282,P06708,Vehicle Repairs,Vehicle Repairs,Ratnapura,Gampaha,category-sorted-bijection-v1,provider-map-v1
P100283,P06709,Vehicle Repairs,Vehicle Repairs,Kalutara,Colombo,category-sorted-bijection-v1,provider-map-v1
P100284,P06710,Vehicle Repairs,Vehicle Repairs,Kalutara,Kandy,category-sorted-bijection-v1,provider-map-v1
P100285,P06711,Vehicle Repairs,Vehicle Repairs,Gampaha,Kalutara,category-sorted-bijection-v1,provider-map-v1
P100286,P06712,Vehicle Repairs,Vehicle Repairs,Matale,Batticaloa,category-sorted-bijection-v1,provider-map-v1
P100287,P06713,Vehicle Repairs,Vehicle Repairs,Jaffna,Colombo,category-sorted-bijection-v1,provider-map-v1
P100288,P06714,Vehicle Repairs,Vehicle Repairs,Badulla,Kandy,category-sorted-bijection-v1,provider-map-v1
P100289,P06715,Vehicle Repairs,Vehicle Repairs,Badulla,Kandy,category-sorted-bijection-v1,provider-map-v1
P100290,P06716,Vehicle Repairs,Vehicle Repairs,Kurunegala,Galle,category-sorted-bijection-v1,provider-map-v1
P100291,P06717,Vehicle Repairs,Vehicle Repairs,Jaffna,Kandy,category-sorted-bijection-v1,provider-map-v1
P100292,P06718,Vehicle Repairs,Vehicle Repairs,Kalutara,Jaffna,category-sorted-bijection-v1,provider-map-v1
P100293,P06719,Vehicle Repairs,Vehicle Repairs,Gampaha,Galle,category-sorted-bijection-v1,provider-map-v1
P100294,P06720,Vehicle Repairs,Vehicle Repairs,Gampaha,Kandy,category-sorted-bijection-v1,provider-map-v1
P100295,P06721,Vehicle Repairs,Vehicle Repairs,Batticaloa,Galle,category-sorted-bijection-v1,provider-map-v1
P100296,P06722,Vehicle Repairs,Vehicle Repairs,Gampaha,Batticaloa,category-sorted-bijection-v1,provider-map-v1
P100297,P06723,Vehicle Repairs,Vehicle Repairs,Colombo,Kurunegala,category-sorted-bijection-v1,provider-map-v1
P100298,P06724,Vehicle Repairs,Vehicle Repairs,Gampaha,Matara,category-sorted-bijection-v1,provider-map-v1
P100299,P06725,Vehicle Repairs,Vehicle Repairs,Jaffna,Kurunegala,category-sorted-bijection-v1,provider-map-v1
P100300,P06726,Vehicle Repairs,Vehicle Repairs,Galle,Batticaloa,category-sorted-bijection-v1,provider-map-v1
P100301,P06727,Vehicle Repairs,Vehicle Repairs,Colombo,Kalutara,category-sorted-bijection-v1,provider-map-v1
P100302,P06728,Vehicle Repairs,Vehicle Repairs,Matale,Galle,category-sorted-bijection-v1,provider-map-v1
P100303,P06729,Vehicle Repairs,Vehicle Repairs,Gampaha,Kurunegala,category-sorted-bijection-v1,provider-map-v1
P100304,P06730,Vehicle Repairs,Vehicle Repairs,Badulla,Matara,category-sorted-bijection-v1,provider-map-v1
P100305,P06731,Vehicle Repairs,Vehicle Repairs,Gampaha,Galle,category-sorted-bijection-v1,provider-map-v1
P100306,P06732,Vehicle Repairs,Vehicle Repairs,Ratnapura,Kurunegala,category-sorted-bijection-v1,provider-map-v1
P100307,P06733,Vehicle Repairs,Vehicle Repairs,Colombo,Gampaha,category-sorted-bijection-v1,provider-map-v1
P100308,P06734,Vehicle Repairs,Vehicle Repairs,Galle,Batticaloa,category-sorted-bijection-v1,provider-map-v1
P100309,P06735,Vehicle Repairs,Vehicle Repairs,Kurunegala,Kalutara,category-sorted-bijection-v1,provider-map-v1
P100310,P06736,Vehicle Repairs,Vehicle Repairs,Matara,Gampaha,category-sorted-bijection-v1,provider-map-v1
P100311,P06737,Vehicle Repairs,Vehicle Repairs,Batticaloa,Batticaloa,category-sorted-bijection-v1,provider-map-v1
P100312,P06738,Vehicle Repairs,Vehicle Repairs,Matale,Galle,category-sorted-bijection-v1,provider-map-v1
P100313,P06739,Vehicle Repairs,Vehicle Repairs,Gampaha,Anuradhapura,category-sorted-bijection-v1,provider-map-v1
P100314,P06740,Vehicle Repairs,Vehicle Repairs,Kalutara,Anuradhapura,category-sorted-bijection-v1,provider-map-v1
P100315,P06741,Vehicle Repairs,Vehicle Repairs,Badulla,Galle,category-sorted-bijection-v1,provider-map-v1
P100316,P06742,Vehicle Repairs,Vehicle Repairs,Matale,Kurunegala,category-sorted-bijection-v1,provider-map-v1
P100317,P06743,Vehicle Repairs,Vehicle Repairs,Kalutara,Jaffna,category-sorted-bijection-v1,provider-map-v1
P100318,P06744,Vehicle Repairs,Vehicle Repairs,Galle,Colombo,category-sorted-bijection-v1,provider-map-v1
P100319,P06745,Vehicle Repairs,Vehicle Repairs,Kurunegala,Gampaha,category-sorted-bijection-v1,provider-map-v1
P100320,P06746,Vehicle Repairs,Vehicle Repairs,Nuwara Eliya,Gampaha,category-sorted-bijection-v1,provider-map-v1
P100321,P06747,Vehicle Repairs,Vehicle Repairs,Batticaloa,Kurunegala,category-sorted-bijection-v1,provider-map-v1
P100322,P06748,Vehicle Repairs,Vehicle Repairs,Galle,Anuradhapura,category-sorted-bijection-v1,provider-map-v1
P100323,P06749,Vehicle Repairs,Vehicle Repairs,Ratnapura,Jaffna,category-sorted-bijection-v1,provider-map-v1
P100324,P06750,Vehicle Repairs,Vehicle Repairs,Kalutara,Kandy,category-sorted-bijection-v1,provider-map-v1
P100325,P06751,Vehicle Repairs,Vehicle Repairs,Galle,Gampaha,category-sorted-bijection-v1,provider-map-v1
P100326,P06752,Vehicle Repairs,Vehicle Repairs,Batticaloa,Batticaloa,category-sorted-bijection-v1,provider-map-v1
P100327,P06753,Vehicle Repairs,Vehicle Repairs,Anuradhapura,Anuradhapura,category-sorted-bijection-v1,provider-map-v1
P100328,P06754,Vehicle Repairs,Vehicle Repairs,Kurunegala,Kalutara,category-sorted-bijection-v1,provider-map-v1
P100329,P06755,Vehicle Repairs,Vehicle Repairs,Matale,Kandy,category-sorted-bijection-v1,provider-map-v1
P100330,P06756,Vehicle Repairs,Vehicle Repairs,Jaffna,Galle,category-sorted-bijection-v1,provider-map-v1
P100331,P06757,Vehicle Repairs,Vehicle Repairs,Anuradhapura,Gampaha,category-sorted-bijection-v1,provider-map-v1
P100332,P06758,Vehicle Repairs,Vehicle Repairs,Anuradhapura,Galle,category-sorted-bijection-v1,provider-map-v1
P100333,P06759,Vehicle Repairs,Vehicle Repairs,Badulla,Kalutara,category-sorted-bijection-v1,provider-map-v1
P100334,P06760,Vehicle Repairs,Vehicle Repairs,Kurunegala,Galle,category-sorted-bijection-v1,provider-map-v1
P100335,P06761,Vehicle Repairs,Vehicle Repairs,Matale,Matara,category-sorted-bijection-v1,provider-map-v1
P100336,P06762,Vehicle Repairs,Vehicle Repairs,Kurunegala,Kurunegala,category-sorted-bijection-v1,provider-map-v1
P100337,P06763,Vehicle Repairs,Vehicle Repairs,Kurunegala,Galle,category-sorted-bijection-v1,provider-map-v1
P100338,P06764,Vehicle Repairs,Vehicle Repairs,Badulla,Batticaloa,category-sorted-bijection-v1,provider-map-v1
P100339,P06765,Vehicle Repairs,Vehicle Repairs,Ratnapura,Batticaloa,category-sorted-bijection-v1,provider-map-v1
P100340,P06766,Vehicle Repairs,Vehicle Repairs,Colombo,Jaffna,category-sorted-bijection-v1,provider-map-v1
P100341,P06767,Vehicle Repairs,Vehicle Repairs,Jaffna,Anuradhapura,category-sorted-bijection-v1,provider-map-v1
P100342,P06768,Vehicle Repairs,Vehicle Repairs,Gampaha,Kurunegala,category-sorted-bijection-v1,provider-map-v1
P100343,P06769,Vehicle Repairs,Vehicle Repairs,Matale,Anuradhapura,category-sorted-bijection-v1,provider-map-v1
P100344,P06770,Vehicle Repairs,Vehicle Repairs,Batticaloa,Batticaloa,category-sorted-bijection-v1,provider-map-v1
P100345,P06771,Vehicle Repairs,Vehicle Repairs,Kalutara,Batticaloa,category-sorted-bijection-v1,provider-map-v1
P100346,P06772,Vehicle Repairs,Vehicle Repairs,Kalutara,Matara,category-sorted-bijection-v1,provider-map-v1
P100347,P06773,Vehicle Repairs,Vehicle Repairs,Badulla,Kalutara,category-sorted-bijection-v1,provider-map-v1
P100348,P06774,Vehicle Repairs,Vehicle Repairs,Ratnapura,Jaffna,category-sorted-bijection-v1,provider-map-v1
P100349,P06775,Vehicle Repairs,Vehicle Repairs,Kurunegala,Matara,category-sorted-bijection-v1,provider-map-v1
P100350,P06776,Vehicle Repairs,Vehicle Repairs,Kalutara,Kandy,category-sorted-bijection-v1,provider-map-v1
P100351,P06777,Vehicle Repairs,Vehicle Repairs,Nuwara Eliya,Jaffna,category-sorted-bijection-v1,provider-map-v1
P100352,P06778,Vehicle Repairs,Vehicle Repairs,Kandy,Kalutara,category-sorted-bijection-v1,provider-map-v1
P100353,P06779,Vehicle Repairs,Vehicle Repairs,Gampaha,Anuradhapura,category-sorted-bijection-v1,provider-map-v1
P100354,P06780,Vehicle Repairs,Vehicle Repairs,Matale,Kurunegala,category-sorted-bijection-v1,provider-map-v1
P100355,P06781,Vehicle Repairs,Vehicle Repairs,Galle,Matara,category-sorted-bijection-v1,provider-map-v1
P100356,P06782,Vehicle Repairs,Vehicle Repairs,Gampaha,Anuradhapura,category-sorted-bijection-v1,provider-map-v1
P100357,P06783,Vehicle Repairs,Vehicle Repairs,Badulla,Kurunegala,category-sorted-bijection-v1,provider-map-v1
P110001,P07141,CCTV,CCTV,Nuwara Eliya,Matara,category-sorted-bijection-v1,provider-map-v1
P110002,P07142,CCTV,CCTV,Jaffna,Batticaloa,category-sorted-bijection-v1,provider-map-v1
P110003,P07143,CCTV,CCTV,Colombo,Jaffna,category-sorted-bijection-v1,provider-map-v1
P110004,P07144,CCTV,CCTV,Matale,Kandy,category-sorted-bijection-v1,provider-map-v1
P110005,P07145,CCTV,CCTV,Badulla,Colombo,category-sorted-bijection-v1,provider-map-v1
P110006,P07146,CCTV,CCTV,Matara,Kandy,category-sorted-bijection-v1,provider-map-v1
P110007,P07147,CCTV,CCTV,Badulla,Batticaloa,category-sorted-bijection-v1,provider-map-v1
P110008,P07148,CCTV,CCTV,Colombo,Kurunegala,category-sorted-bijection-v1,provider-map-v1
P110009,P07149,CCTV,CCTV,Gampaha,Matara,category-sorted-bijection-v1,provider-map-v1
P110010,P07150,CCTV,CCTV,Jaffna,Kandy,category-sorted-bijection-v1,provider-map-v1
P110011,P07151,CCTV,CCTV,Matara,Matara,category-sorted-bijection-v1,provider-map-v1
P110012,P07152,CCTV,CCTV,Nuwara Eliya,Batticaloa,category-sorted-bijection-v1,provider-map-v1
P110013,P07153,CCTV,CCTV,Matara,Anuradhapura,category-sorted-bijection-v1,provider-map-v1
P110014,P07154,CCTV,CCTV,Colombo,Jaffna,category-sorted-bijection-v1,provider-map-v1
P110015,P07155,CCTV,CCTV,Galle,Matara,category-sorted-bijection-v1,provider-map-v1
P110016,P07156,CCTV,CCTV,Gampaha,Jaffna,category-sorted-bijection-v1,provider-map-v1
P110017,P07157,CCTV,CCTV,Colombo,Jaffna,category-sorted-bijection-v1,provider-map-v1
P110018,P07158,CCTV,CCTV,Batticaloa,Colombo,category-sorted-bijection-v1,provider-map-v1
P110019,P07159,CCTV,CCTV,Badulla,Kalutara,category-sorted-bijection-v1,provider-map-v1
P110020,P07160,CCTV,CCTV,Badulla,Jaffna,category-sorted-bijection-v1,provider-map-v1
P110021,P07161,CCTV,CCTV,Badulla,Kurunegala,category-sorted-bijection-v1,provider-map-v1
P110022,P07162,CCTV,CCTV,Jaffna,Anuradhapura,category-sorted-bijection-v1,provider-map-v1
P110023,P07163,CCTV,CCTV,Jaffna,Batticaloa,category-sorted-bijection-v1,provider-map-v1
P110024,P07164,CCTV,CCTV,Nuwara Eliya,Galle,category-sorted-bijection-v1,provider-map-v1
P110025,P07165,CCTV,CCTV,Jaffna,Colombo,category-sorted-bijection-v1,provider-map-v1
P110026,P07166,CCTV,CCTV,Ratnapura,Kandy,category-sorted-bijection-v1,provider-map-v1
P110027,P07167,CCTV,CCTV,Gampaha,Kurunegala,category-sorted-bijection-v1,provider-map-v1
P110028,P07168,CCTV,CCTV,Jaffna,Anuradhapura,category-sorted-bijection-v1,provider-map-v1
P110029,P07169,CCTV,CCTV,Batticaloa,Batticaloa,category-sorted-bijection-v1,provider-map-v1
P110030,P07170,CCTV,CCTV,Kurunegala,Anuradhapura,category-sorted-bijection-v1,provider-map-v1
P110031,P07171,CCTV,CCTV,Colombo,Matara,category-sorted-bijection-v1,provider-map-v1
P110032,P07172,CCTV,CCTV,Kalutara,Kandy,category-sorted-bijection-v1,provider-map-v1
P110033,P07173,CCTV,CCTV,Kurunegala,Gampaha,category-sorted-bijection-v1,provider-map-v1
P110034,P07174,CCTV,CCTV,Batticaloa,Batticaloa,category-sorted-bijection-v1,provider-map-v1
P110035,P07175,CCTV,CCTV,Matale,Anuradhapura,category-sorted-bijection-v1,provider-map-v1
P110036,P07176,CCTV,CCTV,Nuwara Eliya,Kalutara,category-sorted-bijection-v1,provider-map-v1
P110037,P07177,CCTV,CCTV,Kandy,Galle,category-sorted-bijection-v1,provider-map-v1
P110038,P07178,CCTV,CCTV,Matale,Matara,category-sorted-bijection-v1,provider-map-v1
P110039,P07179,CCTV,CCTV,Kurunegala,Matara,category-sorted-bijection-v1,provider-map-v1
P110040,P07180,CCTV,CCTV,Jaffna,Anuradhapura,category-sorted-bijection-v1,provider-map-v1
P110041,P07181,CCTV,CCTV,Jaffna,Kalutara,category-sorted-bijection-v1,provider-map-v1
P110042,P07182,CCTV,CCTV,Kandy,Kurunegala,category-sorted-bijection-v1,provider-map-v1
P110043,P07183,CCTV,CCTV,Kalutara,Matara,category-sorted-bijection-v1,provider-map-v1
P110044,P07184,CCTV,CCTV,Kandy,Jaffna,category-sorted-bijection-v1,provider-map-v1
P110045,P07185,CCTV,CCTV,Badulla,Colombo,category-sorted-bijection-v1,provider-map-v1
P110046,P07186,CCTV,CCTV,Gampaha,Kurunegala,category-sorted-bijection-v1,provider-map-v1
P110047,P07187,CCTV,CCTV,Colombo,Colombo,category-sorted-bijection-v1,provider-map-v1
P110048,P07188,CCTV,CCTV,Colombo,Jaffna,category-sorted-bijection-v1,provider-map-v1
P110049,P07189,CCTV,CCTV,Jaffna,Batticaloa,category-sorted-bijection-v1,provider-map-v1
P110050,P07190,CCTV,CCTV,Ratnapura,Kalutara,category-sorted-bijection-v1,provider-map-v1
P110051,P07191,CCTV,CCTV,Galle,Colombo,category-sorted-bijection-v1,provider-map-v1
P110052,P07192,CCTV,CCTV,Galle,Colombo,category-sorted-bijection-v1,provider-map-v1
P110053,P07193,CCTV,CCTV,Ratnapura,Kalutara,category-sorted-bijection-v1,provider-map-v1
P110054,P07194,CCTV,CCTV,Matara,Kurunegala,category-sorted-bijection-v1,provider-map-v1
P110055,P07195,CCTV,CCTV,Kandy,Jaffna,category-sorted-bijection-v1,provider-map-v1
P110056,P07196,CCTV,CCTV,Jaffna,Matara,category-sorted-bijection-v1,provider-map-v1
P110057,P07197,CCTV,CCTV,Badulla,Gampaha,category-sorted-bijection-v1,provider-map-v1
P110058,P07198,CCTV,CCTV,Badulla,Batticaloa,category-sorted-bijection-v1,provider-map-v1
P110059,P07199,CCTV,CCTV,Batticaloa,Anuradhapura,category-sorted-bijection-v1,provider-map-v1
P110060,P07200,CCTV,CCTV,Kurunegala,Batticaloa,category-sorted-bijection-v1,provider-map-v1
P110061,P07201,CCTV,CCTV,Ratnapura,Jaffna,category-sorted-bijection-v1,provider-map-v1
P110062,P07202,CCTV,CCTV,Colombo,Gampaha,category-sorted-bijection-v1,provider-map-v1
P110063,P07203,CCTV,CCTV,Kandy,Matara,category-sorted-bijection-v1,provider-map-v1
P110064,P07204,CCTV,CCTV,Batticaloa,Anuradhapura,category-sorted-bijection-v1,provider-map-v1
P110065,P07205,CCTV,CCTV,Jaffna,Colombo,category-sorted-bijection-v1,provider-map-v1
P110066,P07206,CCTV,CCTV,Matale,Gampaha,category-sorted-bijection-v1,provider-map-v1
P110067,P07207,CCTV,CCTV,Kandy,Colombo,category-sorted-bijection-v1,provider-map-v1
P110068,P07208,CCTV,CCTV,Batticaloa,Matara,category-sorted-bijection-v1,provider-map-v1
P110069,P07209,CCTV,CCTV,Jaffna,Gampaha,category-sorted-bijection-v1,provider-map-v1
P110070,P07210,CCTV,CCTV,Badulla,Matara,category-sorted-bijection-v1,provider-map-v1
P110071,P07211,CCTV,CCTV,Batticaloa,Gampaha,category-sorted-bijection-v1,provider-map-v1
P110072,P07212,CCTV,CCTV,Kandy,Kurunegala,category-sorted-bijection-v1,provider-map-v1
P110073,P07213,CCTV,CCTV,Colombo,Gampaha,category-sorted-bijection-v1,provider-map-v1
P110074,P07214,CCTV,CCTV,Nuwara Eliya,Matara,category-sorted-bijection-v1,provider-map-v1
P110075,P07215,CCTV,CCTV,Colombo,Kurunegala,category-sorted-bijection-v1,provider-map-v1
P110076,P07216,CCTV,CCTV,Gampaha,Kandy,category-sorted-bijection-v1,provider-map-v1
P110077,P07217,CCTV,CCTV,Anuradhapura,Kurunegala,category-sorted-bijection-v1,provider-map-v1
P110078,P07218,CCTV,CCTV,Kandy,Kurunegala,category-sorted-bijection-v1,provider-map-v1
P110079,P07219,CCTV,CCTV,Galle,Kurunegala,category-sorted-bijection-v1,provider-map-v1
P110080,P07220,CCTV,CCTV,Colombo,Kandy,category-sorted-bijection-v1,provider-map-v1
P110081,P07221,CCTV,CCTV,Colombo,Kandy,category-sorted-bijection-v1,provider-map-v1
P110082,P07222,CCTV,CCTV,Kalutara,Galle,category-sorted-bijection-v1,provider-map-v1
P110083,P07223,CCTV,CCTV,Matale,Anuradhapura,category-sorted-bijection-v1,provider-map-v1
P110084,P07224,CCTV,CCTV,Galle,Colombo,category-sorted-bijection-v1,provider-map-v1
P110085,P07225,CCTV,CCTV,Badulla,Anuradhapura,category-sorted-bijection-v1,provider-map-v1
P110086,P07226,CCTV,CCTV,Kandy,Jaffna,category-sorted-bijection-v1,provider-map-v1
P110087,P07227,CCTV,CCTV,Galle,Gampaha,category-sorted-bijection-v1,provider-map-v1
P110088,P07228,CCTV,CCTV,Batticaloa,Galle,category-sorted-bijection-v1,provider-map-v1
P110089,P07229,CCTV,CCTV,Gampaha,Colombo,category-sorted-bijection-v1,provider-map-v1
P110090,P07230,CCTV,CCTV,Anuradhapura,Matara,category-sorted-bijection-v1,provider-map-v1
P110091,P07231,CCTV,CCTV,Galle,Gampaha,category-sorted-bijection-v1,provider-map-v1
P110092,P07232,CCTV,CCTV,Ratnapura,Jaffna,category-sorted-bijection-v1,provider-map-v1
P110093,P07233,CCTV,CCTV,Matara,Gampaha,category-sorted-bijection-v1,provider-map-v1
P110094,P07234,CCTV,CCTV,Anuradhapura,Kalutara,category-sorted-bijection-v1,provider-map-v1
P110095,P07235,CCTV,CCTV,Kalutara,Gampaha,category-sorted-bijection-v1,provider-map-v1
P110096,P07236,CCTV,CCTV,Kalutara,Anuradhapura,category-sorted-bijection-v1,provider-map-v1
P110097,P07237,CCTV,CCTV,Gampaha,Jaffna,category-sorted-bijection-v1,provider-map-v1
P110098,P07238,CCTV,CCTV,Nuwara Eliya,Matara,category-sorted-bijection-v1,provider-map-v1
P110099,P07239,CCTV,CCTV,Kurunegala,Matara,category-sorted-bijection-v1,provider-map-v1
P110100,P07240,CCTV,CCTV,Nuwara Eliya,Kurunegala,category-sorted-bijection-v1,provider-map-v1
P110101,P07241,CCTV,CCTV,Jaffna,Anuradhapura,category-sorted-bijection-v1,provider-map-v1
P110102,P07242,CCTV,CCTV,Ratnapura,Matara,category-sorted-bijection-v1,provider-map-v1
P110103,P07243,CCTV,CCTV,Kandy,Anuradhapura,category-sorted-bijection-v1,provider-map-v1
P110104,P07244,CCTV,CCTV,Nuwara Eliya,Colombo,category-sorted-bijection-v1,provider-map-v1
P110105,P07245,CCTV,CCTV,Ratnapura,Batticaloa,category-sorted-bijection-v1,provider-map-v1
P110106,P07246,CCTV,CCTV,Batticaloa,Matara,category-sorted-bijection-v1,provider-map-v1
P110107,P07247,CCTV,CCTV,Kurunegala,Colombo,category-sorted-bijection-v1,provider-map-v1
P110108,P07248,CCTV,CCTV,Matara,Gampaha,category-sorted-bijection-v1,provider-map-v1
P110109,P07249,CCTV,CCTV,Gampaha,Jaffna,category-sorted-bijection-v1,provider-map-v1
P110110,P07250,CCTV,CCTV,Colombo,Matara,category-sorted-bijection-v1,provider-map-v1
P110111,P07251,CCTV,CCTV,Galle,Colombo,category-sorted-bijection-v1,provider-map-v1
P110112,P07252,CCTV,CCTV,Jaffna,Kandy,category-sorted-bijection-v1,provider-map-v1
P110113,P07253,CCTV,CCTV,Anuradhapura,Jaffna,category-sorted-bijection-v1,provider-map-v1
P110114,P07254,CCTV,CCTV,Nuwara Eliya,Matara,category-sorted-bijection-v1,provider-map-v1
P110115,P07255,CCTV,CCTV,Badulla,Colombo,category-sorted-bijection-v1,provider-map-v1
P110116,P07256,CCTV,CCTV,Kalutara,Matara,category-sorted-bijection-v1,provider-map-v1
P110117,P07257,CCTV,CCTV,Batticaloa,Colombo,category-sorted-bijection-v1,provider-map-v1
P110118,P07258,CCTV,CCTV,Colombo,Jaffna,category-sorted-bijection-v1,provider-map-v1
P110119,P07259,CCTV,CCTV,Badulla,Galle,category-sorted-bijection-v1,provider-map-v1
P110120,P07260,CCTV,CCTV,Batticaloa,Anuradhapura,category-sorted-bijection-v1,provider-map-v1
P110121,P07261,CCTV,CCTV,Matale,Gampaha,category-sorted-bijection-v1,provider-map-v1
P110122,P07262,CCTV,CCTV,Kandy,Matara,category-sorted-bijection-v1,provider-map-v1
P110123,P07263,CCTV,CCTV,Badulla,Gampaha,category-sorted-bijection-v1,provider-map-v1
P110124,P07264,CCTV,CCTV,Kurunegala,Colombo,category-sorted-bijection-v1,provider-map-v1
P110125,P07265,CCTV,CCTV,Matara,Galle,category-sorted-bijection-v1,provider-map-v1
P110126,P07266,CCTV,CCTV,Matara,Matara,category-sorted-bijection-v1,provider-map-v1
P110127,P07267,CCTV,CCTV,Batticaloa,Kalutara,category-sorted-bijection-v1,provider-map-v1
P110128,P07268,CCTV,CCTV,Colombo,Anuradhapura,category-sorted-bijection-v1,provider-map-v1
P110129,P07269,CCTV,CCTV,Kalutara,Matara,category-sorted-bijection-v1,provider-map-v1
P110130,P07270,CCTV,CCTV,Batticaloa,Colombo,category-sorted-bijection-v1,provider-map-v1
P110131,P07271,CCTV,CCTV,Gampaha,Kandy,category-sorted-bijection-v1,provider-map-v1
P110132,P07272,CCTV,CCTV,Batticaloa,Kandy,category-sorted-bijection-v1,provider-map-v1
P110133,P07273,CCTV,CCTV,Badulla,Matara,category-sorted-bijection-v1,provider-map-v1
P110134,P07274,CCTV,CCTV,Kalutara,Matara,category-sorted-bijection-v1,provider-map-v1
P110135,P07275,CCTV,CCTV,Kalutara,Anuradhapura,category-sorted-bijection-v1,provider-map-v1
P110136,P07276,CCTV,CCTV,Kurunegala,Anuradhapura,category-sorted-bijection-v1,provider-map-v1
P110137,P07277,CCTV,CCTV,Jaffna,Galle,category-sorted-bijection-v1,provider-map-v1
P110138,P07278,CCTV,CCTV,Gampaha,Matara,category-sorted-bijection-v1,provider-map-v1
P110139,P07279,CCTV,CCTV,Batticaloa,Kandy,category-sorted-bijection-v1,provider-map-v1
P110140,P07280,CCTV,CCTV,Kandy,Matara,category-sorted-bijection-v1,provider-map-v1
P110141,P07281,CCTV,CCTV,Kalutara,Colombo,category-sorted-bijection-v1,provider-map-v1
P110142,P07282,CCTV,CCTV,Galle,Matara,category-sorted-bijection-v1,provider-map-v1
P110143,P07283,CCTV,CCTV,Batticaloa,Kurunegala,category-sorted-bijection-v1,provider-map-v1
P110144,P07284,CCTV,CCTV,Matara,Kandy,category-sorted-bijection-v1,provider-map-v1
P110145,P07285,CCTV,CCTV,Gampaha,Jaffna,category-sorted-bijection-v1,provider-map-v1
P110146,P07286,CCTV,CCTV,Ratnapura,Jaffna,category-sorted-bijection-v1,provider-map-v1
P110147,P07287,CCTV,CCTV,Matara,Jaffna,category-sorted-bijection-v1,provider-map-v1
P110148,P07288,CCTV,CCTV,Galle,Kurunegala,category-sorted-bijection-v1,provider-map-v1
P110149,P07289,CCTV,CCTV,Colombo,Colombo,category-sorted-bijection-v1,provider-map-v1
P110150,P07290,CCTV,CCTV,Kandy,Kurunegala,category-sorted-bijection-v1,provider-map-v1
P110151,P07291,CCTV,CCTV,Matara,Kalutara,category-sorted-bijection-v1,provider-map-v1
P110152,P07292,CCTV,CCTV,Badulla,Anuradhapura,category-sorted-bijection-v1,provider-map-v1
P110153,P07293,CCTV,CCTV,Kandy,Gampaha,category-sorted-bijection-v1,provider-map-v1
P110154,P07294,CCTV,CCTV,Kalutara,Matara,category-sorted-bijection-v1,provider-map-v1
P110155,P07295,CCTV,CCTV,Kurunegala,Galle,category-sorted-bijection-v1,provider-map-v1
P110156,P07296,CCTV,CCTV,Kandy,Galle,category-sorted-bijection-v1,provider-map-v1
P110157,P07297,CCTV,CCTV,Colombo,Anuradhapura,category-sorted-bijection-v1,provider-map-v1
P110158,P07298,CCTV,CCTV,Matale,Galle,category-sorted-bijection-v1,provider-map-v1
P110159,P07299,CCTV,CCTV,Matara,Kandy,category-sorted-bijection-v1,provider-map-v1
P110160,P07300,CCTV,CCTV,Jaffna,Kandy,category-sorted-bijection-v1,provider-map-v1
P110161,P07301,CCTV,CCTV,Matale,Galle,category-sorted-bijection-v1,provider-map-v1
P110162,P07302,CCTV,CCTV,Anuradhapura,Kurunegala,category-sorted-bijection-v1,provider-map-v1
P110163,P07303,CCTV,CCTV,Kandy,Kurunegala,category-sorted-bijection-v1,provider-map-v1
P110164,P07304,CCTV,CCTV,Kalutara,Matara,category-sorted-bijection-v1,provider-map-v1
P110165,P07305,CCTV,CCTV,Kalutara,Batticaloa,category-sorted-bijection-v1,provider-map-v1
P110166,P07306,CCTV,CCTV,Batticaloa,Matara,category-sorted-bijection-v1,provider-map-v1
P110167,P07307,CCTV,CCTV,Batticaloa,Jaffna,category-sorted-bijection-v1,provider-map-v1
P110168,P07308,CCTV,CCTV,Galle,Gampaha,category-sorted-bijection-v1,provider-map-v1
P110169,P07309,CCTV,CCTV,Matara,Batticaloa,category-sorted-bijection-v1,provider-map-v1
P110170,P07310,CCTV,CCTV,Ratnapura,Anuradhapura,category-sorted-bijection-v1,provider-map-v1
P110171,P07311,CCTV,CCTV,Jaffna,Batticaloa,category-sorted-bijection-v1,provider-map-v1
P110172,P07312,CCTV,CCTV,Anuradhapura,Colombo,category-sorted-bijection-v1,provider-map-v1
P110173,P07313,CCTV,CCTV,Ratnapura,Kalutara,category-sorted-bijection-v1,provider-map-v1
P110174,P07314,CCTV,CCTV,Anuradhapura,Kurunegala,category-sorted-bijection-v1,provider-map-v1
P110175,P07315,CCTV,CCTV,Kalutara,Batticaloa,category-sorted-bijection-v1,provider-map-v1
P110176,P07316,CCTV,CCTV,Batticaloa,Anuradhapura,category-sorted-bijection-v1,provider-map-v1
P110177,P07317,CCTV,CCTV,Nuwara Eliya,Kalutara,category-sorted-bijection-v1,provider-map-v1
P110178,P07318,CCTV,CCTV,Colombo,Gampaha,category-sorted-bijection-v1,provider-map-v1
P110179,P07319,CCTV,CCTV,Ratnapura,Anuradhapura,category-sorted-bijection-v1,provider-map-v1
P110180,P07320,CCTV,CCTV,Nuwara Eliya,Galle,category-sorted-bijection-v1,provider-map-v1
P110181,P07321,CCTV,CCTV,Matale,Kalutara,category-sorted-bijection-v1,provider-map-v1
P110182,P07322,CCTV,CCTV,Anuradhapura,Anuradhapura,category-sorted-bijection-v1,provider-map-v1
P110183,P07323,CCTV,CCTV,Gampaha,Kandy,category-sorted-bijection-v1,provider-map-v1
P110184,P07324,CCTV,CCTV,Matale,Anuradhapura,category-sorted-bijection-v1,provider-map-v1
P110185,P07325,CCTV,CCTV,Badulla,Matara,category-sorted-bijection-v1,provider-map-v1
P110186,P07326,CCTV,CCTV,Anuradhapura,Colombo,category-sorted-bijection-v1,provider-map-v1
P110187,P07327,CCTV,CCTV,Badulla,Jaffna,category-sorted-bijection-v1,provider-map-v1
P110188,P07328,CCTV,CCTV,Kurunegala,Kandy,category-sorted-bijection-v1,provider-map-v1
P110189,P07329,CCTV,CCTV,Kalutara,Anuradhapura,category-sorted-bijection-v1,provider-map-v1
P110190,P07330,CCTV,CCTV,Kandy,Batticaloa,category-sorted-bijection-v1,provider-map-v1
P110191,P07331,CCTV,CCTV,Colombo,Kalutara,category-sorted-bijection-v1,provider-map-v1
P110192,P07332,CCTV,CCTV,Kalutara,Kandy,category-sorted-bijection-v1,provider-map-v1
P110193,P07333,CCTV,CCTV,Galle,Kandy,category-sorted-bijection-v1,provider-map-v1
P110194,P07334,CCTV,CCTV,Kurunegala,Kandy,category-sorted-bijection-v1,provider-map-v1
P110195,P07335,CCTV,CCTV,Kurunegala,Colombo,category-sorted-bijection-v1,provider-map-v1
P110196,P07336,CCTV,CCTV,Jaffna,Batticaloa,category-sorted-bijection-v1,provider-map-v1
P110197,P07337,CCTV,CCTV,Kalutara,Galle,category-sorted-bijection-v1,provider-map-v1
P110198,P07338,CCTV,CCTV,Ratnapura,Kurunegala,category-sorted-bijection-v1,provider-map-v1
P110199,P07339,CCTV,CCTV,Matara,Matara,category-sorted-bijection-v1,provider-map-v1
P110200,P07340,CCTV,CCTV,Anuradhapura,Kurunegala,category-sorted-bijection-v1,provider-map-v1
P110201,P07341,CCTV,CCTV,Matale,Galle,category-sorted-bijection-v1,provider-map-v1
P110202,P07342,CCTV,CCTV,Anuradhapura,Batticaloa,category-sorted-bijection-v1,provider-map-v1
P110203,P07343,CCTV,CCTV,Colombo,Kurunegala,category-sorted-bijection-v1,provider-map-v1
P110204,P07344,CCTV,CCTV,Colombo,Jaffna,category-sorted-bijection-v1,provider-map-v1
P110205,P07345,CCTV,CCTV,Matara,Anuradhapura,category-sorted-bijection-v1,provider-map-v1
P110206,P07346,CCTV,CCTV,Anuradhapura,Kalutara,category-sorted-bijection-v1,provider-map-v1
P110207,P07347,CCTV,CCTV,Colombo,Galle,category-sorted-bijection-v1,provider-map-v1
P110208,P07348,CCTV,CCTV,Ratnapura,Colombo,category-sorted-bijection-v1,provider-map-v1
P110209,P07349,CCTV,CCTV,Badulla,Anuradhapura,category-sorted-bijection-v1,provider-map-v1
P110210,P07350,CCTV,CCTV,Matale,Matara,category-sorted-bijection-v1,provider-map-v1
P110211,P07351,CCTV,CCTV,Galle,Kalutara,category-sorted-bijection-v1,provider-map-v1
P110212,P07352,CCTV,CCTV,Batticaloa,Matara,category-sorted-bijection-v1,provider-map-v1
P110213,P07353,CCTV,CCTV,Matale,Anuradhapura,category-sorted-bijection-v1,provider-map-v1
P110214,P07354,CCTV,CCTV,Ratnapura,Kalutara,category-sorted-bijection-v1,provider-map-v1
P110215,P07355,CCTV,CCTV,Badulla,Batticaloa,category-sorted-bijection-v1,provider-map-v1
P110216,P07356,CCTV,CCTV,Nuwara Eliya,Galle,category-sorted-bijection-v1,provider-map-v1
P110217,P07357,CCTV,CCTV,Gampaha,Matara,category-sorted-bijection-v1,provider-map-v1
P110218,P07358,CCTV,CCTV,Kandy,Gampaha,category-sorted-bijection-v1,provider-map-v1
P110219,P07359,CCTV,CCTV,Matara,Kalutara,category-sorted-bijection-v1,provider-map-v1
P110220,P07360,CCTV,CCTV,Badulla,Batticaloa,category-sorted-bijection-v1,provider-map-v1
P110221,P07361,CCTV,CCTV,Jaffna,Batticaloa,category-sorted-bijection-v1,provider-map-v1
P110222,P07362,CCTV,CCTV,Nuwara Eliya,Jaffna,category-sorted-bijection-v1,provider-map-v1
P110223,P07363,CCTV,CCTV,Kurunegala,Galle,category-sorted-bijection-v1,provider-map-v1
P110224,P07364,CCTV,CCTV,Galle,Matara,category-sorted-bijection-v1,provider-map-v1
P110225,P07365,CCTV,CCTV,Badulla,Batticaloa,category-sorted-bijection-v1,provider-map-v1
P110226,P07366,CCTV,CCTV,Matale,Jaffna,category-sorted-bijection-v1,provider-map-v1
P110227,P07367,CCTV,CCTV,Galle,Jaffna,category-sorted-bijection-v1,provider-map-v1
P110228,P07368,CCTV,CCTV,Anuradhapura,Anuradhapura,category-sorted-bijection-v1,provider-map-v1
P110229,P07369,CCTV,CCTV,Kandy,Jaffna,category-sorted-bijection-v1,provider-map-v1
P110230,P07370,CCTV,CCTV,Kandy,Gampaha,category-sorted-bijection-v1,provider-map-v1
P110231,P07371,CCTV,CCTV,Ratnapura,Jaffna,category-sorted-bijection-v1,provider-map-v1
P110232,P07372,CCTV,CCTV,Matara,Galle,category-sorted-bijection-v1,provider-map-v1
P110233,P07373,CCTV,CCTV,Jaffna,Kurunegala,category-sorted-bijection-v1,provider-map-v1
P110234,P07374,CCTV,CCTV,Kalutara,Matara,category-sorted-bijection-v1,provider-map-v1
P110235,P07375,CCTV,CCTV,Jaffna,Kalutara,category-sorted-bijection-v1,provider-map-v1
P110236,P07376,CCTV,CCTV,Matara,Batticaloa,category-sorted-bijection-v1,provider-map-v1
P110237,P07377,CCTV,CCTV,Gampaha,Gampaha,category-sorted-bijection-v1,provider-map-v1
P110238,P07378,CCTV,CCTV,Kalutara,Matara,category-sorted-bijection-v1,provider-map-v1
P110239,P07379,CCTV,CCTV,Kandy,Anuradhapura,category-sorted-bijection-v1,provider-map-v1
P110240,P07380,CCTV,CCTV,Kandy,Jaffna,category-sorted-bijection-v1,provider-map-v1
P110241,P07381,CCTV,CCTV,Ratnapura,Batticaloa,category-sorted-bijection-v1,provider-map-v1
P110242,P07382,CCTV,CCTV,Galle,Batticaloa,category-sorted-bijection-v1,provider-map-v1
P110243,P07383,CCTV,CCTV,Nuwara Eliya,Jaffna,category-sorted-bijection-v1,provider-map-v1
P110244,P07384,CCTV,CCTV,Kalutara,Kandy,category-sorted-bijection-v1,provider-map-v1
P110245,P07385,CCTV,CCTV,Anuradhapura,Kandy,category-sorted-bijection-v1,provider-map-v1
P110246,P07386,CCTV,CCTV,Batticaloa,Kalutara,category-sorted-bijection-v1,provider-map-v1
P110247,P07387,CCTV,CCTV,Matale,Kandy,category-sorted-bijection-v1,provider-map-v1
P110248,P07388,CCTV,CCTV,Matara,Jaffna,category-sorted-bijection-v1,provider-map-v1
P110249,P07389,CCTV,CCTV,Kandy,Gampaha,category-sorted-bijection-v1,provider-map-v1
P110250,P07390,CCTV,CCTV,Anuradhapura,Jaffna,category-sorted-bijection-v1,provider-map-v1
P110251,P07391,CCTV,CCTV,Colombo,Kandy,category-sorted-bijection-v1,provider-map-v1
P110252,P07392,CCTV,CCTV,Gampaha,Gampaha,category-sorted-bijection-v1,provider-map-v1
P110253,P07393,CCTV,CCTV,Colombo,Kandy,category-sorted-bijection-v1,provider-map-v1
P110254,P07394,CCTV,CCTV,Kandy,Kalutara,category-sorted-bijection-v1,provider-map-v1
P110255,P07395,CCTV,CCTV,Batticaloa,Kandy,category-sorted-bijection-v1,provider-map-v1
P110256,P07396,CCTV,CCTV,Matara,Galle,category-sorted-bijection-v1,provider-map-v1
P110257,P07397,CCTV,CCTV,Kurunegala,Anuradhapura,category-sorted-bijection-v1,provider-map-v1
P110258,P07398,CCTV,CCTV,Badulla,Matara,category-sorted-bijection-v1,provider-map-v1
P110259,P07399,CCTV,CCTV,Ratnapura,Galle,category-sorted-bijection-v1,provider-map-v1
P110260,P07400,CCTV,CCTV,Anuradhapura,Kurunegala,category-sorted-bijection-v1,provider-map-v1
P110261,P07401,CCTV,CCTV,Matara,Kurunegala,category-sorted-bijection-v1,provider-map-v1
P110262,P07402,CCTV,CCTV,Matale,Anuradhapura,category-sorted-bijection-v1,provider-map-v1
P110263,P07403,CCTV,CCTV,Galle,Colombo,category-sorted-bijection-v1,provider-map-v1
P110264,P07404,CCTV,CCTV,Anuradhapura,Anuradhapura,category-sorted-bijection-v1,provider-map-v1
P110265,P07405,CCTV,CCTV,Ratnapura,Batticaloa,category-sorted-bijection-v1,provider-map-v1
P110266,P07406,CCTV,CCTV,Badulla,Kandy,category-sorted-bijection-v1,provider-map-v1
P110267,P07407,CCTV,CCTV,Kurunegala,Jaffna,category-sorted-bijection-v1,provider-map-v1
P110268,P07408,CCTV,CCTV,Anuradhapura,Anuradhapura,category-sorted-bijection-v1,provider-map-v1
P110269,P07409,CCTV,CCTV,Galle,Kurunegala,category-sorted-bijection-v1,provider-map-v1
P110270,P07410,CCTV,CCTV,Colombo,Kurunegala,category-sorted-bijection-v1,provider-map-v1
P110271,P07411,CCTV,CCTV,Kandy,Kurunegala,category-sorted-bijection-v1,provider-map-v1
P110272,P07412,CCTV,CCTV,Gampaha,Kandy,category-sorted-bijection-v1,provider-map-v1
P110273,P07413,CCTV,CCTV,Jaffna,Jaffna,category-sorted-bijection-v1,provider-map-v1
P110274,P07414,CCTV,CCTV,Ratnapura,Kalutara,category-sorted-bijection-v1,provider-map-v1
P110275,P07415,CCTV,CCTV,Matale,Kandy,category-sorted-bijection-v1,provider-map-v1
P110276,P07416,CCTV,CCTV,Kurunegala,Kandy,category-sorted-bijection-v1,provider-map-v1
P110277,P07417,CCTV,CCTV,Kalutara,Matara,category-sorted-bijection-v1,provider-map-v1
P110278,P07418,CCTV,CCTV,Badulla,Galle,category-sorted-bijection-v1,provider-map-v1
P110279,P07419,CCTV,CCTV,Matale,Galle,category-sorted-bijection-v1,provider-map-v1
P110280,P07420,CCTV,CCTV,Batticaloa,Kalutara,category-sorted-bijection-v1,provider-map-v1
P110281,P07421,CCTV,CCTV,Ratnapura,Galle,category-sorted-bijection-v1,provider-map-v1
P110282,P07422,CCTV,CCTV,Kurunegala,Batticaloa,category-sorted-bijection-v1,provider-map-v1
P110283,P07423,CCTV,CCTV,Jaffna,Gampaha,category-sorted-bijection-v1,provider-map-v1
P110284,P07424,CCTV,CCTV,Anuradhapura,Anuradhapura,category-sorted-bijection-v1,provider-map-v1
P110285,P07425,CCTV,CCTV,Kalutara,Galle,category-sorted-bijection-v1,provider-map-v1
P110286,P07426,CCTV,CCTV,Kurunegala,Kandy,category-sorted-bijection-v1,provider-map-v1
P110287,P07427,CCTV,CCTV,Kandy,Batticaloa,category-sorted-bijection-v1,provider-map-v1
P110288,P07428,CCTV,CCTV,Anuradhapura,Matara,category-sorted-bijection-v1,provider-map-v1
P110289,P07429,CCTV,CCTV,Colombo,Galle,category-sorted-bijection-v1,provider-map-v1
P110290,P07430,CCTV,CCTV,Badulla,Anuradhapura,category-sorted-bijection-v1,provider-map-v1
P110291,P07431,CCTV,CCTV,Jaffna,Anuradhapura,category-sorted-bijection-v1,provider-map-v1
P110292,P07432,CCTV,CCTV,Kurunegala,Gampaha,category-sorted-bijection-v1,provider-map-v1
P110293,P07433,CCTV,CCTV,Batticaloa,Gampaha,category-sorted-bijection-v1,provider-map-v1
P110294,P07434,CCTV,CCTV,Kalutara,Anuradhapura,category-sorted-bijection-v1,provider-map-v1
P110295,P07435,CCTV,CCTV,Nuwara Eliya,Anuradhapura,category-sorted-bijection-v1,provider-map-v1
P110296,P07436,CCTV,CCTV,Badulla,Anuradhapura,category-sorted-bijection-v1,provider-map-v1
P110297,P07437,CCTV,CCTV,Jaffna,Gampaha,category-sorted-bijection-v1,provider-map-v1
P110298,P07438,CCTV,CCTV,Kandy,Jaffna,category-sorted-bijection-v1,provider-map-v1
P110299,P07439,CCTV,CCTV,Galle,Galle,category-sorted-bijection-v1,provider-map-v1
P110300,P07440,CCTV,CCTV,Badulla,Batticaloa,category-sorted-bijection-v1,provider-map-v1
P110301,P07441,CCTV,CCTV,Nuwara Eliya,Jaffna,category-sorted-bijection-v1,provider-map-v1
P110302,P07442,CCTV,CCTV,Galle,Colombo,category-sorted-bijection-v1,provider-map-v1
P110303,P07443,CCTV,CCTV,Jaffna,Kalutara,category-sorted-bijection-v1,provider-map-v1
P110304,P07444,CCTV,CCTV,Colombo,Kandy,category-sorted-bijection-v1,provider-map-v1
P110305,P07445,CCTV,CCTV,Badulla,Kurunegala,category-sorted-bijection-v1,provider-map-v1
P110306,P07446,CCTV,CCTV,Nuwara Eliya,Kandy,category-sorted-bijection-v1,provider-map-v1
P110307,P07447,CCTV,CCTV,Batticaloa,Colombo,category-sorted-bijection-v1,provider-map-v1
P110308,P07448,CCTV,CCTV,Gampaha,Anuradhapura,category-sorted-bijection-v1,provider-map-v1
P110309,P07449,CCTV,CCTV,Kalutara,Matara,category-sorted-bijection-v1,provider-map-v1
P110310,P07450,CCTV,CCTV,Jaffna,Matara,category-sorted-bijection-v1,provider-map-v1
P110311,P07451,CCTV,CCTV,Jaffna,Batticaloa,category-sorted-bijection-v1,provider-map-v1
P110312,P07452,CCTV,CCTV,Ratnapura,Kalutara,category-sorted-bijection-v1,provider-map-v1
P110313,P07453,CCTV,CCTV,Badulla,Batticaloa,category-sorted-bijection-v1,provider-map-v1
P110314,P07454,CCTV,CCTV,Batticaloa,Matara,category-sorted-bijection-v1,provider-map-v1
P110315,P07455,CCTV,CCTV,Batticaloa,Kurunegala,category-sorted-bijection-v1,provider-map-v1
P110316,P07456,CCTV,CCTV,Kalutara,Kalutara,category-sorted-bijection-v1,provider-map-v1
P110317,P07457,CCTV,CCTV,Matara,Anuradhapura,category-sorted-bijection-v1,provider-map-v1
P110318,P07458,CCTV,CCTV,Kandy,Gampaha,category-sorted-bijection-v1,provider-map-v1
P110319,P07459,CCTV,CCTV,Matara,Jaffna,category-sorted-bijection-v1,provider-map-v1
P110320,P07460,CCTV,CCTV,Badulla,Gampaha,category-sorted-bijection-v1,provider-map-v1
P110321,P07461,CCTV,CCTV,Anuradhapura,Kandy,category-sorted-bijection-v1,provider-map-v1
P110322,P07462,CCTV,CCTV,Jaffna,Anuradhapura,category-sorted-bijection-v1,provider-map-v1
P110323,P07463,CCTV,CCTV,Kurunegala,Colombo,category-sorted-bijection-v1,provider-map-v1
P110324,P07464,CCTV,CCTV,Ratnapura,Colombo,category-sorted-bijection-v1,provider-map-v1
P110325,P07465,CCTV,CCTV,Badulla,Kandy,category-sorted-bijection-v1,provider-map-v1
P110326,P07466,CCTV,CCTV,Nuwara Eliya,Kandy,category-sorted-bijection-v1,provider-map-v1
P110327,P07467,CCTV,CCTV,Anuradhapura,Gampaha,category-sorted-bijection-v1,provider-map-v1
P110328,P07468,CCTV,CCTV,Matale,Colombo,category-sorted-bijection-v1,provider-map-v1
P110329,P07469,CCTV,CCTV,Kandy,Kurunegala,category-sorted-bijection-v1,provider-map-v1
P110330,P07470,CCTV,CCTV,Kurunegala,Gampaha,category-sorted-bijection-v1,provider-map-v1
P110331,P07471,CCTV,CCTV,Gampaha,Galle,category-sorted-bijection-v1,provider-map-v1
P110332,P07472,CCTV,CCTV,Galle,Kurunegala,category-sorted-bijection-v1,provider-map-v1
P110333,P07473,CCTV,CCTV,Batticaloa,Gampaha,category-sorted-bijection-v1,provider-map-v1
P110334,P07474,CCTV,CCTV,Galle,Gampaha,category-sorted-bijection-v1,provider-map-v1
P110335,P07475,CCTV,CCTV,Nuwara Eliya,Galle,category-sorted-bijection-v1,provider-map-v1
P110336,P07476,CCTV,CCTV,Gampaha,Kandy,category-sorted-bijection-v1,provider-map-v1
P110337,P07477,CCTV,CCTV,Kurunegala,Batticaloa,category-sorted-bijection-v1,provider-map-v1
P110338,P07478,CCTV,CCTV,Badulla,Galle,category-sorted-bijection-v1,provider-map-v1
P110339,P07479,CCTV,CCTV,Ratnapura,Anuradhapura,category-sorted-bijection-v1,provider-map-v1
P110340,P07480,CCTV,CCTV,Kandy,Jaffna,category-sorted-bijection-v1,provider-map-v1
P110341,P07481,CCTV,CCTV,Nuwara Eliya,Jaffna,category-sorted-bijection-v1,provider-map-v1
P110342,P07482,CCTV,CCTV,Badulla,Galle,category-sorted-bijection-v1,provider-map-v1
P110343,P07483,CCTV,CCTV,Colombo,Kurunegala,category-sorted-bijection-v1,provider-map-v1
P110344,P07484,CCTV,CCTV,Jaffna,Kurunegala,category-sorted-bijection-v1,provider-map-v1
P110345,P07485,CCTV,CCTV,Anuradhapura,Colombo,category-sorted-bijection-v1,provider-map-v1
P110346,P07486,CCTV,CCTV,Colombo,Jaffna,category-sorted-bijection-v1,provider-map-v1
P110347,P07487,CCTV,CCTV,Kandy,Kurunegala,category-sorted-bijection-v1,provider-map-v1
P110348,P07488,CCTV,CCTV,Matara,Kandy,category-sorted-bijection-v1,provider-map-v1
P110349,P07489,CCTV,CCTV,Badulla,Kalutara,category-sorted-bijection-v1,provider-map-v1
P110350,P07490,CCTV,CCTV,Kandy,Kandy,category-sorted-bijection-v1,provider-map-v1
P110351,P07491,CCTV,CCTV,Kurunegala,Colombo,category-sorted-bijection-v1,provider-map-v1
P110352,P07492,CCTV,CCTV,Matale,Kandy,category-sorted-bijection-v1,provider-map-v1
P110353,P07493,CCTV,CCTV,Anuradhapura,Galle,category-sorted-bijection-v1,provider-map-v1
P110354,P07494,CCTV,CCTV,Anuradhapura,Gampaha,category-sorted-bijection-v1,provider-map-v1
P110355,P07495,CCTV,CCTV,Batticaloa,Jaffna,category-sorted-bijection-v1,provider-map-v1
P110356,P07496,CCTV,CCTV,Anuradhapura,Batticaloa,category-sorted-bijection-v1,provider-map-v1
P110357,P07497,CCTV,CCTV,Nuwara Eliya,Colombo,category-sorted-bijection-v1,provider-map-v1
P120001,P07855,Wells,Wells,Nuwara Eliya,Batticaloa,category-sorted-bijection-v1,provider-map-v1
P120002,P07856,Wells,Wells,Nuwara Eliya,Matara,category-sorted-bijection-v1,provider-map-v1
P120003,P07857,Wells,Wells,Matale,Kalutara,category-sorted-bijection-v1,provider-map-v1
P120004,P07858,Wells,Wells,Kurunegala,Kalutara,category-sorted-bijection-v1,provider-map-v1
P120005,P07859,Wells,Wells,Nuwara Eliya,Matara,category-sorted-bijection-v1,provider-map-v1
P120006,P07860,Wells,Wells,Gampaha,Batticaloa,category-sorted-bijection-v1,provider-map-v1
P120007,P07861,Wells,Wells,Anuradhapura,Colombo,category-sorted-bijection-v1,provider-map-v1
P120008,P07862,Wells,Wells,Batticaloa,Jaffna,category-sorted-bijection-v1,provider-map-v1
P120009,P07863,Wells,Wells,Kurunegala,Jaffna,category-sorted-bijection-v1,provider-map-v1
P120010,P07864,Wells,Wells,Anuradhapura,Galle,category-sorted-bijection-v1,provider-map-v1
P120011,P07865,Wells,Wells,Matale,Kandy,category-sorted-bijection-v1,provider-map-v1
P120012,P07866,Wells,Wells,Kurunegala,Kurunegala,category-sorted-bijection-v1,provider-map-v1
P120013,P07867,Wells,Wells,Matale,Kandy,category-sorted-bijection-v1,provider-map-v1
P120014,P07868,Wells,Wells,Matale,Galle,category-sorted-bijection-v1,provider-map-v1
P120015,P07869,Wells,Wells,Batticaloa,Colombo,category-sorted-bijection-v1,provider-map-v1
P120016,P07870,Wells,Wells,Kalutara,Galle,category-sorted-bijection-v1,provider-map-v1
P120017,P07871,Wells,Wells,Ratnapura,Jaffna,category-sorted-bijection-v1,provider-map-v1
P120018,P07872,Wells,Wells,Ratnapura,Matara,category-sorted-bijection-v1,provider-map-v1
P120019,P07873,Wells,Wells,Matale,Batticaloa,category-sorted-bijection-v1,provider-map-v1
P120020,P07874,Wells,Wells,Kandy,Kandy,category-sorted-bijection-v1,provider-map-v1
P120021,P07875,Wells,Wells,Badulla,Galle,category-sorted-bijection-v1,provider-map-v1
P120022,P07876,Wells,Wells,Galle,Kurunegala,category-sorted-bijection-v1,provider-map-v1
P120023,P07877,Wells,Wells,Ratnapura,Galle,category-sorted-bijection-v1,provider-map-v1
P120024,P07878,Wells,Wells,Nuwara Eliya,Matara,category-sorted-bijection-v1,provider-map-v1
P120025,P07879,Wells,Wells,Kandy,Kalutara,category-sorted-bijection-v1,provider-map-v1
P120026,P07880,Wells,Wells,Matara,Anuradhapura,category-sorted-bijection-v1,provider-map-v1
P120027,P07881,Wells,Wells,Ratnapura,Kalutara,category-sorted-bijection-v1,provider-map-v1
P120028,P07882,Wells,Wells,Ratnapura,Kurunegala,category-sorted-bijection-v1,provider-map-v1
P120029,P07883,Wells,Wells,Nuwara Eliya,Jaffna,category-sorted-bijection-v1,provider-map-v1
P120030,P07884,Wells,Wells,Kurunegala,Kandy,category-sorted-bijection-v1,provider-map-v1
P120031,P07885,Wells,Wells,Nuwara Eliya,Batticaloa,category-sorted-bijection-v1,provider-map-v1
P120032,P07886,Wells,Wells,Anuradhapura,Batticaloa,category-sorted-bijection-v1,provider-map-v1
P120033,P07887,Wells,Wells,Kurunegala,Matara,category-sorted-bijection-v1,provider-map-v1
P120034,P07888,Wells,Wells,Ratnapura,Batticaloa,category-sorted-bijection-v1,provider-map-v1
P120035,P07889,Wells,Wells,Matale,Anuradhapura,category-sorted-bijection-v1,provider-map-v1
P120036,P07890,Wells,Wells,Ratnapura,Anuradhapura,category-sorted-bijection-v1,provider-map-v1
P120037,P07891,Wells,Wells,Matara,Jaffna,category-sorted-bijection-v1,provider-map-v1
P120038,P07892,Wells,Wells,Anuradhapura,Matara,category-sorted-bijection-v1,provider-map-v1
P120039,P07893,Wells,Wells,Colombo,Kandy,category-sorted-bijection-v1,provider-map-v1
P120040,P07894,Wells,Wells,Kurunegala,Kandy,category-sorted-bijection-v1,provider-map-v1
P120041,P07895,Wells,Wells,Matara,Matara,category-sorted-bijection-v1,provider-map-v1
P120042,P07896,Wells,Wells,Jaffna,Kurunegala,category-sorted-bijection-v1,provider-map-v1
P120043,P07897,Wells,Wells,Ratnapura,Jaffna,category-sorted-bijection-v1,provider-map-v1
P120044,P07898,Wells,Wells,Gampaha,Kalutara,category-sorted-bijection-v1,provider-map-v1
P120045,P07899,Wells,Wells,Matara,Kalutara,category-sorted-bijection-v1,provider-map-v1
P120046,P07900,Wells,Wells,Matale,Gampaha,category-sorted-bijection-v1,provider-map-v1
P120047,P07901,Wells,Wells,Galle,Batticaloa,category-sorted-bijection-v1,provider-map-v1
P120048,P07902,Wells,Wells,Badulla,Galle,category-sorted-bijection-v1,provider-map-v1
P120049,P07903,Wells,Wells,Nuwara Eliya,Colombo,category-sorted-bijection-v1,provider-map-v1
P120050,P07904,Wells,Wells,Kurunegala,Colombo,category-sorted-bijection-v1,provider-map-v1
P120051,P07905,Wells,Wells,Kurunegala,Kandy,category-sorted-bijection-v1,provider-map-v1
P120052,P07906,Wells,Wells,Kurunegala,Kurunegala,category-sorted-bijection-v1,provider-map-v1
P120053,P07907,Wells,Wells,Gampaha,Galle,category-sorted-bijection-v1,provider-map-v1
P120054,P07908,Wells,Wells,Matara,Colombo,category-sorted-bijection-v1,provider-map-v1
P120055,P07909,Wells,Wells,Matara,Jaffna,category-sorted-bijection-v1,provider-map-v1
P120056,P07910,Wells,Wells,Kandy,Jaffna,category-sorted-bijection-v1,provider-map-v1
P120057,P07911,Wells,Wells,Ratnapura,Anuradhapura,category-sorted-bijection-v1,provider-map-v1
P120058,P07912,Wells,Wells,Kandy,Matara,category-sorted-bijection-v1,provider-map-v1
P120059,P07913,Wells,Wells,Nuwara Eliya,Batticaloa,category-sorted-bijection-v1,provider-map-v1
P120060,P07914,Wells,Wells,Kurunegala,Jaffna,category-sorted-bijection-v1,provider-map-v1
P120061,P07915,Wells,Wells,Gampaha,Gampaha,category-sorted-bijection-v1,provider-map-v1
P120062,P07916,Wells,Wells,Batticaloa,Kalutara,category-sorted-bijection-v1,provider-map-v1
P120063,P07917,Wells,Wells,Jaffna,Batticaloa,category-sorted-bijection-v1,provider-map-v1
P120064,P07918,Wells,Wells,Nuwara Eliya,Kandy,category-sorted-bijection-v1,provider-map-v1
P120065,P07919,Wells,Wells,Kalutara,Jaffna,category-sorted-bijection-v1,provider-map-v1
P120066,P07920,Wells,Wells,Nuwara Eliya,Matara,category-sorted-bijection-v1,provider-map-v1
P120067,P07921,Wells,Wells,Matara,Matara,category-sorted-bijection-v1,provider-map-v1
P120068,P07922,Wells,Wells,Galle,Colombo,category-sorted-bijection-v1,provider-map-v1
P120069,P07923,Wells,Wells,Batticaloa,Kurunegala,category-sorted-bijection-v1,provider-map-v1
P120070,P07924,Wells,Wells,Matara,Kandy,category-sorted-bijection-v1,provider-map-v1
P120071,P07925,Wells,Wells,Galle,Gampaha,category-sorted-bijection-v1,provider-map-v1
P120072,P07926,Wells,Wells,Kurunegala,Kandy,category-sorted-bijection-v1,provider-map-v1
P120073,P07927,Wells,Wells,Anuradhapura,Kandy,category-sorted-bijection-v1,provider-map-v1
P120074,P07928,Wells,Wells,Anuradhapura,Matara,category-sorted-bijection-v1,provider-map-v1
P120075,P07929,Wells,Wells,Jaffna,Gampaha,category-sorted-bijection-v1,provider-map-v1
P120076,P07930,Wells,Wells,Galle,Gampaha,category-sorted-bijection-v1,provider-map-v1
P120077,P07931,Wells,Wells,Anuradhapura,Colombo,category-sorted-bijection-v1,provider-map-v1
P120078,P07932,Wells,Wells,Matara,Batticaloa,category-sorted-bijection-v1,provider-map-v1
P120079,P07933,Wells,Wells,Galle,Kurunegala,category-sorted-bijection-v1,provider-map-v1
P120080,P07934,Wells,Wells,Gampaha,Anuradhapura,category-sorted-bijection-v1,provider-map-v1
P120081,P07935,Wells,Wells,Batticaloa,Colombo,category-sorted-bijection-v1,provider-map-v1
P120082,P07936,Wells,Wells,Badulla,Colombo,category-sorted-bijection-v1,provider-map-v1
P120083,P07937,Wells,Wells,Badulla,Batticaloa,category-sorted-bijection-v1,provider-map-v1
P120084,P07938,Wells,Wells,Nuwara Eliya,Jaffna,category-sorted-bijection-v1,provider-map-v1
P120085,P07939,Wells,Wells,Gampaha,Kandy,category-sorted-bijection-v1,provider-map-v1
P120086,P07940,Wells,Wells,Anuradhapura,Anuradhapura,category-sorted-bijection-v1,provider-map-v1
P120087,P07941,Wells,Wells,Matara,Colombo,category-sorted-bijection-v1,provider-map-v1
P120088,P07942,Wells,Wells,Jaffna,Kurunegala,category-sorted-bijection-v1,provider-map-v1
P120089,P07943,Wells,Wells,Anuradhapura,Anuradhapura,category-sorted-bijection-v1,provider-map-v1
P120090,P07944,Wells,Wells,Ratnapura,Batticaloa,category-sorted-bijection-v1,provider-map-v1
P120091,P07945,Wells,Wells,Gampaha,Gampaha,category-sorted-bijection-v1,provider-map-v1
P120092,P07946,Wells,Wells,Colombo,Anuradhapura,category-sorted-bijection-v1,provider-map-v1
P120093,P07947,Wells,Wells,Matale,Anuradhapura,category-sorted-bijection-v1,provider-map-v1
P120094,P07948,Wells,Wells,Matale,Anuradhapura,category-sorted-bijection-v1,provider-map-v1
P120095,P07949,Wells,Wells,Batticaloa,Galle,category-sorted-bijection-v1,provider-map-v1
P120096,P07950,Wells,Wells,Badulla,Anuradhapura,category-sorted-bijection-v1,provider-map-v1
P120097,P07951,Wells,Wells,Colombo,Kandy,category-sorted-bijection-v1,provider-map-v1
P120098,P07952,Wells,Wells,Matale,Galle,category-sorted-bijection-v1,provider-map-v1
P120099,P07953,Wells,Wells,Gampaha,Colombo,category-sorted-bijection-v1,provider-map-v1
P120100,P07954,Wells,Wells,Matara,Kurunegala,category-sorted-bijection-v1,provider-map-v1
P120101,P07955,Wells,Wells,Gampaha,Batticaloa,category-sorted-bijection-v1,provider-map-v1
P120102,P07956,Wells,Wells,Galle,Kalutara,category-sorted-bijection-v1,provider-map-v1
P120103,P07957,Wells,Wells,Kalutara,Gampaha,category-sorted-bijection-v1,provider-map-v1
P120104,P07958,Wells,Wells,Matale,Matara,category-sorted-bijection-v1,provider-map-v1
P120105,P07959,Wells,Wells,Badulla,Kandy,category-sorted-bijection-v1,provider-map-v1
P120106,P07960,Wells,Wells,Batticaloa,Gampaha,category-sorted-bijection-v1,provider-map-v1
P120107,P07961,Wells,Wells,Ratnapura,Kurunegala,category-sorted-bijection-v1,provider-map-v1
P120108,P07962,Wells,Wells,Batticaloa,Gampaha,category-sorted-bijection-v1,provider-map-v1
P120109,P07963,Wells,Wells,Gampaha,Kalutara,category-sorted-bijection-v1,provider-map-v1
P120110,P07964,Wells,Wells,Kandy,Gampaha,category-sorted-bijection-v1,provider-map-v1
P120111,P07965,Wells,Wells,Kurunegala,Kalutara,category-sorted-bijection-v1,provider-map-v1
P120112,P07966,Wells,Wells,Matale,Kalutara,category-sorted-bijection-v1,provider-map-v1
P120113,P07967,Wells,Wells,Batticaloa,Anuradhapura,category-sorted-bijection-v1,provider-map-v1
P120114,P07968,Wells,Wells,Galle,Kandy,category-sorted-bijection-v1,provider-map-v1
P120115,P07969,Wells,Wells,Kurunegala,Kurunegala,category-sorted-bijection-v1,provider-map-v1
P120116,P07970,Wells,Wells,Nuwara Eliya,Batticaloa,category-sorted-bijection-v1,provider-map-v1
P120117,P07971,Wells,Wells,Badulla,Jaffna,category-sorted-bijection-v1,provider-map-v1
P120118,P07972,Wells,Wells,Anuradhapura,Anuradhapura,category-sorted-bijection-v1,provider-map-v1
P120119,P07973,Wells,Wells,Jaffna,Batticaloa,category-sorted-bijection-v1,provider-map-v1
P120120,P07974,Wells,Wells,Gampaha,Colombo,category-sorted-bijection-v1,provider-map-v1
P120121,P07975,Wells,Wells,Kurunegala,Batticaloa,category-sorted-bijection-v1,provider-map-v1
P120122,P07976,Wells,Wells,Kalutara,Gampaha,category-sorted-bijection-v1,provider-map-v1
P120123,P07977,Wells,Wells,Ratnapura,Colombo,category-sorted-bijection-v1,provider-map-v1
P120124,P07978,Wells,Wells,Anuradhapura,Galle,category-sorted-bijection-v1,provider-map-v1
P120125,P07979,Wells,Wells,Kurunegala,Colombo,category-sorted-bijection-v1,provider-map-v1
P120126,P07980,Wells,Wells,Batticaloa,Batticaloa,category-sorted-bijection-v1,provider-map-v1
P120127,P07981,Wells,Wells,Matale,Kurunegala,category-sorted-bijection-v1,provider-map-v1
P120128,P07982,Wells,Wells,Batticaloa,Galle,category-sorted-bijection-v1,provider-map-v1
P120129,P07983,Wells,Wells,Kandy,Kurunegala,category-sorted-bijection-v1,provider-map-v1
P120130,P07984,Wells,Wells,Jaffna,Jaffna,category-sorted-bijection-v1,provider-map-v1
P120131,P07985,Wells,Wells,Ratnapura,Kalutara,category-sorted-bijection-v1,provider-map-v1
P120132,P07986,Wells,Wells,Galle,Colombo,category-sorted-bijection-v1,provider-map-v1
P120133,P07987,Wells,Wells,Badulla,Jaffna,category-sorted-bijection-v1,provider-map-v1
P120134,P07988,Wells,Wells,Matale,Kalutara,category-sorted-bijection-v1,provider-map-v1
P120135,P07989,Wells,Wells,Kandy,Matara,category-sorted-bijection-v1,provider-map-v1
P120136,P07990,Wells,Wells,Batticaloa,Anuradhapura,category-sorted-bijection-v1,provider-map-v1
P120137,P07991,Wells,Wells,Colombo,Batticaloa,category-sorted-bijection-v1,provider-map-v1
P120138,P07992,Wells,Wells,Kurunegala,Kalutara,category-sorted-bijection-v1,provider-map-v1
P120139,P07993,Wells,Wells,Ratnapura,Gampaha,category-sorted-bijection-v1,provider-map-v1
P120140,P07994,Wells,Wells,Matale,Batticaloa,category-sorted-bijection-v1,provider-map-v1
P120141,P07995,Wells,Wells,Colombo,Kandy,category-sorted-bijection-v1,provider-map-v1
P120142,P07996,Wells,Wells,Matara,Anuradhapura,category-sorted-bijection-v1,provider-map-v1
P120143,P07997,Wells,Wells,Anuradhapura,Jaffna,category-sorted-bijection-v1,provider-map-v1
P120144,P07998,Wells,Wells,Ratnapura,Batticaloa,category-sorted-bijection-v1,provider-map-v1
P120145,P07999,Wells,Wells,Nuwara Eliya,Kandy,category-sorted-bijection-v1,provider-map-v1
P120146,P08000,Wells,Wells,Colombo,Colombo,category-sorted-bijection-v1,provider-map-v1
P120147,P08001,Wells,Wells,Colombo,Galle,category-sorted-bijection-v1,provider-map-v1
P120148,P08002,Wells,Wells,Galle,Batticaloa,category-sorted-bijection-v1,provider-map-v1
P120149,P08003,Wells,Wells,Jaffna,Kandy,category-sorted-bijection-v1,provider-map-v1
P120150,P08004,Wells,Wells,Kalutara,Galle,category-sorted-bijection-v1,provider-map-v1
P120151,P08005,Wells,Wells,Batticaloa,Batticaloa,category-sorted-bijection-v1,provider-map-v1
P120152,P08006,Wells,Wells,Galle,Kurunegala,category-sorted-bijection-v1,provider-map-v1
P120153,P08007,Wells,Wells,Galle,Gampaha,category-sorted-bijection-v1,provider-map-v1
P120154,P08008,Wells,Wells,Jaffna,Kalutara,category-sorted-bijection-v1,provider-map-v1
P120155,P08009,Wells,Wells,Batticaloa,Jaffna,category-sorted-bijection-v1,provider-map-v1
P120156,P08010,Wells,Wells,Gampaha,Kandy,category-sorted-bijection-v1,provider-map-v1
P120157,P08011,Wells,Wells,Anuradhapura,Kalutara,category-sorted-bijection-v1,provider-map-v1
P120158,P08012,Wells,Wells,Ratnapura,Kurunegala,category-sorted-bijection-v1,provider-map-v1
P120159,P08013,Wells,Wells,Batticaloa,Gampaha,category-sorted-bijection-v1,provider-map-v1
P120160,P08014,Wells,Wells,Kalutara,Matara,category-sorted-bijection-v1,provider-map-v1
P120161,P08015,Wells,Wells,Galle,Anuradhapura,category-sorted-bijection-v1,provider-map-v1
P120162,P08016,Wells,Wells,Kalutara,Kurunegala,category-sorted-bijection-v1,provider-map-v1
P120163,P08017,Wells,Wells,Jaffna,Matara,category-sorted-bijection-v1,provider-map-v1
P120164,P08018,Wells,Wells,Galle,Colombo,category-sorted-bijection-v1,provider-map-v1
P120165,P08019,Wells,Wells,Kurunegala,Kurunegala,category-sorted-bijection-v1,provider-map-v1
P120166,P08020,Wells,Wells,Badulla,Gampaha,category-sorted-bijection-v1,provider-map-v1
P120167,P08021,Wells,Wells,Nuwara Eliya,Kalutara,category-sorted-bijection-v1,provider-map-v1
P120168,P08022,Wells,Wells,Batticaloa,Gampaha,category-sorted-bijection-v1,provider-map-v1
P120169,P08023,Wells,Wells,Nuwara Eliya,Kurunegala,category-sorted-bijection-v1,provider-map-v1
P120170,P08024,Wells,Wells,Kurunegala,Anuradhapura,category-sorted-bijection-v1,provider-map-v1
P120171,P08025,Wells,Wells,Kandy,Kalutara,category-sorted-bijection-v1,provider-map-v1
P120172,P08026,Wells,Wells,Gampaha,Anuradhapura,category-sorted-bijection-v1,provider-map-v1
P120173,P08027,Wells,Wells,Kalutara,Kandy,category-sorted-bijection-v1,provider-map-v1
P120174,P08028,Wells,Wells,Colombo,Matara,category-sorted-bijection-v1,provider-map-v1
P120175,P08029,Wells,Wells,Kalutara,Kandy,category-sorted-bijection-v1,provider-map-v1
P120176,P08030,Wells,Wells,Kurunegala,Galle,category-sorted-bijection-v1,provider-map-v1
P120177,P08031,Wells,Wells,Kalutara,Colombo,category-sorted-bijection-v1,provider-map-v1
P120178,P08032,Wells,Wells,Matara,Kandy,category-sorted-bijection-v1,provider-map-v1
P120179,P08033,Wells,Wells,Colombo,Batticaloa,category-sorted-bijection-v1,provider-map-v1
P120180,P08034,Wells,Wells,Ratnapura,Gampaha,category-sorted-bijection-v1,provider-map-v1
P120181,P08035,Wells,Wells,Ratnapura,Batticaloa,category-sorted-bijection-v1,provider-map-v1
P120182,P08036,Wells,Wells,Galle,Colombo,category-sorted-bijection-v1,provider-map-v1
P120183,P08037,Wells,Wells,Gampaha,Anuradhapura,category-sorted-bijection-v1,provider-map-v1
P120184,P08038,Wells,Wells,Gampaha,Colombo,category-sorted-bijection-v1,provider-map-v1
P120185,P08039,Wells,Wells,Badulla,Galle,category-sorted-bijection-v1,provider-map-v1
P120186,P08040,Wells,Wells,Nuwara Eliya,Kalutara,category-sorted-bijection-v1,provider-map-v1
P120187,P08041,Wells,Wells,Matale,Kandy,category-sorted-bijection-v1,provider-map-v1
P120188,P08042,Wells,Wells,Galle,Gampaha,category-sorted-bijection-v1,provider-map-v1
P120189,P08043,Wells,Wells,Anuradhapura,Matara,category-sorted-bijection-v1,provider-map-v1
P120190,P08044,Wells,Wells,Badulla,Batticaloa,category-sorted-bijection-v1,provider-map-v1
P120191,P08045,Wells,Wells,Jaffna,Jaffna,category-sorted-bijection-v1,provider-map-v1
P120192,P08046,Wells,Wells,Kalutara,Galle,category-sorted-bijection-v1,provider-map-v1
P120193,P08047,Wells,Wells,Colombo,Anuradhapura,category-sorted-bijection-v1,provider-map-v1
P120194,P08048,Wells,Wells,Kurunegala,Jaffna,category-sorted-bijection-v1,provider-map-v1
P120195,P08049,Wells,Wells,Galle,Batticaloa,category-sorted-bijection-v1,provider-map-v1
P120196,P08050,Wells,Wells,Matale,Jaffna,category-sorted-bijection-v1,provider-map-v1
P120197,P08051,Wells,Wells,Batticaloa,Gampaha,category-sorted-bijection-v1,provider-map-v1
P120198,P08052,Wells,Wells,Kandy,Colombo,category-sorted-bijection-v1,provider-map-v1
P120199,P08053,Wells,Wells,Matale,Kurunegala,category-sorted-bijection-v1,provider-map-v1
P120200,P08054,Wells,Wells,Badulla,Gampaha,category-sorted-bijection-v1,provider-map-v1
P120201,P08055,Wells,Wells,Ratnapura,Jaffna,category-sorted-bijection-v1,provider-map-v1
P120202,P08056,Wells,Wells,Kandy,Kandy,category-sorted-bijection-v1,provider-map-v1
P120203,P08057,Wells,Wells,Colombo,Galle,category-sorted-bijection-v1,provider-map-v1
P120204,P08058,Wells,Wells,Batticaloa,Kurunegala,category-sorted-bijection-v1,provider-map-v1
P120205,P08059,Wells,Wells,Ratnapura,Kalutara,category-sorted-bijection-v1,provider-map-v1
P120206,P08060,Wells,Wells,Colombo,Anuradhapura,category-sorted-bijection-v1,provider-map-v1
P120207,P08061,Wells,Wells,Badulla,Gampaha,category-sorted-bijection-v1,provider-map-v1
P120208,P08062,Wells,Wells,Kandy,Batticaloa,category-sorted-bijection-v1,provider-map-v1
P120209,P08063,Wells,Wells,Nuwara Eliya,Gampaha,category-sorted-bijection-v1,provider-map-v1
P120210,P08064,Wells,Wells,Badulla,Kurunegala,category-sorted-bijection-v1,provider-map-v1
P120211,P08065,Wells,Wells,Anuradhapura,Galle,category-sorted-bijection-v1,provider-map-v1
P120212,P08066,Wells,Wells,Anuradhapura,Kandy,category-sorted-bijection-v1,provider-map-v1
P120213,P08067,Wells,Wells,Ratnapura,Gampaha,category-sorted-bijection-v1,provider-map-v1
P120214,P08068,Wells,Wells,Matara,Jaffna,category-sorted-bijection-v1,provider-map-v1
P120215,P08069,Wells,Wells,Badulla,Colombo,category-sorted-bijection-v1,provider-map-v1
P120216,P08070,Wells,Wells,Matara,Kalutara,category-sorted-bijection-v1,provider-map-v1
P120217,P08071,Wells,Wells,Jaffna,Batticaloa,category-sorted-bijection-v1,provider-map-v1
P120218,P08072,Wells,Wells,Kalutara,Matara,category-sorted-bijection-v1,provider-map-v1
P120219,P08073,Wells,Wells,Kandy,Jaffna,category-sorted-bijection-v1,provider-map-v1
P120220,P08074,Wells,Wells,Anuradhapura,Anuradhapura,category-sorted-bijection-v1,provider-map-v1
P120221,P08075,Wells,Wells,Colombo,Kurunegala,category-sorted-bijection-v1,provider-map-v1
P120222,P08076,Wells,Wells,Galle,Galle,category-sorted-bijection-v1,provider-map-v1
P120223,P08077,Wells,Wells,Kalutara,Anuradhapura,category-sorted-bijection-v1,provider-map-v1
P120224,P08078,Wells,Wells,Gampaha,Kandy,category-sorted-bijection-v1,provider-map-v1
P120225,P08079,Wells,Wells,Anuradhapura,Gampaha,category-sorted-bijection-v1,provider-map-v1
P120226,P08080,Wells,Wells,Gampaha,Anuradhapura,category-sorted-bijection-v1,provider-map-v1
P120227,P08081,Wells,Wells,Colombo,Kandy,category-sorted-bijection-v1,provider-map-v1
P120228,P08082,Wells,Wells,Gampaha,Kurunegala,category-sorted-bijection-v1,provider-map-v1
P120229,P08083,Wells,Wells,Nuwara Eliya,Jaffna,category-sorted-bijection-v1,provider-map-v1
P120230,P08084,Wells,Wells,Batticaloa,Matara,category-sorted-bijection-v1,provider-map-v1
P120231,P08085,Wells,Wells,Kurunegala,Jaffna,category-sorted-bijection-v1,provider-map-v1
P120232,P08086,Wells,Wells,Ratnapura,Colombo,category-sorted-bijection-v1,provider-map-v1
P120233,P08087,Wells,Wells,Kurunegala,Matara,category-sorted-bijection-v1,provider-map-v1
P120234,P08088,Wells,Wells,Kurunegala,Jaffna,category-sorted-bijection-v1,provider-map-v1
P120235,P08089,Wells,Wells,Ratnapura,Galle,category-sorted-bijection-v1,provider-map-v1
P120236,P08090,Wells,Wells,Colombo,Colombo,category-sorted-bijection-v1,provider-map-v1
P120237,P08091,Wells,Wells,Jaffna,Galle,category-sorted-bijection-v1,provider-map-v1
P120238,P08092,Wells,Wells,Badulla,Colombo,category-sorted-bijection-v1,provider-map-v1
P120239,P08093,Wells,Wells,Jaffna,Gampaha,category-sorted-bijection-v1,provider-map-v1
P120240,P08094,Wells,Wells,Batticaloa,Galle,category-sorted-bijection-v1,provider-map-v1
P120241,P08095,Wells,Wells,Galle,Matara,category-sorted-bijection-v1,provider-map-v1
P120242,P08096,Wells,Wells,Galle,Colombo,category-sorted-bijection-v1,provider-map-v1
P120243,P08097,Wells,Wells,Jaffna,Kalutara,category-sorted-bijection-v1,provider-map-v1
P120244,P08098,Wells,Wells,Kalutara,Batticaloa,category-sorted-bijection-v1,provider-map-v1
P120245,P08099,Wells,Wells,Anuradhapura,Colombo,category-sorted-bijection-v1,provider-map-v1
P120246,P08100,Wells,Wells,Kalutara,Gampaha,category-sorted-bijection-v1,provider-map-v1
P120247,P08101,Wells,Wells,Matara,Colombo,category-sorted-bijection-v1,provider-map-v1
P120248,P08102,Wells,Wells,Badulla,Kandy,category-sorted-bijection-v1,provider-map-v1
P120249,P08103,Wells,Wells,Colombo,Colombo,category-sorted-bijection-v1,provider-map-v1
P120250,P08104,Wells,Wells,Galle,Gampaha,category-sorted-bijection-v1,provider-map-v1
P120251,P08105,Wells,Wells,Galle,Gampaha,category-sorted-bijection-v1,provider-map-v1
P120252,P08106,Wells,Wells,Galle,Kandy,category-sorted-bijection-v1,provider-map-v1
P120253,P08107,Wells,Wells,Matale,Kurunegala,category-sorted-bijection-v1,provider-map-v1
P120254,P08108,Wells,Wells,Badulla,Gampaha,category-sorted-bijection-v1,provider-map-v1
P120255,P08109,Wells,Wells,Colombo,Kandy,category-sorted-bijection-v1,provider-map-v1
P120256,P08110,Wells,Wells,Gampaha,Kandy,category-sorted-bijection-v1,provider-map-v1
P120257,P08111,Wells,Wells,Matale,Colombo,category-sorted-bijection-v1,provider-map-v1
P120258,P08112,Wells,Wells,Kandy,Anuradhapura,category-sorted-bijection-v1,provider-map-v1
P120259,P08113,Wells,Wells,Nuwara Eliya,Jaffna,category-sorted-bijection-v1,provider-map-v1
P120260,P08114,Wells,Wells,Kurunegala,Gampaha,category-sorted-bijection-v1,provider-map-v1
P120261,P08115,Wells,Wells,Matara,Jaffna,category-sorted-bijection-v1,provider-map-v1
P120262,P08116,Wells,Wells,Kalutara,Gampaha,category-sorted-bijection-v1,provider-map-v1
P120263,P08117,Wells,Wells,Colombo,Kandy,category-sorted-bijection-v1,provider-map-v1
P120264,P08118,Wells,Wells,Badulla,Jaffna,category-sorted-bijection-v1,provider-map-v1
P120265,P08119,Wells,Wells,Matale,Kalutara,category-sorted-bijection-v1,provider-map-v1
P120266,P08120,Wells,Wells,Matale,Anuradhapura,category-sorted-bijection-v1,provider-map-v1
P120267,P08121,Wells,Wells,Ratnapura,Kalutara,category-sorted-bijection-v1,provider-map-v1
P120268,P08122,Wells,Wells,Kalutara,Matara,category-sorted-bijection-v1,provider-map-v1
P120269,P08123,Wells,Wells,Matale,Batticaloa,category-sorted-bijection-v1,provider-map-v1
P120270,P08124,Wells,Wells,Kurunegala,Colombo,category-sorted-bijection-v1,provider-map-v1
P120271,P08125,Wells,Wells,Ratnapura,Gampaha,category-sorted-bijection-v1,provider-map-v1
P120272,P08126,Wells,Wells,Matale,Galle,category-sorted-bijection-v1,provider-map-v1
P120273,P08127,Wells,Wells,Kalutara,Anuradhapura,category-sorted-bijection-v1,provider-map-v1
P120274,P08128,Wells,Wells,Ratnapura,Kurunegala,category-sorted-bijection-v1,provider-map-v1
P120275,P08129,Wells,Wells,Batticaloa,Batticaloa,category-sorted-bijection-v1,provider-map-v1
P120276,P08130,Wells,Wells,Nuwara Eliya,Batticaloa,category-sorted-bijection-v1,provider-map-v1
P120277,P08131,Wells,Wells,Nuwara Eliya,Batticaloa,category-sorted-bijection-v1,provider-map-v1
P120278,P08132,Wells,Wells,Kandy,Matara,category-sorted-bijection-v1,provider-map-v1
P120279,P08133,Wells,Wells,Batticaloa,Anuradhapura,category-sorted-bijection-v1,provider-map-v1
P120280,P08134,Wells,Wells,Galle,Kurunegala,category-sorted-bijection-v1,provider-map-v1
P120281,P08135,Wells,Wells,Batticaloa,Kurunegala,category-sorted-bijection-v1,provider-map-v1
P120282,P08136,Wells,Wells,Kurunegala,Colombo,category-sorted-bijection-v1,provider-map-v1
P120283,P08137,Wells,Wells,Nuwara Eliya,Jaffna,category-sorted-bijection-v1,provider-map-v1
P120284,P08138,Wells,Wells,Galle,Kandy,category-sorted-bijection-v1,provider-map-v1
P120285,P08139,Wells,Wells,Matara,Galle,category-sorted-bijection-v1,provider-map-v1
P120286,P08140,Wells,Wells,Badulla,Kandy,category-sorted-bijection-v1,provider-map-v1
P120287,P08141,Wells,Wells,Badulla,Kalutara,category-sorted-bijection-v1,provider-map-v1
P120288,P08142,Wells,Wells,Badulla,Kandy,category-sorted-bijection-v1,provider-map-v1
P120289,P08143,Wells,Wells,Kandy,Matara,category-sorted-bijection-v1,provider-map-v1
P120290,P08144,Wells,Wells,Kalutara,Matara,category-sorted-bijection-v1,provider-map-v1
P120291,P08145,Wells,Wells,Matale,Jaffna,category-sorted-bijection-v1,provider-map-v1
P120292,P08146,Wells,Wells,Kandy,Colombo,category-sorted-bijection-v1,provider-map-v1
P120293,P08147,Wells,Wells,Kandy,Jaffna,category-sorted-bijection-v1,provider-map-v1
P120294,P08148,Wells,Wells,Matale,Anuradhapura,category-sorted-bijection-v1,provider-map-v1
P120295,P08149,Wells,Wells,Gampaha,Jaffna,category-sorted-bijection-v1,provider-map-v1
P120296,P08150,Wells,Wells,Matara,Matara,category-sorted-bijection-v1,provider-map-v1
P120297,P08151,Wells,Wells,Gampaha,Gampaha,category-sorted-bijection-v1,provider-map-v1
P120298,P08152,Wells,Wells,Galle,Jaffna,category-sorted-bijection-v1,provider-map-v1
P120299,P08153,Wells,Wells,Batticaloa,Colombo,category-sorted-bijection-v1,provider-map-v1
P120300,P08154,Wells,Wells,Jaffna,Jaffna,category-sorted-bijection-v1,provider-map-v1
P120301,P08155,Wells,Wells,Colombo,Matara,category-sorted-bijection-v1,provider-map-v1
P120302,P08156,Wells,Wells,Nuwara Eliya,Colombo,category-sorted-bijection-v1,provider-map-v1
P120303,P08157,Wells,Wells,Jaffna,Jaffna,category-sorted-bijection-v1,provider-map-v1
P120304,P08158,Wells,Wells,Jaffna,Colombo,category-sorted-bijection-v1,provider-map-v1
P120305,P08159,Wells,Wells,Ratnapura,Galle,category-sorted-bijection-v1,provider-map-v1
P120306,P08160,Wells,Wells,Matara,Gampaha,category-sorted-bijection-v1,provider-map-v1
P120307,P08161,Wells,Wells,Kurunegala,Colombo,category-sorted-bijection-v1,provider-map-v1
P120308,P08162,Wells,Wells,Matale,Gampaha,category-sorted-bijection-v1,provider-map-v1
P120309,P08163,Wells,Wells,Kalutara,Gampaha,category-sorted-bijection-v1,provider-map-v1
P120310,P08164,Wells,Wells,Kalutara,Batticaloa,category-sorted-bijection-v1,provider-map-v1
P120311,P08165,Wells,Wells,Anuradhapura,Gampaha,category-sorted-bijection-v1,provider-map-v1
P120312,P08166,Wells,Wells,Matara,Gampaha,category-sorted-bijection-v1,provider-map-v1
P120313,P08167,Wells,Wells,Kalutara,Jaffna,category-sorted-bijection-v1,provider-map-v1
P120314,P08168,Wells,Wells,Anuradhapura,Galle,category-sorted-bijection-v1,provider-map-v1
P120315,P08169,Wells,Wells,Ratnapura,Batticaloa,category-sorted-bijection-v1,provider-map-v1
P120316,P08170,Wells,Wells,Gampaha,Galle,category-sorted-bijection-v1,provider-map-v1
P120317,P08171,Wells,Wells,Batticaloa,Galle,category-sorted-bijection-v1,provider-map-v1
P120318,P08172,Wells,Wells,Kurunegala,Colombo,category-sorted-bijection-v1,provider-map-v1
P120319,P08173,Wells,Wells,Batticaloa,Matara,category-sorted-bijection-v1,provider-map-v1
P120320,P08174,Wells,Wells,Anuradhapura,Galle,category-sorted-bijection-v1,provider-map-v1
P120321,P08175,Wells,Wells,Batticaloa,Colombo,category-sorted-bijection-v1,provider-map-v1
P120322,P08176,Wells,Wells,Matara,Jaffna,category-sorted-bijection-v1,provider-map-v1
P120323,P08177,Wells,Wells,Ratnapura,Gampaha,category-sorted-bijection-v1,provider-map-v1
P120324,P08178,Wells,Wells,Gampaha,Matara,category-sorted-bijection-v1,provider-map-v1
P120325,P08179,Wells,Wells,Matale,Kandy,category-sorted-bijection-v1,provider-map-v1
P120326,P08180,Wells,Wells,Matara,Jaffna,category-sorted-bijection-v1,provider-map-v1
P120327,P08181,Wells,Wells,Kurunegala,Kalutara,category-sorted-bijection-v1,provider-map-v1
P120328,P08182,Wells,Wells,Matale,Batticaloa,category-sorted-bijection-v1,provider-map-v1
P120329,P08183,Wells,Wells,Kandy,Matara,category-sorted-bijection-v1,provider-map-v1
P120330,P08184,Wells,Wells,Galle,Gampaha,category-sorted-bijection-v1,provider-map-v1
P120331,P08185,Wells,Wells,Nuwara Eliya,Kurunegala,category-sorted-bijection-v1,provider-map-v1
P120332,P08186,Wells,Wells,Kandy,Jaffna,category-sorted-bijection-v1,provider-map-v1
P120333,P08187,Wells,Wells,Matale,Anuradhapura,category-sorted-bijection-v1,provider-map-v1
P120334,P08188,Wells,Wells,Matara,Gampaha,category-sorted-bijection-v1,provider-map-v1
P120335,P08189,Wells,Wells,Nuwara Eliya,Kandy,category-sorted-bijection-v1,provider-map-v1
P120336,P08190,Wells,Wells,Kalutara,Kalutara,category-sorted-bijection-v1,provider-map-v1
P120337,P08191,Wells,Wells,Kalutara,Colombo,category-sorted-bijection-v1,provider-map-v1
P120338,P08192,Wells,Wells,Galle,Gampaha,category-sorted-bijection-v1,provider-map-v1
P120339,P08193,Wells,Wells,Ratnapura,Matara,category-sorted-bijection-v1,provider-map-v1
P120340,P08194,Wells,Wells,Matale,Galle,category-sorted-bijection-v1,provider-map-v1
P120341,P08195,Wells,Wells,Batticaloa,Kalutara,category-sorted-bijection-v1,provider-map-v1
P120342,P08196,Wells,Wells,Badulla,Batticaloa,category-sorted-bijection-v1,provider-map-v1
P120343,P08197,Wells,Wells,Matale,Batticaloa,category-sorted-bijection-v1,provider-map-v1
P120344,P08198,Wells,Wells,Jaffna,Kurunegala,category-sorted-bijection-v1,provider-map-v1
P120345,P08199,Wells,Wells,Kalutara,Galle,category-sorted-bijection-v1,provider-map-v1
P120346,P08200,Wells,Wells,Gampaha,Colombo,category-sorted-bijection-v1,provider-map-v1
P120347,P08201,Wells,Wells,Kandy,Jaffna,category-sorted-bijection-v1,provider-map-v1
P120348,P08202,Wells,Wells,Badulla,Kurunegala,category-sorted-bijection-v1,provider-map-v1
P120349,P08203,Wells,Wells,Jaffna,Colombo,category-sorted-bijection-v1,provider-map-v1
P120350,P08204,Wells,Wells,Matara,Anuradhapura,category-sorted-bijection-v1,provider-map-v1
P120351,P08205,Wells,Wells,Matale,Kurunegala,category-sorted-bijection-v1,provider-map-v1
P120352,P08206,Wells,Wells,Kalutara,Gampaha,category-sorted-bijection-v1,provider-map-v1
P120353,P08207,Wells,Wells,Kandy,Matara,category-sorted-bijection-v1,provider-map-v1
P120354,P08208,Wells,Wells,Matara,Matara,category-sorted-bijection-v1,provider-map-v1
P120355,P08209,Wells,Wells,Batticaloa,Colombo,category-sorted-bijection-v1,provider-map-v1
P120356,P08210,Wells,Wells,Matale,Galle,category-sorted-bijection-v1,provider-map-v1
P120357,P08211,Wells,Wells,Kalutara,Anuradhapura,category-sorted-bijection-v1,provider-map-v1
P130001,P08569,Cushion Works,Cushion Works,Kalutara,Kurunegala,category-sorted-bijection-v1,provider-map-v1
P130002,P08570,Cushion Works,Cushion Works,Kurunegala,Matara,category-sorted-bijection-v1,provider-map-v1
P130003,P08571,Cushion Works,Cushion Works,Batticaloa,Matara,category-sorted-bijection-v1,provider-map-v1
P130004,P08572,Cushion Works,Cushion Works,Anuradhapura,Matara,category-sorted-bijection-v1,provider-map-v1
P130005,P08573,Cushion Works,Cushion Works,Kandy,Kandy,category-sorted-bijection-v1,provider-map-v1
P130006,P08574,Cushion Works,Cushion Works,Ratnapura,Kalutara,category-sorted-bijection-v1,provider-map-v1
P130007,P08575,Cushion Works,Cushion Works,Colombo,Kandy,category-sorted-bijection-v1,provider-map-v1
P130008,P08576,Cushion Works,Cushion Works,Kurunegala,Kandy,category-sorted-bijection-v1,provider-map-v1
P130009,P08577,Cushion Works,Cushion Works,Jaffna,Galle,category-sorted-bijection-v1,provider-map-v1
P130010,P08578,Cushion Works,Cushion Works,Colombo,Gampaha,category-sorted-bijection-v1,provider-map-v1
P130011,P08579,Cushion Works,Cushion Works,Gampaha,Batticaloa,category-sorted-bijection-v1,provider-map-v1
P130012,P08580,Cushion Works,Cushion Works,Nuwara Eliya,Matara,category-sorted-bijection-v1,provider-map-v1
P130013,P08581,Cushion Works,Cushion Works,Kurunegala,Matara,category-sorted-bijection-v1,provider-map-v1
P130014,P08582,Cushion Works,Cushion Works,Kalutara,Colombo,category-sorted-bijection-v1,provider-map-v1
P130015,P08583,Cushion Works,Cushion Works,Nuwara Eliya,Kurunegala,category-sorted-bijection-v1,provider-map-v1
P130016,P08584,Cushion Works,Cushion Works,Ratnapura,Kurunegala,category-sorted-bijection-v1,provider-map-v1
P130017,P08585,Cushion Works,Cushion Works,Matara,Kandy,category-sorted-bijection-v1,provider-map-v1
P130018,P08586,Cushion Works,Cushion Works,Anuradhapura,Gampaha,category-sorted-bijection-v1,provider-map-v1
P130019,P08587,Cushion Works,Cushion Works,Nuwara Eliya,Gampaha,category-sorted-bijection-v1,provider-map-v1
P130020,P08588,Cushion Works,Cushion Works,Kandy,Kandy,category-sorted-bijection-v1,provider-map-v1
P130021,P08589,Cushion Works,Cushion Works,Badulla,Kandy,category-sorted-bijection-v1,provider-map-v1
P130022,P08590,Cushion Works,Cushion Works,Kurunegala,Jaffna,category-sorted-bijection-v1,provider-map-v1
P130023,P08591,Cushion Works,Cushion Works,Jaffna,Gampaha,category-sorted-bijection-v1,provider-map-v1
P130024,P08592,Cushion Works,Cushion Works,Nuwara Eliya,Matara,category-sorted-bijection-v1,provider-map-v1
P130025,P08593,Cushion Works,Cushion Works,Jaffna,Galle,category-sorted-bijection-v1,provider-map-v1
P130026,P08594,Cushion Works,Cushion Works,Badulla,Matara,category-sorted-bijection-v1,provider-map-v1
P130027,P08595,Cushion Works,Cushion Works,Jaffna,Anuradhapura,category-sorted-bijection-v1,provider-map-v1
P130028,P08596,Cushion Works,Cushion Works,Kandy,Jaffna,category-sorted-bijection-v1,provider-map-v1
P130029,P08597,Cushion Works,Cushion Works,Matale,Kandy,category-sorted-bijection-v1,provider-map-v1
P130030,P08598,Cushion Works,Cushion Works,Kandy,Kurunegala,category-sorted-bijection-v1,provider-map-v1
P130031,P08599,Cushion Works,Cushion Works,Galle,Kurunegala,category-sorted-bijection-v1,provider-map-v1
P130032,P08600,Cushion Works,Cushion Works,Batticaloa,Kandy,category-sorted-bijection-v1,provider-map-v1
P130033,P08601,Cushion Works,Cushion Works,Matale,Kalutara,category-sorted-bijection-v1,provider-map-v1
P130034,P08602,Cushion Works,Cushion Works,Colombo,Matara,category-sorted-bijection-v1,provider-map-v1
P130035,P08603,Cushion Works,Cushion Works,Matara,Matara,category-sorted-bijection-v1,provider-map-v1
P130036,P08604,Cushion Works,Cushion Works,Nuwara Eliya,Kandy,category-sorted-bijection-v1,provider-map-v1
P130037,P08605,Cushion Works,Cushion Works,Badulla,Gampaha,category-sorted-bijection-v1,provider-map-v1
P130038,P08606,Cushion Works,Cushion Works,Gampaha,Anuradhapura,category-sorted-bijection-v1,provider-map-v1
P130039,P08607,Cushion Works,Cushion Works,Nuwara Eliya,Matara,category-sorted-bijection-v1,provider-map-v1
P130040,P08608,Cushion Works,Cushion Works,Matale,Jaffna,category-sorted-bijection-v1,provider-map-v1
P130041,P08609,Cushion Works,Cushion Works,Ratnapura,Anuradhapura,category-sorted-bijection-v1,provider-map-v1
P130042,P08610,Cushion Works,Cushion Works,Kandy,Kandy,category-sorted-bijection-v1,provider-map-v1
P130043,P08611,Cushion Works,Cushion Works,Ratnapura,Anuradhapura,category-sorted-bijection-v1,provider-map-v1
P130044,P08612,Cushion Works,Cushion Works,Ratnapura,Gampaha,category-sorted-bijection-v1,provider-map-v1
P130045,P08613,Cushion Works,Cushion Works,Matale,Jaffna,category-sorted-bijection-v1,provider-map-v1
P130046,P08614,Cushion Works,Cushion Works,Batticaloa,Matara,category-sorted-bijection-v1,provider-map-v1
P130047,P08615,Cushion Works,Cushion Works,Matale,Anuradhapura,category-sorted-bijection-v1,provider-map-v1
P130048,P08616,Cushion Works,Cushion Works,Nuwara Eliya,Kandy,category-sorted-bijection-v1,provider-map-v1
P130049,P08617,Cushion Works,Cushion Works,Badulla,Matara,category-sorted-bijection-v1,provider-map-v1
P130050,P08618,Cushion Works,Cushion Works,Nuwara Eliya,Batticaloa,category-sorted-bijection-v1,provider-map-v1
P130051,P08619,Cushion Works,Cushion Works,Colombo,Kandy,category-sorted-bijection-v1,provider-map-v1
P130052,P08620,Cushion Works,Cushion Works,Kurunegala,Matara,category-sorted-bijection-v1,provider-map-v1
P130053,P08621,Cushion Works,Cushion Works,Jaffna,Matara,category-sorted-bijection-v1,provider-map-v1
P130054,P08622,Cushion Works,Cushion Works,Matale,Gampaha,category-sorted-bijection-v1,provider-map-v1
P130055,P08623,Cushion Works,Cushion Works,Badulla,Anuradhapura,category-sorted-bijection-v1,provider-map-v1
P130056,P08624,Cushion Works,Cushion Works,Batticaloa,Kandy,category-sorted-bijection-v1,provider-map-v1
P130057,P08625,Cushion Works,Cushion Works,Nuwara Eliya,Matara,category-sorted-bijection-v1,provider-map-v1
P130058,P08626,Cushion Works,Cushion Works,Matara,Kandy,category-sorted-bijection-v1,provider-map-v1
P130059,P08627,Cushion Works,Cushion Works,Nuwara Eliya,Jaffna,category-sorted-bijection-v1,provider-map-v1
P130060,P08628,Cushion Works,Cushion Works,Kalutara,Batticaloa,category-sorted-bijection-v1,provider-map-v1
P130061,P08629,Cushion Works,Cushion Works,Gampaha,Galle,category-sorted-bijection-v1,provider-map-v1
P130062,P08630,Cushion Works,Cushion Works,Matara,Matara,category-sorted-bijection-v1,provider-map-v1
P130063,P08631,Cushion Works,Cushion Works,Kandy,Batticaloa,category-sorted-bijection-v1,provider-map-v1
P130064,P08632,Cushion Works,Cushion Works,Batticaloa,Kandy,category-sorted-bijection-v1,provider-map-v1
P130065,P08633,Cushion Works,Cushion Works,Matara,Kurunegala,category-sorted-bijection-v1,provider-map-v1
P130066,P08634,Cushion Works,Cushion Works,Kurunegala,Kandy,category-sorted-bijection-v1,provider-map-v1
P130067,P08635,Cushion Works,Cushion Works,Kalutara,Galle,category-sorted-bijection-v1,provider-map-v1
P130068,P08636,Cushion Works,Cushion Works,Gampaha,Kalutara,category-sorted-bijection-v1,provider-map-v1
P130069,P08637,Cushion Works,Cushion Works,Kandy,Batticaloa,category-sorted-bijection-v1,provider-map-v1
P130070,P08638,Cushion Works,Cushion Works,Kalutara,Gampaha,category-sorted-bijection-v1,provider-map-v1
P130071,P08639,Cushion Works,Cushion Works,Gampaha,Kurunegala,category-sorted-bijection-v1,provider-map-v1
P130072,P08640,Cushion Works,Cushion Works,Kandy,Batticaloa,category-sorted-bijection-v1,provider-map-v1
P130073,P08641,Cushion Works,Cushion Works,Ratnapura,Batticaloa,category-sorted-bijection-v1,provider-map-v1
P130074,P08642,Cushion Works,Cushion Works,Kandy,Kalutara,category-sorted-bijection-v1,provider-map-v1
P130075,P08643,Cushion Works,Cushion Works,Colombo,Anuradhapura,category-sorted-bijection-v1,provider-map-v1
P130076,P08644,Cushion Works,Cushion Works,Anuradhapura,Matara,category-sorted-bijection-v1,provider-map-v1
P130077,P08645,Cushion Works,Cushion Works,Jaffna,Anuradhapura,category-sorted-bijection-v1,provider-map-v1
P130078,P08646,Cushion Works,Cushion Works,Galle,Kurunegala,category-sorted-bijection-v1,provider-map-v1
P130079,P08647,Cushion Works,Cushion Works,Badulla,Kandy,category-sorted-bijection-v1,provider-map-v1
P130080,P08648,Cushion Works,Cushion Works,Matara,Matara,category-sorted-bijection-v1,provider-map-v1
P130081,P08649,Cushion Works,Cushion Works,Galle,Colombo,category-sorted-bijection-v1,provider-map-v1
P130082,P08650,Cushion Works,Cushion Works,Galle,Matara,category-sorted-bijection-v1,provider-map-v1
P130083,P08651,Cushion Works,Cushion Works,Badulla,Kandy,category-sorted-bijection-v1,provider-map-v1
P130084,P08652,Cushion Works,Cushion Works,Kalutara,Kandy,category-sorted-bijection-v1,provider-map-v1
P130085,P08653,Cushion Works,Cushion Works,Kurunegala,Jaffna,category-sorted-bijection-v1,provider-map-v1
P130086,P08654,Cushion Works,Cushion Works,Colombo,Colombo,category-sorted-bijection-v1,provider-map-v1
P130087,P08655,Cushion Works,Cushion Works,Kalutara,Gampaha,category-sorted-bijection-v1,provider-map-v1
P130088,P08656,Cushion Works,Cushion Works,Nuwara Eliya,Kalutara,category-sorted-bijection-v1,provider-map-v1
P130089,P08657,Cushion Works,Cushion Works,Anuradhapura,Galle,category-sorted-bijection-v1,provider-map-v1
P130090,P08658,Cushion Works,Cushion Works,Kalutara,Galle,category-sorted-bijection-v1,provider-map-v1
P130091,P08659,Cushion Works,Cushion Works,Badulla,Jaffna,category-sorted-bijection-v1,provider-map-v1
P130092,P08660,Cushion Works,Cushion Works,Matale,Kurunegala,category-sorted-bijection-v1,provider-map-v1
P130093,P08661,Cushion Works,Cushion Works,Kandy,Matara,category-sorted-bijection-v1,provider-map-v1
P130094,P08662,Cushion Works,Cushion Works,Colombo,Anuradhapura,category-sorted-bijection-v1,provider-map-v1
P130095,P08663,Cushion Works,Cushion Works,Galle,Jaffna,category-sorted-bijection-v1,provider-map-v1
P130096,P08664,Cushion Works,Cushion Works,Kalutara,Galle,category-sorted-bijection-v1,provider-map-v1
P130097,P08665,Cushion Works,Cushion Works,Anuradhapura,Galle,category-sorted-bijection-v1,provider-map-v1
P130098,P08666,Cushion Works,Cushion Works,Nuwara Eliya,Kalutara,category-sorted-bijection-v1,provider-map-v1
P130099,P08667,Cushion Works,Cushion Works,Jaffna,Colombo,category-sorted-bijection-v1,provider-map-v1
P130100,P08668,Cushion Works,Cushion Works,Batticaloa,Kalutara,category-sorted-bijection-v1,provider-map-v1
P130101,P08669,Cushion Works,Cushion Works,Gampaha,Anuradhapura,category-sorted-bijection-v1,provider-map-v1
P130102,P08670,Cushion Works,Cushion Works,Badulla,Kandy,category-sorted-bijection-v1,provider-map-v1
P130103,P08671,Cushion Works,Cushion Works,Jaffna,Colombo,category-sorted-bijection-v1,provider-map-v1
P130104,P08672,Cushion Works,Cushion Works,Nuwara Eliya,Matara,category-sorted-bijection-v1,provider-map-v1
P130105,P08673,Cushion Works,Cushion Works,Galle,Anuradhapura,category-sorted-bijection-v1,provider-map-v1
P130106,P08674,Cushion Works,Cushion Works,Jaffna,Kandy,category-sorted-bijection-v1,provider-map-v1
P130107,P08675,Cushion Works,Cushion Works,Kalutara,Gampaha,category-sorted-bijection-v1,provider-map-v1
P130108,P08676,Cushion Works,Cushion Works,Matara,Kalutara,category-sorted-bijection-v1,provider-map-v1
P130109,P08677,Cushion Works,Cushion Works,Jaffna,Jaffna,category-sorted-bijection-v1,provider-map-v1
P130110,P08678,Cushion Works,Cushion Works,Gampaha,Kurunegala,category-sorted-bijection-v1,provider-map-v1
P130111,P08679,Cushion Works,Cushion Works,Kandy,Anuradhapura,category-sorted-bijection-v1,provider-map-v1
P130112,P08680,Cushion Works,Cushion Works,Nuwara Eliya,Kalutara,category-sorted-bijection-v1,provider-map-v1
P130113,P08681,Cushion Works,Cushion Works,Kalutara,Kalutara,category-sorted-bijection-v1,provider-map-v1
P130114,P08682,Cushion Works,Cushion Works,Anuradhapura,Batticaloa,category-sorted-bijection-v1,provider-map-v1
P130115,P08683,Cushion Works,Cushion Works,Gampaha,Kurunegala,category-sorted-bijection-v1,provider-map-v1
P130116,P08684,Cushion Works,Cushion Works,Kalutara,Colombo,category-sorted-bijection-v1,provider-map-v1
P130117,P08685,Cushion Works,Cushion Works,Batticaloa,Matara,category-sorted-bijection-v1,provider-map-v1
P130118,P08686,Cushion Works,Cushion Works,Matale,Galle,category-sorted-bijection-v1,provider-map-v1
P130119,P08687,Cushion Works,Cushion Works,Badulla,Colombo,category-sorted-bijection-v1,provider-map-v1
P130120,P08688,Cushion Works,Cushion Works,Badulla,Jaffna,category-sorted-bijection-v1,provider-map-v1
P130121,P08689,Cushion Works,Cushion Works,Kalutara,Batticaloa,category-sorted-bijection-v1,provider-map-v1
P130122,P08690,Cushion Works,Cushion Works,Kalutara,Gampaha,category-sorted-bijection-v1,provider-map-v1
P130123,P08691,Cushion Works,Cushion Works,Galle,Batticaloa,category-sorted-bijection-v1,provider-map-v1
P130124,P08692,Cushion Works,Cushion Works,Kandy,Jaffna,category-sorted-bijection-v1,provider-map-v1
P130125,P08693,Cushion Works,Cushion Works,Gampaha,Colombo,category-sorted-bijection-v1,provider-map-v1
P130126,P08694,Cushion Works,Cushion Works,Batticaloa,Jaffna,category-sorted-bijection-v1,provider-map-v1
P130127,P08695,Cushion Works,Cushion Works,Badulla,Galle,category-sorted-bijection-v1,provider-map-v1
P130128,P08696,Cushion Works,Cushion Works,Anuradhapura,Anuradhapura,category-sorted-bijection-v1,provider-map-v1
P130129,P08697,Cushion Works,Cushion Works,Matale,Matara,category-sorted-bijection-v1,provider-map-v1
P130130,P08698,Cushion Works,Cushion Works,Badulla,Kurunegala,category-sorted-bijection-v1,provider-map-v1
P130131,P08699,Cushion Works,Cushion Works,Matara,Kurunegala,category-sorted-bijection-v1,provider-map-v1
P130132,P08700,Cushion Works,Cushion Works,Colombo,Colombo,category-sorted-bijection-v1,provider-map-v1
P130133,P08701,Cushion Works,Cushion Works,Nuwara Eliya,Jaffna,category-sorted-bijection-v1,provider-map-v1
P130134,P08702,Cushion Works,Cushion Works,Nuwara Eliya,Galle,category-sorted-bijection-v1,provider-map-v1
P130135,P08703,Cushion Works,Cushion Works,Kandy,Kurunegala,category-sorted-bijection-v1,provider-map-v1
P130136,P08704,Cushion Works,Cushion Works,Anuradhapura,Kurunegala,category-sorted-bijection-v1,provider-map-v1
P130137,P08705,Cushion Works,Cushion Works,Gampaha,Anuradhapura,category-sorted-bijection-v1,provider-map-v1
P130138,P08706,Cushion Works,Cushion Works,Nuwara Eliya,Anuradhapura,category-sorted-bijection-v1,provider-map-v1
P130139,P08707,Cushion Works,Cushion Works,Ratnapura,Galle,category-sorted-bijection-v1,provider-map-v1
P130140,P08708,Cushion Works,Cushion Works,Kalutara,Matara,category-sorted-bijection-v1,provider-map-v1
P130141,P08709,Cushion Works,Cushion Works,Nuwara Eliya,Galle,category-sorted-bijection-v1,provider-map-v1
P130142,P08710,Cushion Works,Cushion Works,Batticaloa,Gampaha,category-sorted-bijection-v1,provider-map-v1
P130143,P08711,Cushion Works,Cushion Works,Galle,Anuradhapura,category-sorted-bijection-v1,provider-map-v1
P130144,P08712,Cushion Works,Cushion Works,Kurunegala,Galle,category-sorted-bijection-v1,provider-map-v1
P130145,P08713,Cushion Works,Cushion Works,Colombo,Colombo,category-sorted-bijection-v1,provider-map-v1
P130146,P08714,Cushion Works,Cushion Works,Anuradhapura,Galle,category-sorted-bijection-v1,provider-map-v1
P130147,P08715,Cushion Works,Cushion Works,Jaffna,Colombo,category-sorted-bijection-v1,provider-map-v1
P130148,P08716,Cushion Works,Cushion Works,Gampaha,Gampaha,category-sorted-bijection-v1,provider-map-v1
P130149,P08717,Cushion Works,Cushion Works,Gampaha,Kalutara,category-sorted-bijection-v1,provider-map-v1
P130150,P08718,Cushion Works,Cushion Works,Jaffna,Gampaha,category-sorted-bijection-v1,provider-map-v1
P130151,P08719,Cushion Works,Cushion Works,Kandy,Galle,category-sorted-bijection-v1,provider-map-v1
P130152,P08720,Cushion Works,Cushion Works,Batticaloa,Kurunegala,category-sorted-bijection-v1,provider-map-v1
P130153,P08721,Cushion Works,Cushion Works,Kurunegala,Batticaloa,category-sorted-bijection-v1,provider-map-v1
P130154,P08722,Cushion Works,Cushion Works,Nuwara Eliya,Galle,category-sorted-bijection-v1,provider-map-v1
P130155,P08723,Cushion Works,Cushion Works,Nuwara Eliya,Batticaloa,category-sorted-bijection-v1,provider-map-v1
P130156,P08724,Cushion Works,Cushion Works,Batticaloa,Batticaloa,category-sorted-bijection-v1,provider-map-v1
P130157,P08725,Cushion Works,Cushion Works,Gampaha,Matara,category-sorted-bijection-v1,provider-map-v1
P130158,P08726,Cushion Works,Cushion Works,Kandy,Colombo,category-sorted-bijection-v1,provider-map-v1
P130159,P08727,Cushion Works,Cushion Works,Jaffna,Kalutara,category-sorted-bijection-v1,provider-map-v1
P130160,P08728,Cushion Works,Cushion Works,Matara,Anuradhapura,category-sorted-bijection-v1,provider-map-v1
P130161,P08729,Cushion Works,Cushion Works,Kandy,Kandy,category-sorted-bijection-v1,provider-map-v1
P130162,P08730,Cushion Works,Cushion Works,Badulla,Colombo,category-sorted-bijection-v1,provider-map-v1
P130163,P08731,Cushion Works,Cushion Works,Colombo,Kalutara,category-sorted-bijection-v1,provider-map-v1
P130164,P08732,Cushion Works,Cushion Works,Kalutara,Batticaloa,category-sorted-bijection-v1,provider-map-v1
P130165,P08733,Cushion Works,Cushion Works,Ratnapura,Kurunegala,category-sorted-bijection-v1,provider-map-v1
P130166,P08734,Cushion Works,Cushion Works,Nuwara Eliya,Kandy,category-sorted-bijection-v1,provider-map-v1
P130167,P08735,Cushion Works,Cushion Works,Matale,Kurunegala,category-sorted-bijection-v1,provider-map-v1
P130168,P08736,Cushion Works,Cushion Works,Matara,Batticaloa,category-sorted-bijection-v1,provider-map-v1
P130169,P08737,Cushion Works,Cushion Works,Nuwara Eliya,Kurunegala,category-sorted-bijection-v1,provider-map-v1
P130170,P08738,Cushion Works,Cushion Works,Colombo,Gampaha,category-sorted-bijection-v1,provider-map-v1
P130171,P08739,Cushion Works,Cushion Works,Nuwara Eliya,Jaffna,category-sorted-bijection-v1,provider-map-v1
P130172,P08740,Cushion Works,Cushion Works,Matara,Matara,category-sorted-bijection-v1,provider-map-v1
P130173,P08741,Cushion Works,Cushion Works,Kandy,Jaffna,category-sorted-bijection-v1,provider-map-v1
P130174,P08742,Cushion Works,Cushion Works,Ratnapura,Anuradhapura,category-sorted-bijection-v1,provider-map-v1
P130175,P08743,Cushion Works,Cushion Works,Galle,Kalutara,category-sorted-bijection-v1,provider-map-v1
P130176,P08744,Cushion Works,Cushion Works,Nuwara Eliya,Gampaha,category-sorted-bijection-v1,provider-map-v1
P130177,P08745,Cushion Works,Cushion Works,Matara,Matara,category-sorted-bijection-v1,provider-map-v1
P130178,P08746,Cushion Works,Cushion Works,Kalutara,Kalutara,category-sorted-bijection-v1,provider-map-v1
P130179,P08747,Cushion Works,Cushion Works,Gampaha,Jaffna,category-sorted-bijection-v1,provider-map-v1
P130180,P08748,Cushion Works,Cushion Works,Anuradhapura,Kandy,category-sorted-bijection-v1,provider-map-v1
P130181,P08749,Cushion Works,Cushion Works,Anuradhapura,Batticaloa,category-sorted-bijection-v1,provider-map-v1
P130182,P08750,Cushion Works,Cushion Works,Badulla,Matara,category-sorted-bijection-v1,provider-map-v1
P130183,P08751,Cushion Works,Cushion Works,Galle,Matara,category-sorted-bijection-v1,provider-map-v1
P130184,P08752,Cushion Works,Cushion Works,Ratnapura,Jaffna,category-sorted-bijection-v1,provider-map-v1
P130185,P08753,Cushion Works,Cushion Works,Gampaha,Matara,category-sorted-bijection-v1,provider-map-v1
P130186,P08754,Cushion Works,Cushion Works,Batticaloa,Jaffna,category-sorted-bijection-v1,provider-map-v1
P130187,P08755,Cushion Works,Cushion Works,Jaffna,Gampaha,category-sorted-bijection-v1,provider-map-v1
P130188,P08756,Cushion Works,Cushion Works,Badulla,Anuradhapura,category-sorted-bijection-v1,provider-map-v1
P130189,P08757,Cushion Works,Cushion Works,Kalutara,Galle,category-sorted-bijection-v1,provider-map-v1
P130190,P08758,Cushion Works,Cushion Works,Galle,Gampaha,category-sorted-bijection-v1,provider-map-v1
P130191,P08759,Cushion Works,Cushion Works,Matara,Jaffna,category-sorted-bijection-v1,provider-map-v1
P130192,P08760,Cushion Works,Cushion Works,Ratnapura,Kalutara,category-sorted-bijection-v1,provider-map-v1
P130193,P08761,Cushion Works,Cushion Works,Colombo,Batticaloa,category-sorted-bijection-v1,provider-map-v1
P130194,P08762,Cushion Works,Cushion Works,Colombo,Colombo,category-sorted-bijection-v1,provider-map-v1
P130195,P08763,Cushion Works,Cushion Works,Colombo,Kurunegala,category-sorted-bijection-v1,provider-map-v1
P130196,P08764,Cushion Works,Cushion Works,Matale,Kurunegala,category-sorted-bijection-v1,provider-map-v1
P130197,P08765,Cushion Works,Cushion Works,Anuradhapura,Gampaha,category-sorted-bijection-v1,provider-map-v1
P130198,P08766,Cushion Works,Cushion Works,Anuradhapura,Colombo,category-sorted-bijection-v1,provider-map-v1
P130199,P08767,Cushion Works,Cushion Works,Jaffna,Batticaloa,category-sorted-bijection-v1,provider-map-v1
P130200,P08768,Cushion Works,Cushion Works,Kandy,Kurunegala,category-sorted-bijection-v1,provider-map-v1
P130201,P08769,Cushion Works,Cushion Works,Anuradhapura,Kandy,category-sorted-bijection-v1,provider-map-v1
P130202,P08770,Cushion Works,Cushion Works,Matale,Batticaloa,category-sorted-bijection-v1,provider-map-v1
P130203,P08771,Cushion Works,Cushion Works,Kalutara,Matara,category-sorted-bijection-v1,provider-map-v1
P130204,P08772,Cushion Works,Cushion Works,Ratnapura,Jaffna,category-sorted-bijection-v1,provider-map-v1
P130205,P08773,Cushion Works,Cushion Works,Kurunegala,Colombo,category-sorted-bijection-v1,provider-map-v1
P130206,P08774,Cushion Works,Cushion Works,Kurunegala,Matara,category-sorted-bijection-v1,provider-map-v1
P130207,P08775,Cushion Works,Cushion Works,Matale,Colombo,category-sorted-bijection-v1,provider-map-v1
P130208,P08776,Cushion Works,Cushion Works,Kalutara,Matara,category-sorted-bijection-v1,provider-map-v1
P130209,P08777,Cushion Works,Cushion Works,Batticaloa,Gampaha,category-sorted-bijection-v1,provider-map-v1
P130210,P08778,Cushion Works,Cushion Works,Batticaloa,Jaffna,category-sorted-bijection-v1,provider-map-v1
P130211,P08779,Cushion Works,Cushion Works,Matale,Colombo,category-sorted-bijection-v1,provider-map-v1
P130212,P08780,Cushion Works,Cushion Works,Matale,Batticaloa,category-sorted-bijection-v1,provider-map-v1
P130213,P08781,Cushion Works,Cushion Works,Gampaha,Gampaha,category-sorted-bijection-v1,provider-map-v1
P130214,P08782,Cushion Works,Cushion Works,Anuradhapura,Jaffna,category-sorted-bijection-v1,provider-map-v1
P130215,P08783,Cushion Works,Cushion Works,Kandy,Colombo,category-sorted-bijection-v1,provider-map-v1
P130216,P08784,Cushion Works,Cushion Works,Ratnapura,Kurunegala,category-sorted-bijection-v1,provider-map-v1
P130217,P08785,Cushion Works,Cushion Works,Jaffna,Gampaha,category-sorted-bijection-v1,provider-map-v1
P130218,P08786,Cushion Works,Cushion Works,Batticaloa,Galle,category-sorted-bijection-v1,provider-map-v1
P130219,P08787,Cushion Works,Cushion Works,Kalutara,Gampaha,category-sorted-bijection-v1,provider-map-v1
P130220,P08788,Cushion Works,Cushion Works,Matale,Matara,category-sorted-bijection-v1,provider-map-v1
P130221,P08789,Cushion Works,Cushion Works,Nuwara Eliya,Kalutara,category-sorted-bijection-v1,provider-map-v1
P130222,P08790,Cushion Works,Cushion Works,Badulla,Gampaha,category-sorted-bijection-v1,provider-map-v1
P130223,P08791,Cushion Works,Cushion Works,Colombo,Jaffna,category-sorted-bijection-v1,provider-map-v1
P130224,P08792,Cushion Works,Cushion Works,Badulla,Gampaha,category-sorted-bijection-v1,provider-map-v1
P130225,P08793,Cushion Works,Cushion Works,Kurunegala,Kalutara,category-sorted-bijection-v1,provider-map-v1
P130226,P08794,Cushion Works,Cushion Works,Galle,Kalutara,category-sorted-bijection-v1,provider-map-v1
P130227,P08795,Cushion Works,Cushion Works,Colombo,Matara,category-sorted-bijection-v1,provider-map-v1
P130228,P08796,Cushion Works,Cushion Works,Matale,Kurunegala,category-sorted-bijection-v1,provider-map-v1
P130229,P08797,Cushion Works,Cushion Works,Colombo,Jaffna,category-sorted-bijection-v1,provider-map-v1
P130230,P08798,Cushion Works,Cushion Works,Batticaloa,Jaffna,category-sorted-bijection-v1,provider-map-v1
P130231,P08799,Cushion Works,Cushion Works,Batticaloa,Matara,category-sorted-bijection-v1,provider-map-v1
P130232,P08800,Cushion Works,Cushion Works,Jaffna,Kurunegala,category-sorted-bijection-v1,provider-map-v1
P130233,P08801,Cushion Works,Cushion Works,Gampaha,Anuradhapura,category-sorted-bijection-v1,provider-map-v1
P130234,P08802,Cushion Works,Cushion Works,Colombo,Galle,category-sorted-bijection-v1,provider-map-v1
P130235,P08803,Cushion Works,Cushion Works,Nuwara Eliya,Matara,category-sorted-bijection-v1,provider-map-v1
P130236,P08804,Cushion Works,Cushion Works,Batticaloa,Gampaha,category-sorted-bijection-v1,provider-map-v1
P130237,P08805,Cushion Works,Cushion Works,Nuwara Eliya,Matara,category-sorted-bijection-v1,provider-map-v1
P130238,P08806,Cushion Works,Cushion Works,Ratnapura,Anuradhapura,category-sorted-bijection-v1,provider-map-v1
P130239,P08807,Cushion Works,Cushion Works,Kurunegala,Batticaloa,category-sorted-bijection-v1,provider-map-v1
P130240,P08808,Cushion Works,Cushion Works,Matara,Galle,category-sorted-bijection-v1,provider-map-v1
P130241,P08809,Cushion Works,Cushion Works,Gampaha,Gampaha,category-sorted-bijection-v1,provider-map-v1
P130242,P08810,Cushion Works,Cushion Works,Colombo,Kurunegala,category-sorted-bijection-v1,provider-map-v1
P130243,P08811,Cushion Works,Cushion Works,Kalutara,Matara,category-sorted-bijection-v1,provider-map-v1
P130244,P08812,Cushion Works,Cushion Works,Nuwara Eliya,Kalutara,category-sorted-bijection-v1,provider-map-v1
P130245,P08813,Cushion Works,Cushion Works,Gampaha,Gampaha,category-sorted-bijection-v1,provider-map-v1
P130246,P08814,Cushion Works,Cushion Works,Matara,Kurunegala,category-sorted-bijection-v1,provider-map-v1
P130247,P08815,Cushion Works,Cushion Works,Nuwara Eliya,Anuradhapura,category-sorted-bijection-v1,provider-map-v1
P130248,P08816,Cushion Works,Cushion Works,Kurunegala,Matara,category-sorted-bijection-v1,provider-map-v1
P130249,P08817,Cushion Works,Cushion Works,Kurunegala,Kandy,category-sorted-bijection-v1,provider-map-v1
P130250,P08818,Cushion Works,Cushion Works,Galle,Batticaloa,category-sorted-bijection-v1,provider-map-v1
P130251,P08819,Cushion Works,Cushion Works,Colombo,Kurunegala,category-sorted-bijection-v1,provider-map-v1
P130252,P08820,Cushion Works,Cushion Works,Galle,Colombo,category-sorted-bijection-v1,provider-map-v1
P130253,P08821,Cushion Works,Cushion Works,Matara,Galle,category-sorted-bijection-v1,provider-map-v1
P130254,P08822,Cushion Works,Cushion Works,Gampaha,Jaffna,category-sorted-bijection-v1,provider-map-v1
P130255,P08823,Cushion Works,Cushion Works,Nuwara Eliya,Kurunegala,category-sorted-bijection-v1,provider-map-v1
P130256,P08824,Cushion Works,Cushion Works,Anuradhapura,Colombo,category-sorted-bijection-v1,provider-map-v1
P130257,P08825,Cushion Works,Cushion Works,Kandy,Kandy,category-sorted-bijection-v1,provider-map-v1
P130258,P08826,Cushion Works,Cushion Works,Gampaha,Kandy,category-sorted-bijection-v1,provider-map-v1
P130259,P08827,Cushion Works,Cushion Works,Galle,Matara,category-sorted-bijection-v1,provider-map-v1
P130260,P08828,Cushion Works,Cushion Works,Galle,Batticaloa,category-sorted-bijection-v1,provider-map-v1
P130261,P08829,Cushion Works,Cushion Works,Batticaloa,Kalutara,category-sorted-bijection-v1,provider-map-v1
P130262,P08830,Cushion Works,Cushion Works,Galle,Colombo,category-sorted-bijection-v1,provider-map-v1
P130263,P08831,Cushion Works,Cushion Works,Jaffna,Colombo,category-sorted-bijection-v1,provider-map-v1
P130264,P08832,Cushion Works,Cushion Works,Gampaha,Kurunegala,category-sorted-bijection-v1,provider-map-v1
P130265,P08833,Cushion Works,Cushion Works,Gampaha,Anuradhapura,category-sorted-bijection-v1,provider-map-v1
P130266,P08834,Cushion Works,Cushion Works,Matara,Kurunegala,category-sorted-bijection-v1,provider-map-v1
P130267,P08835,Cushion Works,Cushion Works,Kalutara,Matara,category-sorted-bijection-v1,provider-map-v1
P130268,P08836,Cushion Works,Cushion Works,Jaffna,Gampaha,category-sorted-bijection-v1,provider-map-v1
P130269,P08837,Cushion Works,Cushion Works,Colombo,Jaffna,category-sorted-bijection-v1,provider-map-v1
P130270,P08838,Cushion Works,Cushion Works,Kalutara,Kurunegala,category-sorted-bijection-v1,provider-map-v1
P130271,P08839,Cushion Works,Cushion Works,Batticaloa,Kurunegala,category-sorted-bijection-v1,provider-map-v1
P130272,P08840,Cushion Works,Cushion Works,Galle,Batticaloa,category-sorted-bijection-v1,provider-map-v1
P130273,P08841,Cushion Works,Cushion Works,Kandy,Colombo,category-sorted-bijection-v1,provider-map-v1
P130274,P08842,Cushion Works,Cushion Works,Ratnapura,Matara,category-sorted-bijection-v1,provider-map-v1
P130275,P08843,Cushion Works,Cushion Works,Galle,Kandy,category-sorted-bijection-v1,provider-map-v1
P130276,P08844,Cushion Works,Cushion Works,Anuradhapura,Jaffna,category-sorted-bijection-v1,provider-map-v1
P130277,P08845,Cushion Works,Cushion Works,Jaffna,Batticaloa,category-sorted-bijection-v1,provider-map-v1
P130278,P08846,Cushion Works,Cushion Works,Nuwara Eliya,Kandy,category-sorted-bijection-v1,provider-map-v1
P130279,P08847,Cushion Works,Cushion Works,Matale,Matara,category-sorted-bijection-v1,provider-map-v1
P130280,P08848,Cushion Works,Cushion Works,Kurunegala,Colombo,category-sorted-bijection-v1,provider-map-v1
P130281,P08849,Cushion Works,Cushion Works,Kurunegala,Gampaha,category-sorted-bijection-v1,provider-map-v1
P130282,P08850,Cushion Works,Cushion Works,Jaffna,Gampaha,category-sorted-bijection-v1,provider-map-v1
P130283,P08851,Cushion Works,Cushion Works,Galle,Anuradhapura,category-sorted-bijection-v1,provider-map-v1
P130284,P08852,Cushion Works,Cushion Works,Kandy,Galle,category-sorted-bijection-v1,provider-map-v1
P130285,P08853,Cushion Works,Cushion Works,Matara,Galle,category-sorted-bijection-v1,provider-map-v1
P130286,P08854,Cushion Works,Cushion Works,Colombo,Kandy,category-sorted-bijection-v1,provider-map-v1
P130287,P08855,Cushion Works,Cushion Works,Colombo,Batticaloa,category-sorted-bijection-v1,provider-map-v1
P130288,P08856,Cushion Works,Cushion Works,Matara,Gampaha,category-sorted-bijection-v1,provider-map-v1
P130289,P08857,Cushion Works,Cushion Works,Matara,Kurunegala,category-sorted-bijection-v1,provider-map-v1
P130290,P08858,Cushion Works,Cushion Works,Batticaloa,Matara,category-sorted-bijection-v1,provider-map-v1
P130291,P08859,Cushion Works,Cushion Works,Anuradhapura,Kurunegala,category-sorted-bijection-v1,provider-map-v1
P130292,P08860,Cushion Works,Cushion Works,Jaffna,Colombo,category-sorted-bijection-v1,provider-map-v1
P130293,P08861,Cushion Works,Cushion Works,Nuwara Eliya,Colombo,category-sorted-bijection-v1,provider-map-v1
P130294,P08862,Cushion Works,Cushion Works,Kurunegala,Anuradhapura,category-sorted-bijection-v1,provider-map-v1
P130295,P08863,Cushion Works,Cushion Works,Jaffna,Kurunegala,category-sorted-bijection-v1,provider-map-v1
P130296,P08864,Cushion Works,Cushion Works,Batticaloa,Galle,category-sorted-bijection-v1,provider-map-v1
P130297,P08865,Cushion Works,Cushion Works,Galle,Galle,category-sorted-bijection-v1,provider-map-v1
P130298,P08866,Cushion Works,Cushion Works,Anuradhapura,Matara,category-sorted-bijection-v1,provider-map-v1
P130299,P08867,Cushion Works,Cushion Works,Batticaloa,Kurunegala,category-sorted-bijection-v1,provider-map-v1
P130300,P08868,Cushion Works,Cushion Works,Jaffna,Jaffna,category-sorted-bijection-v1,provider-map-v1
P130301,P08869,Cushion Works,Cushion Works,Matara,Kandy,category-sorted-bijection-v1,provider-map-v1
P130302,P08870,Cushion Works,Cushion Works,Nuwara Eliya,Colombo,category-sorted-bijection-v1,provider-map-v1
P130303,P08871,Cushion Works,Cushion Works,Matale,Kandy,category-sorted-bijection-v1,provider-map-v1
P130304,P08872,Cushion Works,Cushion Works,Colombo,Jaffna,category-sorted-bijection-v1,provider-map-v1
P130305,P08873,Cushion Works,Cushion Works,Nuwara Eliya,Kurunegala,category-sorted-bijection-v1,provider-map-v1
P130306,P08874,Cushion Works,Cushion Works,Ratnapura,Colombo,category-sorted-bijection-v1,provider-map-v1
P130307,P08875,Cushion Works,Cushion Works,Anuradhapura,Kalutara,category-sorted-bijection-v1,provider-map-v1
P130308,P08876,Cushion Works,Cushion Works,Kandy,Kurunegala,category-sorted-bijection-v1,provider-map-v1
P130309,P08877,Cushion Works,Cushion Works,Colombo,Kurunegala,category-sorted-bijection-v1,provider-map-v1
P130310,P08878,Cushion Works,Cushion Works,Nuwara Eliya,Kurunegala,category-sorted-bijection-v1,provider-map-v1
P130311,P08879,Cushion Works,Cushion Works,Matale,Anuradhapura,category-sorted-bijection-v1,provider-map-v1
P130312,P08880,Cushion Works,Cushion Works,Batticaloa,Kalutara,category-sorted-bijection-v1,provider-map-v1
P130313,P08881,Cushion Works,Cushion Works,Kurunegala,Batticaloa,category-sorted-bijection-v1,provider-map-v1
P130314,P08882,Cushion Works,Cushion Works,Batticaloa,Matara,category-sorted-bijection-v1,provider-map-v1
P130315,P08883,Cushion Works,Cushion Works,Matale,Colombo,category-sorted-bijection-v1,provider-map-v1
P130316,P08884,Cushion Works,Cushion Works,Kalutara,Kurunegala,category-sorted-bijection-v1,provider-map-v1
P130317,P08885,Cushion Works,Cushion Works,Ratnapura,Galle,category-sorted-bijection-v1,provider-map-v1
P130318,P08886,Cushion Works,Cushion Works,Galle,Kandy,category-sorted-bijection-v1,provider-map-v1
P130319,P08887,Cushion Works,Cushion Works,Batticaloa,Kandy,category-sorted-bijection-v1,provider-map-v1
P130320,P08888,Cushion Works,Cushion Works,Matale,Kalutara,category-sorted-bijection-v1,provider-map-v1
P130321,P08889,Cushion Works,Cushion Works,Matara,Colombo,category-sorted-bijection-v1,provider-map-v1
P130322,P08890,Cushion Works,Cushion Works,Galle,Jaffna,category-sorted-bijection-v1,provider-map-v1
P130323,P08891,Cushion Works,Cushion Works,Kandy,Kurunegala,category-sorted-bijection-v1,provider-map-v1
P130324,P08892,Cushion Works,Cushion Works,Anuradhapura,Anuradhapura,category-sorted-bijection-v1,provider-map-v1
P130325,P08893,Cushion Works,Cushion Works,Gampaha,Jaffna,category-sorted-bijection-v1,provider-map-v1
P130326,P08894,Cushion Works,Cushion Works,Matara,Kalutara,category-sorted-bijection-v1,provider-map-v1
P130327,P08895,Cushion Works,Cushion Works,Kurunegala,Kurunegala,category-sorted-bijection-v1,provider-map-v1
P130328,P08896,Cushion Works,Cushion Works,Jaffna,Galle,category-sorted-bijection-v1,provider-map-v1
P130329,P08897,Cushion Works,Cushion Works,Matale,Kalutara,category-sorted-bijection-v1,provider-map-v1
P130330,P08898,Cushion Works,Cushion Works,Matale,Galle,category-sorted-bijection-v1,provider-map-v1
P130331,P08899,Cushion Works,Cushion Works,Badulla,Batticaloa,category-sorted-bijection-v1,provider-map-v1
P130332,P08900,Cushion Works,Cushion Works,Kurunegala,Matara,category-sorted-bijection-v1,provider-map-v1
P130333,P08901,Cushion Works,Cushion Works,Jaffna,Gampaha,category-sorted-bijection-v1,provider-map-v1
P130334,P08902,Cushion Works,Cushion Works,Matara,Kalutara,category-sorted-bijection-v1,provider-map-v1
P130335,P08903,Cushion Works,Cushion Works,Badulla,Matara,category-sorted-bijection-v1,provider-map-v1
P130336,P08904,Cushion Works,Cushion Works,Nuwara Eliya,Batticaloa,category-sorted-bijection-v1,provider-map-v1
P130337,P08905,Cushion Works,Cushion Works,Jaffna,Jaffna,category-sorted-bijection-v1,provider-map-v1
P130338,P08906,Cushion Works,Cushion Works,Matara,Batticaloa,category-sorted-bijection-v1,provider-map-v1
P130339,P08907,Cushion Works,Cushion Works,Nuwara Eliya,Kalutara,category-sorted-bijection-v1,provider-map-v1
P130340,P08908,Cushion Works,Cushion Works,Nuwara Eliya,Jaffna,category-sorted-bijection-v1,provider-map-v1
P130341,P08909,Cushion Works,Cushion Works,Gampaha,Matara,category-sorted-bijection-v1,provider-map-v1
P130342,P08910,Cushion Works,Cushion Works,Badulla,Matara,category-sorted-bijection-v1,provider-map-v1
P130343,P08911,Cushion Works,Cushion Works,Jaffna,Kandy,category-sorted-bijection-v1,provider-map-v1
P130344,P08912,Cushion Works,Cushion Works,Kandy,Matara,category-sorted-bijection-v1,provider-map-v1
P130345,P08913,Cushion Works,Cushion Works,Badulla,Kandy,category-sorted-bijection-v1,provider-map-v1
P130346,P08914,Cushion Works,Cushion Works,Matale,Galle,category-sorted-bijection-v1,provider-map-v1
P130347,P08915,Cushion Works,Cushion Works,Matale,Batticaloa,category-sorted-bijection-v1,provider-map-v1
P130348,P08916,Cushion Works,Cushion Works,Badulla,Kandy,category-sorted-bijection-v1,provider-map-v1
P130349,P08917,Cushion Works,Cushion Works,Jaffna,Kandy,category-sorted-bijection-v1,provider-map-v1
P130350,P08918,Cushion Works,Cushion Works,Kalutara,Galle,category-sorted-bijection-v1,provider-map-v1
P130351,P08919,Cushion Works,Cushion Works,Ratnapura,Batticaloa,category-sorted-bijection-v1,provider-map-v1
P130352,P08920,Cushion Works,Cushion Works,Nuwara Eliya,Gampaha,category-sorted-bijection-v1,provider-map-v1
P130353,P08921,Cushion Works,Cushion Works,Matale,Colombo,category-sorted-bijection-v1,provider-map-v1
P130354,P08922,Cushion Works,Cushion Works,Kalutara,Anuradhapura,category-sorted-bijection-v1,provider-map-v1
P130355,P08923,Cushion Works,Cushion Works,Matara,Kurunegala,category-sorted-bijection-v1,provider-map-v1
P130356,P08924,Cushion Works,Cushion Works,Matara,Kurunegala,category-sorted-bijection-v1,provider-map-v1
P130357,P08925,Cushion Works,Cushion Works,Matale,Jaffna,category-sorted-bijection-v1,provider-map-v1
P140001,P09283,Ceiling,Ceiling,Nuwara Eliya,Kalutara,category-sorted-bijection-v1,provider-map-v1
P140002,P09284,Ceiling,Ceiling,Galle,Anuradhapura,category-sorted-bijection-v1,provider-map-v1
P140003,P09285,Ceiling,Ceiling,Badulla,Kurunegala,category-sorted-bijection-v1,provider-map-v1
P140004,P09286,Ceiling,Ceiling,Jaffna,Kandy,category-sorted-bijection-v1,provider-map-v1
P140005,P09287,Ceiling,Ceiling,Kandy,Gampaha,category-sorted-bijection-v1,provider-map-v1
P140006,P09288,Ceiling,Ceiling,Jaffna,Colombo,category-sorted-bijection-v1,provider-map-v1
P140007,P09289,Ceiling,Ceiling,Matale,Anuradhapura,category-sorted-bijection-v1,provider-map-v1
P140008,P09290,Ceiling,Ceiling,Nuwara Eliya,Kandy,category-sorted-bijection-v1,provider-map-v1
P140009,P09291,Ceiling,Ceiling,Matale,Anuradhapura,category-sorted-bijection-v1,provider-map-v1
P140010,P09292,Ceiling,Ceiling,Anuradhapura,Colombo,category-sorted-bijection-v1,provider-map-v1
P140011,P09293,Ceiling,Ceiling,Matale,Kurunegala,category-sorted-bijection-v1,provider-map-v1
P140012,P09294,Ceiling,Ceiling,Gampaha,Batticaloa,category-sorted-bijection-v1,provider-map-v1
P140013,P09295,Ceiling,Ceiling,Kalutara,Kalutara,category-sorted-bijection-v1,provider-map-v1
P140014,P09296,Ceiling,Ceiling,Kurunegala,Matara,category-sorted-bijection-v1,provider-map-v1
P140015,P09297,Ceiling,Ceiling,Badulla,Kandy,category-sorted-bijection-v1,provider-map-v1
P140016,P09298,Ceiling,Ceiling,Matara,Jaffna,category-sorted-bijection-v1,provider-map-v1
P140017,P09299,Ceiling,Ceiling,Ratnapura,Galle,category-sorted-bijection-v1,provider-map-v1
P140018,P09300,Ceiling,Ceiling,Matara,Gampaha,category-sorted-bijection-v1,provider-map-v1
P140019,P09301,Ceiling,Ceiling,Galle,Gampaha,category-sorted-bijection-v1,provider-map-v1
P140020,P09302,Ceiling,Ceiling,Kalutara,Kandy,category-sorted-bijection-v1,provider-map-v1
P140021,P09303,Ceiling,Ceiling,Anuradhapura,Kurunegala,category-sorted-bijection-v1,provider-map-v1
P140022,P09304,Ceiling,Ceiling,Galle,Gampaha,category-sorted-bijection-v1,provider-map-v1
P140023,P09305,Ceiling,Ceiling,Ratnapura,Anuradhapura,category-sorted-bijection-v1,provider-map-v1
P140024,P09306,Ceiling,Ceiling,Ratnapura,Matara,category-sorted-bijection-v1,provider-map-v1
P140025,P09307,Ceiling,Ceiling,Badulla,Kurunegala,category-sorted-bijection-v1,provider-map-v1
P140026,P09308,Ceiling,Ceiling,Anuradhapura,Anuradhapura,category-sorted-bijection-v1,provider-map-v1
P140027,P09309,Ceiling,Ceiling,Badulla,Gampaha,category-sorted-bijection-v1,provider-map-v1
P140028,P09310,Ceiling,Ceiling,Kalutara,Kurunegala,category-sorted-bijection-v1,provider-map-v1
P140029,P09311,Ceiling,Ceiling,Nuwara Eliya,Kurunegala,category-sorted-bijection-v1,provider-map-v1
P140030,P09312,Ceiling,Ceiling,Ratnapura,Gampaha,category-sorted-bijection-v1,provider-map-v1
P140031,P09313,Ceiling,Ceiling,Badulla,Batticaloa,category-sorted-bijection-v1,provider-map-v1
P140032,P09314,Ceiling,Ceiling,Matara,Batticaloa,category-sorted-bijection-v1,provider-map-v1
P140033,P09315,Ceiling,Ceiling,Badulla,Gampaha,category-sorted-bijection-v1,provider-map-v1
P140034,P09316,Ceiling,Ceiling,Badulla,Kurunegala,category-sorted-bijection-v1,provider-map-v1
P140035,P09317,Ceiling,Ceiling,Kurunegala,Kalutara,category-sorted-bijection-v1,provider-map-v1
P140036,P09318,Ceiling,Ceiling,Kandy,Gampaha,category-sorted-bijection-v1,provider-map-v1
P140037,P09319,Ceiling,Ceiling,Kandy,Anuradhapura,category-sorted-bijection-v1,provider-map-v1
P140038,P09320,Ceiling,Ceiling,Ratnapura,Colombo,category-sorted-bijection-v1,provider-map-v1
P140039,P09321,Ceiling,Ceiling,Matale,Batticaloa,category-sorted-bijection-v1,provider-map-v1
P140040,P09322,Ceiling,Ceiling,Kalutara,Jaffna,category-sorted-bijection-v1,provider-map-v1
P140041,P09323,Ceiling,Ceiling,Jaffna,Colombo,category-sorted-bijection-v1,provider-map-v1
P140042,P09324,Ceiling,Ceiling,Matara,Kalutara,category-sorted-bijection-v1,provider-map-v1
P140043,P09325,Ceiling,Ceiling,Galle,Galle,category-sorted-bijection-v1,provider-map-v1
P140044,P09326,Ceiling,Ceiling,Nuwara Eliya,Kandy,category-sorted-bijection-v1,provider-map-v1
P140045,P09327,Ceiling,Ceiling,Nuwara Eliya,Gampaha,category-sorted-bijection-v1,provider-map-v1
P140046,P09328,Ceiling,Ceiling,Badulla,Jaffna,category-sorted-bijection-v1,provider-map-v1
P140047,P09329,Ceiling,Ceiling,Kurunegala,Kalutara,category-sorted-bijection-v1,provider-map-v1
P140048,P09330,Ceiling,Ceiling,Anuradhapura,Kurunegala,category-sorted-bijection-v1,provider-map-v1
P140049,P09331,Ceiling,Ceiling,Kalutara,Batticaloa,category-sorted-bijection-v1,provider-map-v1
P140050,P09332,Ceiling,Ceiling,Ratnapura,Galle,category-sorted-bijection-v1,provider-map-v1
P140051,P09333,Ceiling,Ceiling,Anuradhapura,Anuradhapura,category-sorted-bijection-v1,provider-map-v1
P140052,P09334,Ceiling,Ceiling,Badulla,Kalutara,category-sorted-bijection-v1,provider-map-v1
P140053,P09335,Ceiling,Ceiling,Colombo,Batticaloa,category-sorted-bijection-v1,provider-map-v1
P140054,P09336,Ceiling,Ceiling,Gampaha,Jaffna,category-sorted-bijection-v1,provider-map-v1
P140055,P09337,Ceiling,Ceiling,Colombo,Colombo,category-sorted-bijection-v1,provider-map-v1
P140056,P09338,Ceiling,Ceiling,Kandy,Jaffna,category-sorted-bijection-v1,provider-map-v1
P140057,P09339,Ceiling,Ceiling,Badulla,Colombo,category-sorted-bijection-v1,provider-map-v1
P140058,P09340,Ceiling,Ceiling,Kalutara,Gampaha,category-sorted-bijection-v1,provider-map-v1
P140059,P09341,Ceiling,Ceiling,Nuwara Eliya,Gampaha,category-sorted-bijection-v1,provider-map-v1
P140060,P09342,Ceiling,Ceiling,Ratnapura,Anuradhapura,category-sorted-bijection-v1,provider-map-v1
P140061,P09343,Ceiling,Ceiling,Kandy,Gampaha,category-sorted-bijection-v1,provider-map-v1
P140062,P09344,Ceiling,Ceiling,Ratnapura,Matara,category-sorted-bijection-v1,provider-map-v1
P140063,P09345,Ceiling,Ceiling,Badulla,Jaffna,category-sorted-bijection-v1,provider-map-v1
P140064,P09346,Ceiling,Ceiling,Ratnapura,Matara,category-sorted-bijection-v1,provider-map-v1
P140065,P09347,Ceiling,Ceiling,Kalutara,Kandy,category-sorted-bijection-v1,provider-map-v1
P140066,P09348,Ceiling,Ceiling,Colombo,Kurunegala,category-sorted-bijection-v1,provider-map-v1
P140067,P09349,Ceiling,Ceiling,Ratnapura,Kurunegala,category-sorted-bijection-v1,provider-map-v1
P140068,P09350,Ceiling,Ceiling,Matara,Colombo,category-sorted-bijection-v1,provider-map-v1
P140069,P09351,Ceiling,Ceiling,Anuradhapura,Gampaha,category-sorted-bijection-v1,provider-map-v1
P140070,P09352,Ceiling,Ceiling,Colombo,Galle,category-sorted-bijection-v1,provider-map-v1
P140071,P09353,Ceiling,Ceiling,Matale,Galle,category-sorted-bijection-v1,provider-map-v1
P140072,P09354,Ceiling,Ceiling,Kurunegala,Kandy,category-sorted-bijection-v1,provider-map-v1
P140073,P09355,Ceiling,Ceiling,Kalutara,Matara,category-sorted-bijection-v1,provider-map-v1
P140074,P09356,Ceiling,Ceiling,Nuwara Eliya,Kurunegala,category-sorted-bijection-v1,provider-map-v1
P140075,P09357,Ceiling,Ceiling,Kurunegala,Kalutara,category-sorted-bijection-v1,provider-map-v1
P140076,P09358,Ceiling,Ceiling,Kandy,Batticaloa,category-sorted-bijection-v1,provider-map-v1
P140077,P09359,Ceiling,Ceiling,Gampaha,Kalutara,category-sorted-bijection-v1,provider-map-v1
P140078,P09360,Ceiling,Ceiling,Batticaloa,Gampaha,category-sorted-bijection-v1,provider-map-v1
P140079,P09361,Ceiling,Ceiling,Ratnapura,Matara,category-sorted-bijection-v1,provider-map-v1
P140080,P09362,Ceiling,Ceiling,Matale,Kalutara,category-sorted-bijection-v1,provider-map-v1
P140081,P09363,Ceiling,Ceiling,Badulla,Matara,category-sorted-bijection-v1,provider-map-v1
P140082,P09364,Ceiling,Ceiling,Ratnapura,Galle,category-sorted-bijection-v1,provider-map-v1
P140083,P09365,Ceiling,Ceiling,Colombo,Kurunegala,category-sorted-bijection-v1,provider-map-v1
P140084,P09366,Ceiling,Ceiling,Matara,Kalutara,category-sorted-bijection-v1,provider-map-v1
P140085,P09367,Ceiling,Ceiling,Kalutara,Matara,category-sorted-bijection-v1,provider-map-v1
P140086,P09368,Ceiling,Ceiling,Badulla,Kurunegala,category-sorted-bijection-v1,provider-map-v1
P140087,P09369,Ceiling,Ceiling,Colombo,Jaffna,category-sorted-bijection-v1,provider-map-v1
P140088,P09370,Ceiling,Ceiling,Kalutara,Gampaha,category-sorted-bijection-v1,provider-map-v1
P140089,P09371,Ceiling,Ceiling,Badulla,Batticaloa,category-sorted-bijection-v1,provider-map-v1
P140090,P09372,Ceiling,Ceiling,Jaffna,Kandy,category-sorted-bijection-v1,provider-map-v1
P140091,P09373,Ceiling,Ceiling,Batticaloa,Batticaloa,category-sorted-bijection-v1,provider-map-v1
P140092,P09374,Ceiling,Ceiling,Batticaloa,Colombo,category-sorted-bijection-v1,provider-map-v1
P140093,P09375,Ceiling,Ceiling,Batticaloa,Matara,category-sorted-bijection-v1,provider-map-v1
P140094,P09376,Ceiling,Ceiling,Gampaha,Gampaha,category-sorted-bijection-v1,provider-map-v1
P140095,P09377,Ceiling,Ceiling,Badulla,Kalutara,category-sorted-bijection-v1,provider-map-v1
P140096,P09378,Ceiling,Ceiling,Colombo,Kurunegala,category-sorted-bijection-v1,provider-map-v1
P140097,P09379,Ceiling,Ceiling,Gampaha,Matara,category-sorted-bijection-v1,provider-map-v1
P140098,P09380,Ceiling,Ceiling,Matara,Jaffna,category-sorted-bijection-v1,provider-map-v1
P140099,P09381,Ceiling,Ceiling,Galle,Batticaloa,category-sorted-bijection-v1,provider-map-v1
P140100,P09382,Ceiling,Ceiling,Galle,Kalutara,category-sorted-bijection-v1,provider-map-v1
P140101,P09383,Ceiling,Ceiling,Anuradhapura,Batticaloa,category-sorted-bijection-v1,provider-map-v1
P140102,P09384,Ceiling,Ceiling,Ratnapura,Batticaloa,category-sorted-bijection-v1,provider-map-v1
P140103,P09385,Ceiling,Ceiling,Jaffna,Colombo,category-sorted-bijection-v1,provider-map-v1
P140104,P09386,Ceiling,Ceiling,Colombo,Galle,category-sorted-bijection-v1,provider-map-v1
P140105,P09387,Ceiling,Ceiling,Nuwara Eliya,Kurunegala,category-sorted-bijection-v1,provider-map-v1
P140106,P09388,Ceiling,Ceiling,Matale,Batticaloa,category-sorted-bijection-v1,provider-map-v1
P140107,P09389,Ceiling,Ceiling,Kalutara,Jaffna,category-sorted-bijection-v1,provider-map-v1
P140108,P09390,Ceiling,Ceiling,Batticaloa,Anuradhapura,category-sorted-bijection-v1,provider-map-v1
P140109,P09391,Ceiling,Ceiling,Matale,Kandy,category-sorted-bijection-v1,provider-map-v1
P140110,P09392,Ceiling,Ceiling,Kurunegala,Batticaloa,category-sorted-bijection-v1,provider-map-v1
P140111,P09393,Ceiling,Ceiling,Ratnapura,Jaffna,category-sorted-bijection-v1,provider-map-v1
P140112,P09394,Ceiling,Ceiling,Matara,Kalutara,category-sorted-bijection-v1,provider-map-v1
P140113,P09395,Ceiling,Ceiling,Matara,Galle,category-sorted-bijection-v1,provider-map-v1
P140114,P09396,Ceiling,Ceiling,Kurunegala,Jaffna,category-sorted-bijection-v1,provider-map-v1
P140115,P09397,Ceiling,Ceiling,Badulla,Kalutara,category-sorted-bijection-v1,provider-map-v1
P140116,P09398,Ceiling,Ceiling,Ratnapura,Batticaloa,category-sorted-bijection-v1,provider-map-v1
P140117,P09399,Ceiling,Ceiling,Kandy,Galle,category-sorted-bijection-v1,provider-map-v1
P140118,P09400,Ceiling,Ceiling,Badulla,Kurunegala,category-sorted-bijection-v1,provider-map-v1
P140119,P09401,Ceiling,Ceiling,Matale,Kalutara,category-sorted-bijection-v1,provider-map-v1
P140120,P09402,Ceiling,Ceiling,Colombo,Kurunegala,category-sorted-bijection-v1,provider-map-v1
P140121,P09403,Ceiling,Ceiling,Matale,Batticaloa,category-sorted-bijection-v1,provider-map-v1
P140122,P09404,Ceiling,Ceiling,Kandy,Anuradhapura,category-sorted-bijection-v1,provider-map-v1
P140123,P09405,Ceiling,Ceiling,Galle,Jaffna,category-sorted-bijection-v1,provider-map-v1
P140124,P09406,Ceiling,Ceiling,Ratnapura,Kandy,category-sorted-bijection-v1,provider-map-v1
P140125,P09407,Ceiling,Ceiling,Badulla,Kurunegala,category-sorted-bijection-v1,provider-map-v1
P140126,P09408,Ceiling,Ceiling,Kandy,Galle,category-sorted-bijection-v1,provider-map-v1
P140127,P09409,Ceiling,Ceiling,Ratnapura,Kalutara,category-sorted-bijection-v1,provider-map-v1
P140128,P09410,Ceiling,Ceiling,Matale,Colombo,category-sorted-bijection-v1,provider-map-v1
P140129,P09411,Ceiling,Ceiling,Anuradhapura,Kandy,category-sorted-bijection-v1,provider-map-v1
P140130,P09412,Ceiling,Ceiling,Kurunegala,Colombo,category-sorted-bijection-v1,provider-map-v1
P140131,P09413,Ceiling,Ceiling,Nuwara Eliya,Kalutara,category-sorted-bijection-v1,provider-map-v1
P140132,P09414,Ceiling,Ceiling,Colombo,Batticaloa,category-sorted-bijection-v1,provider-map-v1
P140133,P09415,Ceiling,Ceiling,Ratnapura,Batticaloa,category-sorted-bijection-v1,provider-map-v1
P140134,P09416,Ceiling,Ceiling,Batticaloa,Kalutara,category-sorted-bijection-v1,provider-map-v1
P140135,P09417,Ceiling,Ceiling,Jaffna,Gampaha,category-sorted-bijection-v1,provider-map-v1
P140136,P09418,Ceiling,Ceiling,Ratnapura,Kandy,category-sorted-bijection-v1,provider-map-v1
P140137,P09419,Ceiling,Ceiling,Kalutara,Matara,category-sorted-bijection-v1,provider-map-v1
P140138,P09420,Ceiling,Ceiling,Matara,Jaffna,category-sorted-bijection-v1,provider-map-v1
P140139,P09421,Ceiling,Ceiling,Badulla,Anuradhapura,category-sorted-bijection-v1,provider-map-v1
P140140,P09422,Ceiling,Ceiling,Kurunegala,Jaffna,category-sorted-bijection-v1,provider-map-v1
P140141,P09423,Ceiling,Ceiling,Ratnapura,Matara,category-sorted-bijection-v1,provider-map-v1
P140142,P09424,Ceiling,Ceiling,Matale,Jaffna,category-sorted-bijection-v1,provider-map-v1
P140143,P09425,Ceiling,Ceiling,Matale,Kandy,category-sorted-bijection-v1,provider-map-v1
P140144,P09426,Ceiling,Ceiling,Galle,Jaffna,category-sorted-bijection-v1,provider-map-v1
P140145,P09427,Ceiling,Ceiling,Kurunegala,Anuradhapura,category-sorted-bijection-v1,provider-map-v1
P140146,P09428,Ceiling,Ceiling,Jaffna,Kalutara,category-sorted-bijection-v1,provider-map-v1
P140147,P09429,Ceiling,Ceiling,Matara,Matara,category-sorted-bijection-v1,provider-map-v1
P140148,P09430,Ceiling,Ceiling,Jaffna,Colombo,category-sorted-bijection-v1,provider-map-v1
P140149,P09431,Ceiling,Ceiling,Kurunegala,Gampaha,category-sorted-bijection-v1,provider-map-v1
P140150,P09432,Ceiling,Ceiling,Kandy,Batticaloa,category-sorted-bijection-v1,provider-map-v1
P140151,P09433,Ceiling,Ceiling,Kurunegala,Colombo,category-sorted-bijection-v1,provider-map-v1
P140152,P09434,Ceiling,Ceiling,Kandy,Matara,category-sorted-bijection-v1,provider-map-v1
P140153,P09435,Ceiling,Ceiling,Ratnapura,Kalutara,category-sorted-bijection-v1,provider-map-v1
P140154,P09436,Ceiling,Ceiling,Jaffna,Kurunegala,category-sorted-bijection-v1,provider-map-v1
P140155,P09437,Ceiling,Ceiling,Jaffna,Kalutara,category-sorted-bijection-v1,provider-map-v1
P140156,P09438,Ceiling,Ceiling,Jaffna,Colombo,category-sorted-bijection-v1,provider-map-v1
P140157,P09439,Ceiling,Ceiling,Kalutara,Matara,category-sorted-bijection-v1,provider-map-v1
P140158,P09440,Ceiling,Ceiling,Gampaha,Anuradhapura,category-sorted-bijection-v1,provider-map-v1
P140159,P09441,Ceiling,Ceiling,Kalutara,Gampaha,category-sorted-bijection-v1,provider-map-v1
P140160,P09442,Ceiling,Ceiling,Kalutara,Kandy,category-sorted-bijection-v1,provider-map-v1
P140161,P09443,Ceiling,Ceiling,Colombo,Matara,category-sorted-bijection-v1,provider-map-v1
P140162,P09444,Ceiling,Ceiling,Nuwara Eliya,Gampaha,category-sorted-bijection-v1,provider-map-v1
P140163,P09445,Ceiling,Ceiling,Gampaha,Anuradhapura,category-sorted-bijection-v1,provider-map-v1
P140164,P09446,Ceiling,Ceiling,Batticaloa,Kandy,category-sorted-bijection-v1,provider-map-v1
P140165,P09447,Ceiling,Ceiling,Matale,Kurunegala,category-sorted-bijection-v1,provider-map-v1
P140166,P09448,Ceiling,Ceiling,Galle,Gampaha,category-sorted-bijection-v1,provider-map-v1
P140167,P09449,Ceiling,Ceiling,Matara,Jaffna,category-sorted-bijection-v1,provider-map-v1
P140168,P09450,Ceiling,Ceiling,Matara,Colombo,category-sorted-bijection-v1,provider-map-v1
P140169,P09451,Ceiling,Ceiling,Kalutara,Kalutara,category-sorted-bijection-v1,provider-map-v1
P140170,P09452,Ceiling,Ceiling,Kandy,Galle,category-sorted-bijection-v1,provider-map-v1
P140171,P09453,Ceiling,Ceiling,Nuwara Eliya,Batticaloa,category-sorted-bijection-v1,provider-map-v1
P140172,P09454,Ceiling,Ceiling,Gampaha,Kandy,category-sorted-bijection-v1,provider-map-v1
P140173,P09455,Ceiling,Ceiling,Kurunegala,Kurunegala,category-sorted-bijection-v1,provider-map-v1
P140174,P09456,Ceiling,Ceiling,Galle,Matara,category-sorted-bijection-v1,provider-map-v1
P140175,P09457,Ceiling,Ceiling,Nuwara Eliya,Kandy,category-sorted-bijection-v1,provider-map-v1
P140176,P09458,Ceiling,Ceiling,Matale,Kandy,category-sorted-bijection-v1,provider-map-v1
P140177,P09459,Ceiling,Ceiling,Kurunegala,Matara,category-sorted-bijection-v1,provider-map-v1
P140178,P09460,Ceiling,Ceiling,Kandy,Jaffna,category-sorted-bijection-v1,provider-map-v1
P140179,P09461,Ceiling,Ceiling,Nuwara Eliya,Kalutara,category-sorted-bijection-v1,provider-map-v1
P140180,P09462,Ceiling,Ceiling,Colombo,Anuradhapura,category-sorted-bijection-v1,provider-map-v1
P140181,P09463,Ceiling,Ceiling,Jaffna,Batticaloa,category-sorted-bijection-v1,provider-map-v1
P140182,P09464,Ceiling,Ceiling,Colombo,Kurunegala,category-sorted-bijection-v1,provider-map-v1
P140183,P09465,Ceiling,Ceiling,Jaffna,Kandy,category-sorted-bijection-v1,provider-map-v1
P140184,P09466,Ceiling,Ceiling,Nuwara Eliya,Kurunegala,category-sorted-bijection-v1,provider-map-v1
P140185,P09467,Ceiling,Ceiling,Ratnapura,Anuradhapura,category-sorted-bijection-v1,provider-map-v1
P140186,P09468,Ceiling,Ceiling,Ratnapura,Anuradhapura,category-sorted-bijection-v1,provider-map-v1
P140187,P09469,Ceiling,Ceiling,Galle,Matara,category-sorted-bijection-v1,provider-map-v1
P140188,P09470,Ceiling,Ceiling,Galle,Kurunegala,category-sorted-bijection-v1,provider-map-v1
P140189,P09471,Ceiling,Ceiling,Colombo,Jaffna,category-sorted-bijection-v1,provider-map-v1
P140190,P09472,Ceiling,Ceiling,Nuwara Eliya,Anuradhapura,category-sorted-bijection-v1,provider-map-v1
P140191,P09473,Ceiling,Ceiling,Ratnapura,Galle,category-sorted-bijection-v1,provider-map-v1
P140192,P09474,Ceiling,Ceiling,Galle,Matara,category-sorted-bijection-v1,provider-map-v1
P140193,P09475,Ceiling,Ceiling,Nuwara Eliya,Colombo,category-sorted-bijection-v1,provider-map-v1
P140194,P09476,Ceiling,Ceiling,Kalutara,Matara,category-sorted-bijection-v1,provider-map-v1
P140195,P09477,Ceiling,Ceiling,Batticaloa,Kurunegala,category-sorted-bijection-v1,provider-map-v1
P140196,P09478,Ceiling,Ceiling,Kurunegala,Batticaloa,category-sorted-bijection-v1,provider-map-v1
P140197,P09479,Ceiling,Ceiling,Matale,Batticaloa,category-sorted-bijection-v1,provider-map-v1
P140198,P09480,Ceiling,Ceiling,Anuradhapura,Kalutara,category-sorted-bijection-v1,provider-map-v1
P140199,P09481,Ceiling,Ceiling,Gampaha,Colombo,category-sorted-bijection-v1,provider-map-v1
P140200,P09482,Ceiling,Ceiling,Anuradhapura,Batticaloa,category-sorted-bijection-v1,provider-map-v1
P140201,P09483,Ceiling,Ceiling,Matale,Matara,category-sorted-bijection-v1,provider-map-v1
P140202,P09484,Ceiling,Ceiling,Gampaha,Gampaha,category-sorted-bijection-v1,provider-map-v1
P140203,P09485,Ceiling,Ceiling,Colombo,Matara,category-sorted-bijection-v1,provider-map-v1
P140204,P09486,Ceiling,Ceiling,Kandy,Kandy,category-sorted-bijection-v1,provider-map-v1
P140205,P09487,Ceiling,Ceiling,Anuradhapura,Anuradhapura,category-sorted-bijection-v1,provider-map-v1
P140206,P09488,Ceiling,Ceiling,Nuwara Eliya,Kalutara,category-sorted-bijection-v1,provider-map-v1
P140207,P09489,Ceiling,Ceiling,Jaffna,Kalutara,category-sorted-bijection-v1,provider-map-v1
P140208,P09490,Ceiling,Ceiling,Jaffna,Anuradhapura,category-sorted-bijection-v1,provider-map-v1
P140209,P09491,Ceiling,Ceiling,Kandy,Kandy,category-sorted-bijection-v1,provider-map-v1
P140210,P09492,Ceiling,Ceiling,Colombo,Kurunegala,category-sorted-bijection-v1,provider-map-v1
P140211,P09493,Ceiling,Ceiling,Kalutara,Anuradhapura,category-sorted-bijection-v1,provider-map-v1
P140212,P09494,Ceiling,Ceiling,Batticaloa,Anuradhapura,category-sorted-bijection-v1,provider-map-v1
P140213,P09495,Ceiling,Ceiling,Galle,Colombo,category-sorted-bijection-v1,provider-map-v1
P140214,P09496,Ceiling,Ceiling,Kurunegala,Kurunegala,category-sorted-bijection-v1,provider-map-v1
P140215,P09497,Ceiling,Ceiling,Matara,Gampaha,category-sorted-bijection-v1,provider-map-v1
P140216,P09498,Ceiling,Ceiling,Kurunegala,Kalutara,category-sorted-bijection-v1,provider-map-v1
P140217,P09499,Ceiling,Ceiling,Gampaha,Anuradhapura,category-sorted-bijection-v1,provider-map-v1
P140218,P09500,Ceiling,Ceiling,Galle,Jaffna,category-sorted-bijection-v1,provider-map-v1
P140219,P09501,Ceiling,Ceiling,Batticaloa,Anuradhapura,category-sorted-bijection-v1,provider-map-v1
P140220,P09502,Ceiling,Ceiling,Jaffna,Kandy,category-sorted-bijection-v1,provider-map-v1
P140221,P09503,Ceiling,Ceiling,Matara,Batticaloa,category-sorted-bijection-v1,provider-map-v1
P140222,P09504,Ceiling,Ceiling,Batticaloa,Kalutara,category-sorted-bijection-v1,provider-map-v1
P140223,P09505,Ceiling,Ceiling,Gampaha,Batticaloa,category-sorted-bijection-v1,provider-map-v1
P140224,P09506,Ceiling,Ceiling,Colombo,Anuradhapura,category-sorted-bijection-v1,provider-map-v1
P140225,P09507,Ceiling,Ceiling,Matara,Kalutara,category-sorted-bijection-v1,provider-map-v1
P140226,P09508,Ceiling,Ceiling,Badulla,Batticaloa,category-sorted-bijection-v1,provider-map-v1
P140227,P09509,Ceiling,Ceiling,Kandy,Jaffna,category-sorted-bijection-v1,provider-map-v1
P140228,P09510,Ceiling,Ceiling,Anuradhapura,Jaffna,category-sorted-bijection-v1,provider-map-v1
P140229,P09511,Ceiling,Ceiling,Kalutara,Jaffna,category-sorted-bijection-v1,provider-map-v1
P140230,P09512,Ceiling,Ceiling,Kandy,Matara,category-sorted-bijection-v1,provider-map-v1
P140231,P09513,Ceiling,Ceiling,Kalutara,Jaffna,category-sorted-bijection-v1,provider-map-v1
P140232,P09514,Ceiling,Ceiling,Nuwara Eliya,Kalutara,category-sorted-bijection-v1,provider-map-v1
P140233,P09515,Ceiling,Ceiling,Nuwara Eliya,Jaffna,category-sorted-bijection-v1,provider-map-v1
P140234,P09516,Ceiling,Ceiling,Colombo,Kandy,category-sorted-bijection-v1,provider-map-v1
P140235,P09517,Ceiling,Ceiling,Matara,Anuradhapura,category-sorted-bijection-v1,provider-map-v1
P140236,P09518,Ceiling,Ceiling,Kalutara,Kandy,category-sorted-bijection-v1,provider-map-v1
P140237,P09519,Ceiling,Ceiling,Matara,Kalutara,category-sorted-bijection-v1,provider-map-v1
P140238,P09520,Ceiling,Ceiling,Batticaloa,Matara,category-sorted-bijection-v1,provider-map-v1
P140239,P09521,Ceiling,Ceiling,Gampaha,Kandy,category-sorted-bijection-v1,provider-map-v1
P140240,P09522,Ceiling,Ceiling,Ratnapura,Anuradhapura,category-sorted-bijection-v1,provider-map-v1
P140241,P09523,Ceiling,Ceiling,Badulla,Galle,category-sorted-bijection-v1,provider-map-v1
P140242,P09524,Ceiling,Ceiling,Jaffna,Kurunegala,category-sorted-bijection-v1,provider-map-v1
P140243,P09525,Ceiling,Ceiling,Jaffna,Gampaha,category-sorted-bijection-v1,provider-map-v1
P140244,P09526,Ceiling,Ceiling,Kalutara,Gampaha,category-sorted-bijection-v1,provider-map-v1
P140245,P09527,Ceiling,Ceiling,Batticaloa,Colombo,category-sorted-bijection-v1,provider-map-v1
P140246,P09528,Ceiling,Ceiling,Badulla,Matara,category-sorted-bijection-v1,provider-map-v1
P140247,P09529,Ceiling,Ceiling,Galle,Gampaha,category-sorted-bijection-v1,provider-map-v1
P140248,P09530,Ceiling,Ceiling,Galle,Colombo,category-sorted-bijection-v1,provider-map-v1
P140249,P09531,Ceiling,Ceiling,Kandy,Anuradhapura,category-sorted-bijection-v1,provider-map-v1
P140250,P09532,Ceiling,Ceiling,Ratnapura,Anuradhapura,category-sorted-bijection-v1,provider-map-v1
P140251,P09533,Ceiling,Ceiling,Kandy,Kandy,category-sorted-bijection-v1,provider-map-v1
P140252,P09534,Ceiling,Ceiling,Nuwara Eliya,Kandy,category-sorted-bijection-v1,provider-map-v1
P140253,P09535,Ceiling,Ceiling,Badulla,Colombo,category-sorted-bijection-v1,provider-map-v1
P140254,P09536,Ceiling,Ceiling,Kalutara,Anuradhapura,category-sorted-bijection-v1,provider-map-v1
P140255,P09537,Ceiling,Ceiling,Badulla,Anuradhapura,category-sorted-bijection-v1,provider-map-v1
P140256,P09538,Ceiling,Ceiling,Kurunegala,Kurunegala,category-sorted-bijection-v1,provider-map-v1
P140257,P09539,Ceiling,Ceiling,Nuwara Eliya,Colombo,category-sorted-bijection-v1,provider-map-v1
P140258,P09540,Ceiling,Ceiling,Nuwara Eliya,Anuradhapura,category-sorted-bijection-v1,provider-map-v1
P140259,P09541,Ceiling,Ceiling,Kurunegala,Galle,category-sorted-bijection-v1,provider-map-v1
P140260,P09542,Ceiling,Ceiling,Matara,Gampaha,category-sorted-bijection-v1,provider-map-v1
P140261,P09543,Ceiling,Ceiling,Nuwara Eliya,Matara,category-sorted-bijection-v1,provider-map-v1
P140262,P09544,Ceiling,Ceiling,Matale,Jaffna,category-sorted-bijection-v1,provider-map-v1
P140263,P09545,Ceiling,Ceiling,Kalutara,Kandy,category-sorted-bijection-v1,provider-map-v1
P140264,P09546,Ceiling,Ceiling,Kurunegala,Colombo,category-sorted-bijection-v1,provider-map-v1
P140265,P09547,Ceiling,Ceiling,Colombo,Gampaha,category-sorted-bijection-v1,provider-map-v1
P140266,P09548,Ceiling,Ceiling,Kurunegala,Jaffna,category-sorted-bijection-v1,provider-map-v1
P140267,P09549,Ceiling,Ceiling,Anuradhapura,Gampaha,category-sorted-bijection-v1,provider-map-v1
P140268,P09550,Ceiling,Ceiling,Colombo,Matara,category-sorted-bijection-v1,provider-map-v1
P140269,P09551,Ceiling,Ceiling,Matara,Anuradhapura,category-sorted-bijection-v1,provider-map-v1
P140270,P09552,Ceiling,Ceiling,Badulla,Kalutara,category-sorted-bijection-v1,provider-map-v1
P140271,P09553,Ceiling,Ceiling,Ratnapura,Jaffna,category-sorted-bijection-v1,provider-map-v1
P140272,P09554,Ceiling,Ceiling,Matara,Jaffna,category-sorted-bijection-v1,provider-map-v1
P140273,P09555,Ceiling,Ceiling,Anuradhapura,Anuradhapura,category-sorted-bijection-v1,provider-map-v1
P140274,P09556,Ceiling,Ceiling,Nuwara Eliya,Kandy,category-sorted-bijection-v1,provider-map-v1
P140275,P09557,Ceiling,Ceiling,Anuradhapura,Kalutara,category-sorted-bijection-v1,provider-map-v1
P140276,P09558,Ceiling,Ceiling,Kandy,Kurunegala,category-sorted-bijection-v1,provider-map-v1
P140277,P09559,Ceiling,Ceiling,Matara,Kalutara,category-sorted-bijection-v1,provider-map-v1
P140278,P09560,Ceiling,Ceiling,Gampaha,Matara,category-sorted-bijection-v1,provider-map-v1
P140279,P09561,Ceiling,Ceiling,Colombo,Kalutara,category-sorted-bijection-v1,provider-map-v1
P140280,P09562,Ceiling,Ceiling,Batticaloa,Anuradhapura,category-sorted-bijection-v1,provider-map-v1
P140281,P09563,Ceiling,Ceiling,Kurunegala,Jaffna,category-sorted-bijection-v1,provider-map-v1
P140282,P09564,Ceiling,Ceiling,Batticaloa,Kalutara,category-sorted-bijection-v1,provider-map-v1
P140283,P09565,Ceiling,Ceiling,Galle,Kandy,category-sorted-bijection-v1,provider-map-v1
P140284,P09566,Ceiling,Ceiling,Nuwara Eliya,Kandy,category-sorted-bijection-v1,provider-map-v1
P140285,P09567,Ceiling,Ceiling,Kandy,Matara,category-sorted-bijection-v1,provider-map-v1
P140286,P09568,Ceiling,Ceiling,Kalutara,Kurunegala,category-sorted-bijection-v1,provider-map-v1
P140287,P09569,Ceiling,Ceiling,Kandy,Jaffna,category-sorted-bijection-v1,provider-map-v1
P140288,P09570,Ceiling,Ceiling,Nuwara Eliya,Anuradhapura,category-sorted-bijection-v1,provider-map-v1
P140289,P09571,Ceiling,Ceiling,Colombo,Galle,category-sorted-bijection-v1,provider-map-v1
P140290,P09572,Ceiling,Ceiling,Kandy,Colombo,category-sorted-bijection-v1,provider-map-v1
P140291,P09573,Ceiling,Ceiling,Matara,Colombo,category-sorted-bijection-v1,provider-map-v1
P140292,P09574,Ceiling,Ceiling,Gampaha,Jaffna,category-sorted-bijection-v1,provider-map-v1
P140293,P09575,Ceiling,Ceiling,Kalutara,Kalutara,category-sorted-bijection-v1,provider-map-v1
P140294,P09576,Ceiling,Ceiling,Anuradhapura,Kurunegala,category-sorted-bijection-v1,provider-map-v1
P140295,P09577,Ceiling,Ceiling,Gampaha,Jaffna,category-sorted-bijection-v1,provider-map-v1
P140296,P09578,Ceiling,Ceiling,Colombo,Galle,category-sorted-bijection-v1,provider-map-v1
P140297,P09579,Ceiling,Ceiling,Badulla,Anuradhapura,category-sorted-bijection-v1,provider-map-v1
P140298,P09580,Ceiling,Ceiling,Ratnapura,Colombo,category-sorted-bijection-v1,provider-map-v1
P140299,P09581,Ceiling,Ceiling,Gampaha,Matara,category-sorted-bijection-v1,provider-map-v1
P140300,P09582,Ceiling,Ceiling,Ratnapura,Gampaha,category-sorted-bijection-v1,provider-map-v1
P140301,P09583,Ceiling,Ceiling,Kurunegala,Kurunegala,category-sorted-bijection-v1,provider-map-v1
P140302,P09584,Ceiling,Ceiling,Badulla,Jaffna,category-sorted-bijection-v1,provider-map-v1
P140303,P09585,Ceiling,Ceiling,Badulla,Kandy,category-sorted-bijection-v1,provider-map-v1
P140304,P09586,Ceiling,Ceiling,Colombo,Kalutara,category-sorted-bijection-v1,provider-map-v1
P140305,P09587,Ceiling,Ceiling,Anuradhapura,Anuradhapura,category-sorted-bijection-v1,provider-map-v1
P140306,P09588,Ceiling,Ceiling,Matale,Anuradhapura,category-sorted-bijection-v1,provider-map-v1
P140307,P09589,Ceiling,Ceiling,Anuradhapura,Anuradhapura,category-sorted-bijection-v1,provider-map-v1
P140308,P09590,Ceiling,Ceiling,Nuwara Eliya,Anuradhapura,category-sorted-bijection-v1,provider-map-v1
P140309,P09591,Ceiling,Ceiling,Nuwara Eliya,Kandy,category-sorted-bijection-v1,provider-map-v1
P140310,P09592,Ceiling,Ceiling,Nuwara Eliya,Gampaha,category-sorted-bijection-v1,provider-map-v1
P140311,P09593,Ceiling,Ceiling,Batticaloa,Gampaha,category-sorted-bijection-v1,provider-map-v1
P140312,P09594,Ceiling,Ceiling,Matale,Batticaloa,category-sorted-bijection-v1,provider-map-v1
P140313,P09595,Ceiling,Ceiling,Gampaha,Batticaloa,category-sorted-bijection-v1,provider-map-v1
P140314,P09596,Ceiling,Ceiling,Matara,Kalutara,category-sorted-bijection-v1,provider-map-v1
P140315,P09597,Ceiling,Ceiling,Kurunegala,Jaffna,category-sorted-bijection-v1,provider-map-v1
P140316,P09598,Ceiling,Ceiling,Batticaloa,Galle,category-sorted-bijection-v1,provider-map-v1
P140317,P09599,Ceiling,Ceiling,Matara,Kandy,category-sorted-bijection-v1,provider-map-v1
P140318,P09600,Ceiling,Ceiling,Batticaloa,Matara,category-sorted-bijection-v1,provider-map-v1
P140319,P09601,Ceiling,Ceiling,Kandy,Kandy,category-sorted-bijection-v1,provider-map-v1
P140320,P09602,Ceiling,Ceiling,Jaffna,Galle,category-sorted-bijection-v1,provider-map-v1
P140321,P09603,Ceiling,Ceiling,Matale,Galle,category-sorted-bijection-v1,provider-map-v1
P140322,P09604,Ceiling,Ceiling,Galle,Matara,category-sorted-bijection-v1,provider-map-v1
P140323,P09605,Ceiling,Ceiling,Gampaha,Batticaloa,category-sorted-bijection-v1,provider-map-v1
P140324,P09606,Ceiling,Ceiling,Kalutara,Galle,category-sorted-bijection-v1,provider-map-v1
P140325,P09607,Ceiling,Ceiling,Batticaloa,Colombo,category-sorted-bijection-v1,provider-map-v1
P140326,P09608,Ceiling,Ceiling,Badulla,Batticaloa,category-sorted-bijection-v1,provider-map-v1
P140327,P09609,Ceiling,Ceiling,Kandy,Anuradhapura,category-sorted-bijection-v1,provider-map-v1
P140328,P09610,Ceiling,Ceiling,Ratnapura,Jaffna,category-sorted-bijection-v1,provider-map-v1
P140329,P09611,Ceiling,Ceiling,Ratnapura,Galle,category-sorted-bijection-v1,provider-map-v1
P140330,P09612,Ceiling,Ceiling,Ratnapura,Kandy,category-sorted-bijection-v1,provider-map-v1
P140331,P09613,Ceiling,Ceiling,Nuwara Eliya,Kurunegala,category-sorted-bijection-v1,provider-map-v1
P140332,P09614,Ceiling,Ceiling,Nuwara Eliya,Anuradhapura,category-sorted-bijection-v1,provider-map-v1
P140333,P09615,Ceiling,Ceiling,Anuradhapura,Galle,category-sorted-bijection-v1,provider-map-v1
P140334,P09616,Ceiling,Ceiling,Matara,Jaffna,category-sorted-bijection-v1,provider-map-v1
P140335,P09617,Ceiling,Ceiling,Kandy,Anuradhapura,category-sorted-bijection-v1,provider-map-v1
P140336,P09618,Ceiling,Ceiling,Matara,Kalutara,category-sorted-bijection-v1,provider-map-v1
P140337,P09619,Ceiling,Ceiling,Galle,Batticaloa,category-sorted-bijection-v1,provider-map-v1
P140338,P09620,Ceiling,Ceiling,Badulla,Colombo,category-sorted-bijection-v1,provider-map-v1
P140339,P09621,Ceiling,Ceiling,Galle,Kurunegala,category-sorted-bijection-v1,provider-map-v1
P140340,P09622,Ceiling,Ceiling,Matale,Batticaloa,category-sorted-bijection-v1,provider-map-v1
P140341,P09623,Ceiling,Ceiling,Colombo,Kalutara,category-sorted-bijection-v1,provider-map-v1
P140342,P09624,Ceiling,Ceiling,Colombo,Colombo,category-sorted-bijection-v1,provider-map-v1
P140343,P09625,Ceiling,Ceiling,Badulla,Kandy,category-sorted-bijection-v1,provider-map-v1
P140344,P09626,Ceiling,Ceiling,Matale,Kandy,category-sorted-bijection-v1,provider-map-v1
P140345,P09627,Ceiling,Ceiling,Colombo,Kandy,category-sorted-bijection-v1,provider-map-v1
P140346,P09628,Ceiling,Ceiling,Kalutara,Galle,category-sorted-bijection-v1,provider-map-v1
P140347,P09629,Ceiling,Ceiling,Kalutara,Gampaha,category-sorted-bijection-v1,provider-map-v1
P140348,P09630,Ceiling,Ceiling,Kurunegala,Gampaha,category-sorted-bijection-v1,provider-map-v1
P140349,P09631,Ceiling,Ceiling,Kurunegala,Galle,category-sorted-bijection-v1,provider-map-v1
P140350,P09632,Ceiling,Ceiling,Kandy,Jaffna,category-sorted-bijection-v1,provider-map-v1
P140351,P09633,Ceiling,Ceiling,Batticaloa,Anuradhapura,category-sorted-bijection-v1,provider-map-v1
P140352,P09634,Ceiling,Ceiling,Gampaha,Galle,category-sorted-bijection-v1,provider-map-v1
P140353,P09635,Ceiling,Ceiling,Colombo,Galle,category-sorted-bijection-v1,provider-map-v1
P140354,P09636,Ceiling,Ceiling,Nuwara Eliya,Gampaha,category-sorted-bijection-v1,provider-map-v1
P140355,P09637,Ceiling,Ceiling,Gampaha,Matara,category-sorted-bijection-v1,provider-map-v1
P140356,P09638,Ceiling,Ceiling,Batticaloa,Matara,category-sorted-bijection-v1,provider-map-v1
P140357,P09639,Ceiling,Ceiling,Colombo,Kandy,category-sorted-bijection-v1,provider-map-v1
